2026-06-28 20:40:15,561  INFO  ======================================================================
2026-06-28 20:40:15,561  INFO  Field-wise multi-task BraTS matrix -> report training (v4, anti cross-patient collapse)
2026-06-28 20:40:15,561  INFO  ======================================================================
2026-06-28 20:40:15,561  INFO    csv             : atlas_segmentations/ground_truth/all_cases.csv
2026-06-28 20:40:15,561  INFO    text_dir        : ../TextBraTSData
2026-06-28 20:40:15,561  INFO    output_root     : checkpoints_multi_v4
2026-06-28 20:40:15,561  INFO    model           : all
2026-06-28 20:40:15,561  INFO    epochs          : 300
2026-06-28 20:40:15,561  INFO    patience        : 12
2026-06-28 20:40:15,561  INFO    batch_size      : 2
2026-06-28 20:40:15,561  INFO    grad_accum      : 4
2026-06-28 20:40:15,561  INFO    lr              : 3e-05
2026-06-28 20:40:15,561  INFO    lr_large        : 1e-05
2026-06-28 20:40:15,561  INFO    label_smoothing : 0.1
2026-06-28 20:40:15,561  INFO    min_fields      : 2
2026-06-28 20:40:15,561  INFO    lora_r          : 32
2026-06-28 20:40:15,561  INFO    lora_widen      : True
2026-06-28 20:40:15,561  INFO    lobe_rollup     : True
2026-06-28 20:40:15,561  INFO    select_metric   : content
2026-06-28 20:40:15,561  INFO    content_check_n : 24
2026-06-28 20:40:15,561  INFO    aug_preset      : tuned
2026-06-28 20:40:15,561  INFO    shuffle_mode    : banded
2026-06-28 20:40:15,561  INFO    p_swap          : 0.15
2026-06-28 20:40:15,561  INFO    p_shuffle       : 0.5
2026-06-28 20:40:15,561  INFO    skip_done       : True
2026-06-28 20:40:15,561  INFO  ======================================================================
2026-06-28 20:40:15,561  INFO  Loading CSV: atlas_segmentations/ground_truth/all_cases.csv
2026-06-28 20:40:15,590  INFO    38035 rows | 368 cases in CSV | rich_cols=yes
2026-06-28 20:40:17,741  INFO  
======================================================================
2026-06-28 20:40:17,741  INFO  DATA DIAGNOSTICS (read these before trusting any training run)
2026-06-28 20:40:17,741  INFO  ======================================================================
2026-06-28 20:40:17,741  INFO    Cases with no GT report file        : 0
2026-06-28 20:40:17,741  INFO    Cases with a GT report              : 368
2026-06-28 20:40:17,741  INFO    Parsed-field histogram (0..4 fields):
2026-06-28 20:40:17,741  INFO        0 field(s):    0  ( 0.0%)
2026-06-28 20:40:17,741  INFO        1 field(s):    0  ( 0.0%)
2026-06-28 20:40:17,741  INFO        2 field(s):    0  ( 0.0%)
2026-06-28 20:40:17,741  INFO        3 field(s):    2  ( 0.5%)
2026-06-28 20:40:17,741  INFO        4 field(s):  366  (99.5%)
2026-06-28 20:40:17,741  INFO    Cases KEPT (>= 2 fields)            : 368
2026-06-28 20:40:17,741  INFO    Cases parsing ALL 4 fields cleanly  : 366 (99.5%)
2026-06-28 20:40:17,741  INFO    Hemisphere agreement (prompt vs GT) : 170/360 = 47.2%
2026-06-28 20:40:17,741  WARNING    >>> Prompt vs GT hemisphere disagree a lot. Keep hemisphere-swap OFF.
2026-06-28 20:40:17,741  INFO    GT field distinct ratio (target)    : 1.00  (1.0 = all 4 GT fields differ)
2026-06-28 20:40:17,741  INFO  
  --- GT DIVERSITY (the ceiling your model can reach) ---
2026-06-28 20:40:17,741  INFO    Cross-patient GT lesion distinctness: 368/368 = 1.00 unique
2026-06-28 20:40:17,741  INFO    GT hemisphere distribution:
2026-06-28 20:40:17,741  INFO          LEFT       :  177 (48.1%)
2026-06-28 20:40:17,741  INFO          RIGHT      :  163 (44.3%)
2026-06-28 20:40:17,741  INFO          BILATERAL  :   20 (5.4%)
2026-06-28 20:40:17,741  INFO          UNK        :    8 (2.2%)
2026-06-28 20:40:17,741  INFO    GT lesion lobe-set distribution (top 8):
2026-06-28 20:40:17,741  INFO          frontal+parietal            :  128 (34.8%)
2026-06-28 20:40:17,741  INFO          frontal+parietal+temporal   :   42 (11.4%)
2026-06-28 20:40:17,741  INFO          frontal+temporal            :   37 (10.1%)
2026-06-28 20:40:17,741  INFO          parietal                    :   29 (7.9%)
2026-06-28 20:40:17,741  INFO          occipital+parietal          :   28 (7.6%)
2026-06-28 20:40:17,741  INFO          frontal                     :   28 (7.6%)
2026-06-28 20:40:17,741  INFO          parietal+temporal           :   23 (6.2%)
2026-06-28 20:40:17,741  INFO          (none)                      :   12 (3.3%)
2026-06-28 20:40:17,741  INFO  
2026-06-28 20:40:17,745  INFO    ATLAS region -> lobe coverage (change #2):
2026-06-28 20:40:17,745  INFO        matched 315/375 = 84.0% of distinct region names
2026-06-28 20:40:17,745  INFO          frontal     : 67
2026-06-28 20:40:17,745  INFO          parietal    : 45
2026-06-28 20:40:17,745  INFO          temporal    : 63
2026-06-28 20:40:17,745  INFO          occipital   : 20
2026-06-28 20:40:17,745  INFO          insula      : 32
2026-06-28 20:40:17,745  INFO          cerebellum  : 8
2026-06-28 20:40:17,745  INFO          subcortical : 78
2026-06-28 20:40:17,745  INFO          limbic      : 2
2026-06-28 20:40:17,745  INFO          other       : 60
2026-06-28 20:40:17,745  WARNING    >>> UNMATCHED region names (extend _ATLAS_LOBE_PATTERNS). showing 25/60:
2026-06-28 20:40:17,745  WARNING          Area 2 (PostCS) right
2026-06-28 20:40:17,745  WARNING          Area 25 (sACC) left
2026-06-28 20:40:17,745  WARNING          Area 25 (sACC) right
2026-06-28 20:40:17,745  WARNING          Area 6d3 (SFS) left
2026-06-28 20:40:17,745  WARNING          Area 6d3 (SFS) right
2026-06-28 20:40:17,745  WARNING          Area CoS1 (CoS) left
2026-06-28 20:40:17,745  WARNING          Area CoS1 (CoS) right
2026-06-28 20:40:17,745  WARNING          Area IFJ1 (IFS, PreCS) left
2026-06-28 20:40:17,745  WARNING          Area IFJ1 (IFS, PreCS) right
2026-06-28 20:40:17,745  WARNING          Area IFJ2 (IFS, PreCS) left
2026-06-28 20:40:17,745  WARNING          Area IFJ2 (IFS, PreCS) right
2026-06-28 20:40:17,745  WARNING          Area IFS1 (IFS) right
2026-06-28 20:40:17,745  WARNING          Area IFS2 (IFS) right
2026-06-28 20:40:17,745  WARNING          Area IFS3 (IFS) right
2026-06-28 20:40:17,745  WARNING          Area IFS4 (IFS) right
2026-06-28 20:40:17,745  WARNING          Area OTS1 (OTS) left
2026-06-28 20:40:17,745  WARNING          Area OTS1 (OTS) right
2026-06-28 20:40:17,745  WARNING          Area Op1 (POperc) left
2026-06-28 20:40:17,745  WARNING          Area Op1 (POperc) right
2026-06-28 20:40:17,745  WARNING          Area Op2 (POperc) left
2026-06-28 20:40:17,745  WARNING          Area Op2 (POperc) right
2026-06-28 20:40:17,745  WARNING          Area Op3 (POperc) left
2026-06-28 20:40:17,745  WARNING          Area Op3 (POperc) right
2026-06-28 20:40:17,745  WARNING          Area Op4 (POperc) left
2026-06-28 20:40:17,745  WARNING          Area Op4 (POperc) right
2026-06-28 20:40:17,745  INFO  ======================================================================

2026-06-28 20:40:17,745  INFO  
>>> Run 1/6  (elapsed: 0.0 min)
2026-06-28 20:40:17,745  INFO  
######################################################################
2026-06-28 20:40:17,745  INFO  # Training model: scifive-base  (razent/SciFive-base-PMC)
2026-06-28 20:40:17,745  INFO  #   augment=False  aug_preset=tuned  p_swap=0.15  p_shuffle=0.5  shuffle_mode=banded
2026-06-28 20:40:17,745  INFO  #   LoRA r=32  targets=['q', 'v', 'o', 'wi', 'wi_0', 'wi_1', 'wo']  (widen=True)
2026-06-28 20:40:17,745  INFO  #   lobe_rollup=True  select_metric=content
2026-06-28 20:40:17,745  INFO  #   max_input=640  max_target=160
2026-06-28 20:40:17,745  INFO  ######################################################################
2026-06-28 20:40:17,746  INFO  Cases  -> train 294 | val 74
2026-06-28 20:40:17,746  INFO  Examples (x4 fields) -> train 1176 | val 296
2026-06-28 20:40:17,936  INFO  HTTP Request: HEAD https://huggingface.co/razent/SciFive-base-PMC/resolve/main/config.json "HTTP/1.1 307 Temporary Redirect"
2026-06-28 20:40:17,937  WARNING  Warning: You are sending unauthenticated requests to the HF Hub. Please set a HF_TOKEN to enable higher rate limits and faster downloads.
2026-06-28 20:40:18,033  INFO  HTTP Request: HEAD https://huggingface.co/api/resolve-cache/models/razent/SciFive-base-PMC/dcf890fee47c99c71935ba94bc204a1114315b54/config.json "HTTP/1.1 200 OK"
2026-06-28 20:40:18,119  INFO  HTTP Request: HEAD https://huggingface.co/razent/SciFive-base-PMC/resolve/main/tokenizer_config.json "HTTP/1.1 404 Not Found"
2026-06-28 20:40:18,198  INFO  HTTP Request: HEAD https://huggingface.co/razent/SciFive-base-PMC/resolve/main/tokenizer_config.json "HTTP/1.1 404 Not Found"
2026-06-28 20:40:18,290  INFO  HTTP Request: GET https://huggingface.co/api/models/razent/SciFive-base-PMC/tree/main/additional_chat_templates?recursive=false&expand=false "HTTP/1.1 404 Not Found"
2026-06-28 20:40:18,391  INFO  HTTP Request: GET https://huggingface.co/api/models/razent/SciFive-base-PMC/tree/main?recursive=true&expand=false "HTTP/1.1 200 OK"
2026-06-28 20:40:18,472  INFO  HTTP Request: HEAD https://huggingface.co/razent/SciFive-base-PMC/resolve/main/spiece.model "HTTP/1.1 302 Found"
2026-06-28 20:40:18,624  INFO  HTTP Request: HEAD https://huggingface.co/razent/SciFive-base-PMC/resolve/main/config.json "HTTP/1.1 307 Temporary Redirect"
2026-06-28 20:40:18,689  INFO  HTTP Request: HEAD https://huggingface.co/api/resolve-cache/models/razent/SciFive-base-PMC/dcf890fee47c99c71935ba94bc204a1114315b54/config.json "HTTP/1.1 200 OK"
2026-06-28 20:40:18,790  INFO  HTTP Request: HEAD https://huggingface.co/razent/SciFive-base-PMC/resolve/main/config.json "HTTP/1.1 307 Temporary Redirect"
2026-06-28 20:40:18,829  INFO  HTTP Request: HEAD https://huggingface.co/api/resolve-cache/models/razent/SciFive-base-PMC/dcf890fee47c99c71935ba94bc204a1114315b54/config.json "HTTP/1.1 200 OK"
2026-06-28 20:40:19,117  INFO  HTTP Request: HEAD https://huggingface.co/razent/SciFive-base-PMC/resolve/main/generation_config.json "HTTP/1.1 404 Not Found"
2026-06-28 20:40:19,197  INFO  HTTP Request: HEAD https://huggingface.co/razent/SciFive-base-PMC/resolve/main/config.json "HTTP/1.1 307 Temporary Redirect"
2026-06-28 20:40:19,231  INFO  HTTP Request: HEAD https://huggingface.co/api/resolve-cache/models/razent/SciFive-base-PMC/dcf890fee47c99c71935ba94bc204a1114315b54/config.json "HTTP/1.1 200 OK"
2026-06-28 20:40:20,931  INFO  Using LR: 3e-05  |  label_smoothing: 0.1
2026-06-28 20:41:11,173  INFO  [scifive-base] E  1  train=4.1127 (ppl 61.11)  val=4.0859 (ppl 59.50)  gn=1.105
2026-06-28 20:41:36,799  INFO    Content score (lesion): lobe_jacc=0.474  hemi=0.083  -> 0.278
2026-06-28 20:41:36,801  INFO  
============================================================  PREVIEW
2026-06-28 20:41:41,068  INFO  
  Case : BraTS20_Training_342
2026-06-28 20:41:41,068  INFO    PRED :
Lesion area: Please clarify this question in the Discussion section. , WT=0, region%=15 *- Temporal-II (GapMap) right [parietal]: ET=2, TC=1, WT =26, region0%=16 *- Parietal-I (Parietal Operculum) left [frontal]: WT7, regions%=44 *- PGa (Insula) right hemisphere: other 26%, parietal 7%, temporal 3% - WM/unassigned (other): other 8%, temporo-medial 4%, PGm (IPL)
Edema: Please clarify the question. What is the EDEMA? Please answer this question. - - - - - - - - - - (STS) right [parietal]: WT=7, region%=16 *- IPL (IPL) left [insula]: ET=2, TC=4, WT =0, region%)=18 *- STS2 (preCG) right[frontal]: other 26%, parietal 7%, temporal 3% - Area PGa (Insula) right (insula): other 8%, parotid 7%
Necrosis: Describe the NECROSIS (location and signal). If there is none, answer 'not observed'. If there are no atlas, answer in ONE concise line. Please use the Atlas matrix below to describe the location and signal. If not observed, please use the matrix below. For one patient: BraTS20_Training_342 Dominant hemisphere: RIGHT Lobe involvement: other 26%, parietal 7%, temporal 3%, frontal-II (GapMap) right [parietal]: WT=0, region%=16 *- Area PGa (IPL) left [frontal]: ET=2, TC=1, WT
Ventricular compression: Describe any VENTRICULAR COMPRESSION (which ventricles, what WT=0, region%=0 *). If yes, answer 'not observed'. If no, please use the atlas matrix below. For example, if there are no ventriculae, do not know which ventricle(s) have been observed. Please use the matrix below to describe any COMPRERESSIONS: - IPL (GapMap) right [parietal]: ET=2, TC=1, WT =0, regions%=16 *- Area PGa (IPL) right (pariettal): WT0, WT>0, Region%=
2026-06-28 20:41:41,069  INFO    REF  :
Lesion area: the frontal, parietal, and occipital regions of the right hemisphere with mixed signals of varying intensities and spot-like high signal areas
Edema: mainly in the right hemisphere, where the lesions are present, particularly in the surrounding tissues near the lesions, and is extensive, covering the frontal lobe, parietal lobe, and part of the occipital lobe
Necrosis: located in the right hemisphere, especially at the center of the lesion, showing mixed, uneven signals and mostly concentrated
Ventricular compression: observed with the right lateral ventricle compressed and reduced in size
2026-06-28 20:41:45,337  INFO  
  Case : BraTS20_Training_004
2026-06-28 20:41:45,338  INFO    PRED :
Lesion area: 4%, 5%, 2%, 3%, 1%, 6%, subcortical 4%. % of tumor LESION: - WM/unassigned hemisphere: BILATERAL Lobe involvement: other 57%, occipital 13%, temporal 8%, parietal 4% (PhG) left [other]: ET=0, TC=1, WT=1, region%=1 *- Area hPO1 (POS) right [parietal]: TL=2, TC0, WT =0, regions%=2 *- hOc6 (POS). left [frontal]: Other 12%
Edema: Please clarify the following question: Where is the EDEMA located? - - - - - hPO1 (GapMap) left [other]: ET=0, TC=30, WT=13, region%=2 *- Subc (Hippocampus, Subicular complex) right [occipital]: T=1, TC2, WT =0, region0%=4 *- - Area hOc6 (POS) left (other): - Parietal 13%, temporal 5%, insula 0%, WM/unassigned 8%, other 4%, POS 0% -
Necrosis: Describe the NECROSIS (location and signal). If there is none, answer 'not observed'. If there are no atlas matrix, please use the matrix below. If not observed, use only the atlases matrix. Otherwise, answer in ONE concise line. Please use the Atlas matrix for one patient: Patient: BraTS20_Training_004 Dominant hemisphere: BILATERAL Lobe involvement: WM/unassigned [other]: ET=0, TC=1, WT=1, region%=1 *- Area hPO1 (POS) left [other]. - - Subc (Hippocampus, Subicular complex) Left [temporal
Ventricular compression: Describe any VENTRICULAR COMPRESSION. If none, answer 'not observed'. If yes, answer in ONE concise line. Please use the atlas matrix for one patient: Patient: BraTS20_Training_004 Dominant hemisphere: BILATERAL Lobe involvement: WM/unassigned [other]: ET=0, TC=1, WT=1, region%=1 *- Area hPO1 (PhG) left [temporal]: WT =0, region0%=2 *- Subc (Hippocampus, Subicular complex) right [occipital]: other 5%, temporal 4%,
2026-06-28 20:41:45,338  INFO    REF  :
Lesion area: the left temporal lobe area with a mixed characteristic of uneven high and low signals
Edema: a clear high-signal
edema area observed surrounding the left temporal lobe region, indicating a certain degree of swelling in the tissues around the lesion
Necrosis: in the central region of the high-signal lesion, areas with very low signals are observed, suggesting possible
necrosis
Ventricular compression: not observed
2026-06-28 20:41:45,338  INFO  ============================================================
2026-06-28 20:41:45,506  INFO  HTTP Request: HEAD https://huggingface.co/razent/SciFive-base-PMC/resolve/main/config.json "HTTP/1.1 307 Temporary Redirect"
2026-06-28 20:41:45,542  INFO  HTTP Request: HEAD https://huggingface.co/api/resolve-cache/models/razent/SciFive-base-PMC/dcf890fee47c99c71935ba94bc204a1114315b54/config.json "HTTP/1.1 200 OK"
2026-06-28 20:41:45,624  INFO  HTTP Request: HEAD https://huggingface.co/razent/SciFive-base-PMC/resolve/main/config.json "HTTP/1.1 307 Temporary Redirect"
2026-06-28 20:41:45,661  INFO  HTTP Request: HEAD https://huggingface.co/api/resolve-cache/models/razent/SciFive-base-PMC/dcf890fee47c99c71935ba94bc204a1114315b54/config.json "HTTP/1.1 200 OK"
2026-06-28 20:41:45,693  INFO    ✓ New best (content=0.278) → checkpoints_multi_v4/scifive-base
2026-06-28 20:42:35,929  INFO  [scifive-base] E  2  train=4.0940 (ppl 59.98)  val=4.0253 (ppl 56.00)  gn=1.067
2026-06-28 20:43:01,503  INFO    Content score (lesion): lobe_jacc=0.408  hemi=0.208  -> 0.308
2026-06-28 20:43:01,505  INFO  
============================================================  PREVIEW
2026-06-28 20:43:05,771  INFO  
  Case : BraTS20_Training_006
2026-06-28 20:43:05,771  INFO    PRED :
Lesion area: 1%, 3%, 2%, 0%, 5%, 4%, 6%, 7%, 8%, 9%, 1% 0% - - WT=7, region%=1 *- Frontal-to-Occipital (GapMap) left [limbic]: ET=6, TC=17, WT =5, region%15 *- WM/unassigned [other]: WT+0, TC1, WT0, regions%=2 *- Area 33 (ACC) left[limbic]. - Other 12%, limbic 3% - PreSMA 3%. Left hemisphere: -
Edema: - - Is the EDEMA located in the hemisphere? - - - - - - - Left [frontal]: ET=1, TC=17, WT=6, region%=1 *- Right [fronto]: WT =0, CC=0, region0%=15 *- Left (GapMap) left [limbic]: - SFG right [subcortical]: - -siform gyrus left [subthalamic]: leftsimotorsi [other]:%=16 *- Area 33 (ACC) right [
Necrosis: Describe the NECROSIS (location and signal). If there is none, answer 'not observed'. If there are no atlas matrix, answer in ONE concise line. Please use the Atlas matrix for one patient: Patient: BraTS20_Training_006 Dominant hemisphere: p32 (pACC) left [limbic]: ET=1, TC=2, WT=0, region%=1 *- Area 33 (ACC) right [limbical]: - WM/unassigned left [frontal]: other 0%, parietal 1%, insula 0% - Area 6ma (SMA, preSMA) bilateral [
Ventricular compression: Describe any VENTRICULAR COMPRESSION. If none, answer 'not observed'. If yes, answer in ONE concise line. If no, please use the atlas matrix below. If there are no ventricles, what deformation, which deformation? If not observed, use the matrix below to describe any COMPRESESION. For example, if a ventriculum is present, do not know if it is present. If not, please provide a detailed description of the atlases. - WM/unassigned (GapMap) left [other]: - Area 33 (ACC) right [limbic]: ET=1, TC=0, WT
2026-06-28 20:43:05,771  INFO    REF  :
Lesion area: the left frontal and parietal lobes with a mixed signal characterized by spotty high-signal areas on the Flair modality
Edema: significant with high signals, suggesting marked swelling in the left frontal and parietal lobes, indicating a fairly extensive range of
edema
Necrosis: observed with low signals in the central parts of the lesions, showing a high degree of heterogeneity, distributed mainly in the left frontal and parietal lobe lesions
Ventricular compression: observed with noticeable reduction and deformation of the left ventricle and relative enlargement of the right ventricle
2026-06-28 20:43:10,032  INFO  
  Case : BraTS20_Training_230
2026-06-28 20:43:10,032  INFO    PRED :
Lesion area: 2%, 2%. 3%, 5%, 4%. 2% - 1%, 8%, 6%. %=1 *- Patient: BraTS20_Training_230 Dominant hemisphere: BILATERAL Lobe involvement: other 66%, parietal 7%, limbic 4%, 12%, 9%, 1% dorsolateral 5% Left hemispheric involvement: WM/unassigned (GapMap) left [frontal]: WT=0, region%=2 *- Area 6ma (SMA, mesial SFG) right [parietal]: ET=1, TC=
Edema: Please clarify this point in the Discussion section. EDEMA is located in the left hemisphere of the patient. - - - - - - [frontal]: ET=1, TC=0, WT=2 [parietal]: - Area 6ma (SMA, mesial SFG) left [fronto]: WT =0, region%=1 *- Area 4a (PreCG) right [limbic]: Other 5%, parietal 2%, limbic 2% - WM/unassigned [other]: other 8%, frontal 4%, temporal
Necrosis: Describe the NECROSIS (location and signal). If there is none, answer 'not observed'. If there are no atlas, use the matrix below. If not observed, use only the atlases matrix. Otherwise, use 'observed' to describe the location and signal. If it is not observed in a patient, do not know the location or signal. For example, if there is no WT=1, region%=1 *- Area 6ma (SMA, mesial SFG) left [parietal]: ET=0, TC=2, WT =0, region0%=2 *- WM/unassigned [other]: - - Area
Ventricular compression: Describe any VENTRICULAR COMPRESSION. If none, answer 'not observed'. If yes, say 'yes' to the question. If no, say no. Please use the atlas matrix for one patient: Patient: BraTS20_Training_230 Dominant hemisphere: BILATERAL Lobe involvement: other 66%, parietal 5%, limbic 2%, parotid 4%, paranasal 2% - Area: - - Region: % of that tumor compartment: other 8%, subcortical 3%, parvocellular 1% - Subcortex: Other 6%, frontal 25%, par
2026-06-28 20:43:10,032  INFO    REF  :
Lesion area: the left hemisphere, particularly in the parietal lobe region, with a mixture of heterogeneous high and low signals with spotted high-signal areas
Edema: in the parietal lobe region, prominent with significant
edema signals appearing as high signals, suggesting a considerable degree of swelling in the surrounding tissues, with a broad range of
edema
Necrosis: within the lesion area, showing low signals indicating possible necrotic regions with mixed signals and are relatively evenly distributed
Ventricular compression: clear compression of the left ventricle, suggesting a strong compressive effect on the brain tissue and ventricles
2026-06-28 20:43:10,032  INFO  ============================================================
2026-06-28 20:43:10,197  INFO  HTTP Request: HEAD https://huggingface.co/razent/SciFive-base-PMC/resolve/main/config.json "HTTP/1.1 307 Temporary Redirect"
2026-06-28 20:43:10,234  INFO  HTTP Request: HEAD https://huggingface.co/api/resolve-cache/models/razent/SciFive-base-PMC/dcf890fee47c99c71935ba94bc204a1114315b54/config.json "HTTP/1.1 200 OK"
2026-06-28 20:43:10,318  INFO  HTTP Request: HEAD https://huggingface.co/razent/SciFive-base-PMC/resolve/main/config.json "HTTP/1.1 307 Temporary Redirect"
2026-06-28 20:43:10,358  INFO  HTTP Request: HEAD https://huggingface.co/api/resolve-cache/models/razent/SciFive-base-PMC/dcf890fee47c99c71935ba94bc204a1114315b54/config.json "HTTP/1.1 200 OK"
2026-06-28 20:43:10,405  INFO    ✓ New best (content=0.308) → checkpoints_multi_v4/scifive-base
2026-06-28 20:44:00,733  INFO  [scifive-base] E  3  train=3.9753 (ppl 53.27)  val=3.8754 (ppl 48.20)  gn=1.230
2026-06-28 20:44:26,427  INFO    Content score (lesion): lobe_jacc=0.385  hemi=0.125  -> 0.255
2026-06-28 20:44:26,429  INFO  
============================================================  PREVIEW
2026-06-28 20:44:30,737  INFO  
  Case : BraTS20_Training_127
2026-06-28 20:44:30,737  INFO    PRED :
Lesion area: The authors declare that they have no competing interests. Question: What is the LESION of the tumor in which hemisphere(s) is it located? Answer: In which lobe(s), hOc1 (V1, 17, CalcS) left [temporal]: ET=7, TC=24, WT=5, region%=0 *- Area FG1 (FusG) left[temporal], WM/unassigned (GapMap) right [occipital]: - Subc (Hippocampus, Subicular complex) left (temporal): LEFT Lobe involvement: other 56%, frontal 16%, parietal 0%,
Edema: - - - - What is the EDEMA? Is it located in the occipital hemisphere? - - TC=Tumor Core/necrosis WT=Tumor Core/tumor core ET=Enhancing Tumor ET=, region%=0 *- Area Ph2 (PhG) left [temporal]: ET=5, WT =2, region%50 *- - Subc (Hippocampus, Subicular complex) Left [frontal]: WM/unassigned (GapMap): - ET=8 (other),=
Necrosis: hOc1 (V1, 17, CalcS) left [occipital]: ET=4, WT=0, region%=0 *- Area FG1 (FusG) left[temporal]: WT =2, WT0, regions%=10 *- hPh2 (PhG) right [temporal], TC=24, WT+5, WT>0, area%=50 *- Subc (Hippocampus, Subicular complex) left (temporal): WM/unassigned (GapMap): LEFT Temporal involvement: other 56%, parietal 0%, frontal 0% - Area Ph2 (
Ventricular compression: Describe any VENTRICULAR COMPRESSION (which ventricles, which deformations): 'not observed'. If yes, answer in ONE concise line. Please use the atlas matrix for one patient: Patient: BraTS20_Training_127 Dominant hemisphere: LEFT Lobe involvement: other 56%, occipital 16%, parietal 0%, frontal 14%, temporal 13%, occipito-parietal 8%, hippocampus, Subiculum) left [temporal]: ET=7, TC=4, WT=0, region%=0 *- Area FG1 (Fus
2026-06-28 20:44:30,737  INFO    REF  :
Lesion area: the left frontal lobe and part of the temporal lobe, exhibiting a higher signal; some regions display mixed signals with distinct speckled high-signal areas, suggesting the possible presence of multiple lesions
Edema: significant in the left frontal and temporal lobe areas, appearing as diffusely high signals
Necrosis: potentially indicated by some low-signal areas in the left parietal lobe, which demonstrate uneven signals, with some regions mixed with other signals
Ventricular compression: slight, with the left lateral ventricle showing some degree of deformation
2026-06-28 20:44:35,047  INFO  
  Case : BraTS20_Training_326
2026-06-28 20:44:35,047  INFO    PRED :
Lesion area: Please clarify this question in the Discussion section. Temporal-to-Parietal (GapMap) left [frontal]: ET=21, TC=16, region%=1 *- Temporal hemisphere: BILATERAL Lobe involvement: other 45%, parietal 8%, temporal 0%, temporo-parietal 7%, paricalcito-occipital (GAPMap) right [frontals]: - WM/unassigned [other]: Other 39%, pariccipital 6%, temponasal 0% - Area 7M (SPL) left[frontal].
Edema: Please clarify this point in the discussion section. - - - - - - - Temporal-to-Parietal (GapMap) right [parietal]: ET=21, TC=16, region%=1 *- Frontal left [occipital]: T=2, TC2, region% =3 *- Parietal left [frontal]:T=0, CC=1, regions%=2 *- - hOc1 (V1, 17, CalcS) left [other]: - Left [ocean]: other 39%, parietal 0%, temporal 0% -
Necrosis: Describe the NECROSIS (location and signal). If there is none, answer 'not observed'. If there are no atlases, please use the atlas matrix to describe the location and signal. If it is not observed, please provide a brief description of the location/signal. Otherwise, if there is a TC=0, region%=2 *- Area hOc1 (V1, 17, CalcS) left [occipital]: ET=9, TC2, region% =3 *- WM/unassigned [other]: TC+0, t=0 - Area 7M (SPL) right [parietal]: not observed
Ventricular compression: Describe any VENTRICULAR COMPRESSION. If none, answer 'not observed'. If no, say 'other'
2026-06-28 20:44:35,047  INFO    REF  :
Lesion area: the left side of the brain, specifically involving the frontal and parietal lobes, with a mixture of heterogeneous signal intensities and patchy high signal areas
Edema: significant, mainly observed in the tissue surrounding the lesions, particularly around the larger high signal lesion areas, extending significantly to the peripheral regions of the frontal and parietal lobes
Necrosis: within the high signal lesions, with areas of low signal that may represent necrotic tissue, interspersed within the high signal lesion areas, presenting with irregular contours, and some located deep within the frontal lobe
Ventricular compression: exerting a certain degree of compression on the ventricles, showing deformation of the
ventricular system under pressure
2026-06-28 20:44:35,047  INFO  ============================================================
2026-06-28 20:44:35,047  INFO    No improvement (1/12)
2026-06-28 20:45:25,502  INFO  [scifive-base] E  4  train=3.7932 (ppl 44.40)  val=3.5903 (ppl 36.24)  gn=1.091
2026-06-28 20:45:51,001  INFO    Content score (lesion): lobe_jacc=0.474  hemi=0.458  -> 0.466
2026-06-28 20:45:51,004  INFO  
============================================================  PREVIEW
2026-06-28 20:45:54,929  INFO  
  Case : BraTS20_Training_204
2026-06-28 20:45:54,929  INFO    PRED :
Lesion area: Question: In which lobe(s) is the tumor LESION, and what is its signal characteristics? (LESION AREA):: (LESIONS AREA IN HEMATOMYSTOSIS):::: - - - - - - - - - - Right hemisphere: RIGHT Lobe involvement: other 86%, parietal 11%, temporal 4%, other 8%, other 10%, other 11% - Area STS1 (STS) right [temporal]: ET=1, WT=2, region%=0 *- Left hem
Edema: not observed
Necrosis: not observed
Ventricular compression: not observed
2026-06-28 20:45:54,929  INFO    REF  :
Lesion area: the right side of the brain, specifically in the frontal, temporal, and parietal lobes, with heterogeneous mixed high and low signals and patchy high signal areas
Edema: primarily seen in the right temporal and parietal lobes, with an extent that is extensive, suggesting marked swelling in the tissues surrounding the lesion
Necrosis: interspersed in small patches among the lesion areas in the right side of the brain, featuring uneven signal intensity
Ventricular compression: significant on the right ventricle, indicating a degree of pressure exerted by the lesions on the brain tissue and ventricles
2026-06-28 20:45:59,220  INFO  
  Case : BraTS20_Training_333
2026-06-28 20:45:59,220  INFO    PRED :
Lesion area: 3%, 1%, 2%, 4%, 6%, 7%, 5%, 0%, 9%, 8%, 12%, 3%), 3% 3% (%)) and which hemisphere(s) is the tumor LESION? Dominant lobe: BILATERAL Lobe involvement: other 49%, parietal 11%, temporal 7%; occipital 6%; frontal 3%; 1% WM/unassigned (GapMap) right [temporal]: TC=0, WT=2, region%=1 *- Area hOc1 (V1, 17, CalcS) left [parietal]
Edema: 3%, 4%, 2%, 0%, 1%, 7%, 6%, 5%, 8%, 9%, 12%, 3%), 3% 3%; 3%: 3%. EDEMA is located in the occipital lobe of the hippocampus. Please use the atlas matrix for one patient: Patient: BraTS20_Training_333 Dominant hemisphere: BILATERAL Lobe involvement: other 49%, parietal 11%, temporal 7% (V1, 17, CalcS) left [parietal]: ET=0, TC=2, WT=1, region%=1 *- Area hIP
Necrosis: Describe the NECROSIS (location and signal). If there is none, answer 'not observed'. If there are no atlases, please use the atlas matrix to describe the location and signal. If it is not observed, say 'no' to 'yes'. Otherwise, do not know if there is no signal in the WM/unassigned [other]: ET=2, TC=0, WT=2, region%=1 *- Area hOc1 (V1, 17, CalcS) left [parietal]: - - Temporal 12%, occipital 6%, parietal 3%, insula 0%,
Ventricular compression: Describe any VENTRICULAR COMPRESSION. If none, answer 'not observed'. If no, say 'other'
2026-06-28 20:45:59,220  INFO    REF  :
Lesion area: the frontal lobe region of the left cerebral hemisphere with a mixed signal of uneven intensity with spotted areas of high signal
Edema: mainly around the lesions, spreading across most of the left frontal lobe, showing a significant high signal, indicating a substantial degree of swelling in the surrounding tissues, with a wide range of
edema
Necrosis: mainly located in the central region of the frontal lobe, displaying low signal intensity, with edges adjoining the lesion areas and showing mixed signals with disorganized, multi-spotted appearances
Ventricular compression: noted on the left ventricle, which is compressed and deformed, showing asymmetric distortion, indicating significant compression of the ventricles by the lesion
2026-06-28 20:45:59,220  INFO  ============================================================
2026-06-28 20:45:59,560  INFO  HTTP Request: HEAD https://huggingface.co/razent/SciFive-base-PMC/resolve/main/config.json "HTTP/1.1 307 Temporary Redirect"
2026-06-28 20:45:59,601  INFO  HTTP Request: HEAD https://huggingface.co/api/resolve-cache/models/razent/SciFive-base-PMC/dcf890fee47c99c71935ba94bc204a1114315b54/config.json "HTTP/1.1 200 OK"
2026-06-28 20:45:59,725  INFO  HTTP Request: HEAD https://huggingface.co/razent/SciFive-base-PMC/resolve/main/config.json "HTTP/1.1 307 Temporary Redirect"
2026-06-28 20:45:59,767  INFO  HTTP Request: HEAD https://huggingface.co/api/resolve-cache/models/razent/SciFive-base-PMC/dcf890fee47c99c71935ba94bc204a1114315b54/config.json "HTTP/1.1 200 OK"
2026-06-28 20:45:59,818  INFO    ✓ New best (content=0.466) → checkpoints_multi_v4/scifive-base
2026-06-28 20:46:50,367  INFO  [scifive-base] E  5  train=3.4471 (ppl 31.41)  val=3.1754 (ppl 23.94)  gn=1.138
2026-06-28 20:47:12,027  INFO    Content score (lesion): lobe_jacc=0.344  hemi=0.500  -> 0.422
2026-06-28 20:47:29,733  INFO    Hemisphere quick-check (lesion field): 9/20 = 45.0%
2026-06-28 20:47:51,929  INFO    Within-report distinctness: collapse=0%  distinct_ratio=1.00  (0.25=full collapse, 1.0=all differ)
2026-06-28 20:48:09,508  INFO    Cross-patient[lesion]: 20/20 unique = 1.00  (1.0=all differ, low=TEMPLATE COLLAPSE)
2026-06-28 20:48:17,823  INFO    Cross-patient[necrosis]: 15/20 unique = 0.75  (1.0=all differ, low=TEMPLATE COLLAPSE)
2026-06-28 20:48:17,825  INFO  
============================================================  PREVIEW
2026-06-28 20:48:20,655  INFO  
  Case : BraTS20_Training_239
2026-06-28 20:48:20,655  INFO    PRED :
Lesion area: 3%, 1%, 2%, 0%, 4%, 6%, 5%, 7%, and 1% of the left hemisphere is affected LESION in the right lobe(s) and hemispheric (right) lobule of the tumor, and what is its signal characteristics? Do not use the atlas matrix for this patient, but use it as a guide to the reader. Please see the text for more details. Then, please use only the atlases matrix below. - WM/unassigned (GapMap) right [temporal]: ET=0, TC=1, WT=1, region%=2 *- Area
Edema: 2%, 1%, 0%, 3%, 4%, 6%, 5%, 7%, and 1% of the EDEMA is located in the right hemisphere of the lesion. Please clarify this point in the atlas matrix as well as the corresponding anatomical location of the tumor in the frontal lobe, occipital lobule, and parieto-temporal region, but not in the left hemispheric region, which is not included in the current atlases. Area hOc1 (PhG) right [temporal]: ET=0, TC=2, WT=1, region%=2 *- Area PG
Necrosis: Describe the NECROSIS (location and signal). If there is none, answer 'not observed'
Ventricular compression: 'not observed'. 'Not observed': 'unobserved'
2026-06-28 20:48:20,655  INFO    REF  :
Lesion area: the frontal and parietal lobes of the right hemisphere with heterogeneous signal intensities and patchy high signals
Edema: marked and extensive, affecting parts of the frontal and parietal lobes of the right hemisphere, displaying high signals and a diffusive pattern
Necrosis: evident with mixed signal characteristics; some regions display high signals while others show low signals, spatially scattered within the lesions
Ventricular compression: noted, with lesions exerting a compressive effect on the
ventricular structures
2026-06-28 20:48:23,066  INFO  
  Case : BraTS20_Training_095
2026-06-28 20:48:23,066  INFO    PRED :
Lesion area: 1% 1%, 3%, 2%, 5%, 4%, 6%, 7%, 8%, 0%, 9%, 1% and 1% of the tumor LESION is asymmetrical in lobe(s) and hemisphere(s), respectively. Dominant lobule: other 63%, frontal-II (GapMap) right [subcortical]: ET=3, TC=1, WT=0, region%=5 *- WM/unassigned left [limbic]: - - IFS4 (IFS) left [frontal]
Edema: 3%, 1%, 0%, 2%, 4%, 5%, 6%, 7%, 8%, 9%, and 1% of the EDEMA is located in the right hemisphere of the lesion. Please clarify the location of the tumor in the left hippocampus, thalamus, parietal, occipital, and temporal lobes
Necrosis: Describe the NECROSIS (location and signal). If there is none, answer 'not observed'. If there are no atlas
Ventricular compression: 1%, 2%, 3%, 4%, 5%, 6%, 7%, and 1%. Describe any VENTRICULA
2026-06-28 20:48:23,066  INFO    REF  :
Lesion area: the white matter of both cerebral hemispheres, especially in the bilateral frontal and parietal regions, with mixed high and low heterogeneous signals
Edema: mainly observed in the white matter areas of the frontal and parietal lobes, presenting as diffuse high signals, indicating significant swelling in the surrounding tissue of the lesions. The
edema is extensive, spreading across the entire cerebral hemisphere
Necrosis: suggested by some low-signal areas, appearing as mixed signals, mainly concentrated in the central regions of the high-signal lesions. The necrotic areas are relatively concentrated but also show some localized dispersion
Ventricular compression: partially compressed, particularly evident in the right lateral
ventricular body region
2026-06-28 20:48:23,066  INFO  ============================================================
2026-06-28 20:48:23,066  INFO    No improvement (1/12)
2026-06-28 20:49:13,543  INFO  [scifive-base] E  6  train=3.0575 (ppl 21.28)  val=2.8169 (ppl 16.73)  gn=1.188
2026-06-28 20:49:28,747  INFO    Content score (lesion): lobe_jacc=0.458  hemi=0.417  -> 0.437
2026-06-28 20:49:28,749  INFO  
============================================================  PREVIEW
2026-06-28 20:49:32,286  INFO  
  Case : BraTS20_Training_120
2026-06-28 20:49:32,286  INFO    PRED :
Lesion area: 1%, 2%, 0%, 3%, 4%, 5%, and 1% of the tumor volume was less than 5% of the lesion volume in the right frontal lobe, with a high signal intensity in the left hemisphere
Edema: Id4 (PreCG) right [frontal]: WT=2, region%=0 *- Area 3 (GapMap)
Necrosis: 0%, 1%, 3%, 2%, 4%, 5%, 6%, 7%, 8%, and 1% of the left frontal lobe was affected by the tumor
Ventricular compression: 1%, region%=0 *- 1% - 2% - Area 3 (GapMap) right [subcortical]: ET=0, WT=13, region0%=16
2026-06-28 20:49:32,286  INFO    REF  :
Lesion area: parts of the bilateral frontal and parietal lobes with a heterogeneous mix of high and low signals, accompanied by patchy high signal areas
Edema: significant, primarily surrounding the bilateral frontal and parietal lobes, indicating severe swelling in the tissues
Necrosis: suggested by multiple low-signal areas, primarily concentrated around the bilateral lesion sites, exhibiting a mixed signal appearance
Ventricular compression: not evident, indicating that the current lesions have a limited compressive effect on the brain tissue and ventricles
2026-06-28 20:49:34,132  INFO  
  Case : BraTS20_Training_366
2026-06-28 20:49:34,132  INFO    PRED :
Lesion area: hOc2 (V2, 18) left [occipital]: ET=4, TC=6, WT=6, region%=
Edema: hOc1 (V1, 17, CalcS) left [occipital]: ET=4, TC=6, WT=6, region%=
Necrosis: hOc2 (V2, 18) left [occipital]: ET=4, TC=6, WT=6, region%=
Ventricular compression: hOc2 (V2, 18) left [occipital]: ET=6, TC=14, WT=4, region%=
2026-06-28 20:49:34,132  INFO    REF  :
Lesion area: the left temporal and parietal lobes with multiple heterogeneous mixed signals and spotty high-signal areas, suggesting the presence of multiple lesions
Edema: significant, concentrated in the left parietal and temporal regions, with extensive high-signal areas, suggesting noticeable swelling in the tissue surrounding the lesions
Necrosis: located mainly in the left temporal lobe, appearing as low signals with blurred boundaries mixed with the high-signal
Ventricular compression: observed with the left ventricle compressed and deformed, showing slight compression and deformation due to the mass effect of the lesion
2026-06-28 20:49:34,132  INFO  ============================================================
2026-06-28 20:49:34,133  INFO    No improvement (2/12)
2026-06-28 20:50:24,738  INFO  [scifive-base] E  7  train=2.7252 (ppl 15.26)  val=2.4720 (ppl 11.85)  gn=1.104
2026-06-28 20:50:35,119  INFO    Content score (lesion): lobe_jacc=0.456  hemi=0.708  -> 0.582
2026-06-28 20:50:35,121  INFO  
============================================================  PREVIEW
2026-06-28 20:50:37,323  INFO  
  Case : BraTS20_Training_078
2026-06-28 20:50:37,323  INFO    PRED :
Lesion area: Right frontal lobe: WT=2, region%=16 *- Left frontal and temporal lobules: WP=1, region% =2 *- occipital lobular lobus, and right parietal regions, with a high signal intensity in the right hemisphere
Edema: Right frontal lobe: WT=2, region%=16 *- Left frontal and temporal lobules: Wt=0, region0%=0 *- Area hOc4 (FusG) right [temporal]: ET=14, TC=18, WT =2, regions%=8 - Area OTS1 (OTS) right parietal and occipital hemispheres with high signal intensity
Necrosis: hOc4 (GapMap) right [temporal]: ET=14, TC=18, WT=2, region%=15 *- Area FG4 (FusG) left [parietal]: WT =1, region%16 - Rt (Thalamus, reticular Nucleus) right (right parietal lobe), with a high signal in the right hemisphere
Ventricular compression: Right ventricle deformation is observed in the right ventricular wall, which is consistent with previous reports
2026-06-28 20:50:37,323  INFO    REF  :
Lesion area: the right temporal and parietal lobes with a mix of heterogeneous signals, including multiple patchy high-signal areas
Edema: pronounced, mainly observed in the right temporal and parietal lobes, and spans extensively as high-signal regions, indicating significant tissue swelling
Necrosis: identified as several low-signal areas within the lesion region, possibly indicating
necrosis, with uneven signal intensity concentrated in the right temporal lobe
Ventricular compression: slightly observed
2026-06-28 20:50:39,201  INFO  
  Case : BraTS20_Training_077
2026-06-28 20:50:39,201  INFO    PRED :
Lesion area: and occipital 3%, parietal 1%, oblique 2%, occipito-temporal 4%, hippocampus 5%, somatosensory lobule 6%, frontal lobe 8%, thalamus 3%, WT=0, region%=5 *- WM left [subcortical]: ET=2, TC=4, WT =0, WP=2, regions%=30 *- CA1 (Hippocampus) left [temporal]: WT1, WT>0, regions of interest (ROIs) in the left hemisphere, with high signal intensity
Edema: the left frontal and parietal lobes, and the left occipital and temporal regions, respectively, with a high degree of heterogeneity
Necrosis: with a high signal intensity in the left temporal lobe, with low signal intensities in the frontal and parietal regions
Ventricular compression: left ventricle, left ventricular outflow tract, and right ventricles, with varying degrees of deformation and deformation
2026-06-28 20:50:39,201  INFO    REF  :
Lesion area: the left frontal and parietal lobes with heterogeneous high-signal and low-signal areas, with spotted high-signal regions
Edema: prominent, primarily surrounding the lesions in the left frontal and parietal regions, with severe swelling of the tissues
Necrosis: suggested by low-signal and signal-void regions interspersed among areas of high and iso-signal, with distribution being uneven in the frontal and parietal regions
Ventricular compression: evident as mild deformation and compression of the ventricles, primarily in the left lateral ventricle
2026-06-28 20:50:39,201  INFO  ============================================================
2026-06-28 20:50:39,375  INFO  HTTP Request: HEAD https://huggingface.co/razent/SciFive-base-PMC/resolve/main/config.json "HTTP/1.1 307 Temporary Redirect"
2026-06-28 20:50:39,412  INFO  HTTP Request: HEAD https://huggingface.co/api/resolve-cache/models/razent/SciFive-base-PMC/dcf890fee47c99c71935ba94bc204a1114315b54/config.json "HTTP/1.1 200 OK"
2026-06-28 20:50:39,494  INFO  HTTP Request: HEAD https://huggingface.co/razent/SciFive-base-PMC/resolve/main/config.json "HTTP/1.1 307 Temporary Redirect"
2026-06-28 20:50:39,533  INFO  HTTP Request: HEAD https://huggingface.co/api/resolve-cache/models/razent/SciFive-base-PMC/dcf890fee47c99c71935ba94bc204a1114315b54/config.json "HTTP/1.1 200 OK"
2026-06-28 20:50:39,588  INFO    ✓ New best (content=0.582) → checkpoints_multi_v4/scifive-base
2026-06-28 20:51:30,095  INFO  [scifive-base] E  8  train=2.3631 (ppl 10.62)  val=2.1102 (ppl 8.25)  gn=1.105
2026-06-28 20:51:36,326  INFO    Content score (lesion): lobe_jacc=0.587  hemi=0.833  -> 0.710
2026-06-28 20:51:36,328  INFO  
============================================================  PREVIEW
2026-06-28 20:51:37,421  INFO  
  Case : BraTS20_Training_083
2026-06-28 20:51:37,421  INFO    PRED :
Lesion area: mainly in the left frontal and parietal lobes
Edema: mainly in the left frontal and parietal lobes
Necrosis: with a high signal in the left frontal and parietal lobes
Ventricular compression: , TC=0, WT=2, region%=16 *- Area hOc3 (PhG) left [temporal]: ET=3, TC =0, and the left ventricle is deformed
2026-06-28 20:51:37,421  INFO    REF  :
Lesion area: the left parietal lobe and left temporal lobe with a mixed signal of uneven highs and lows with spotted high signal areas, suggesting the presence of multiple lesions
Edema: mainly present around the lesion areas, particularly in the left parietal lobe and the lateral parts of the left temporal lobe, displaying significantly high signal intensity, with a relatively large range of
edema
Necrosis: suggested by irregular regions predominantly showing low signals within the lesion areas, with a higher concentration near infection points in the local left parietal and left temporal lobes
Ventricular compression: observed with the left lateral ventricle compressed and deformed, with the frontal horn narrowed; the third ventricle is displaced
2026-06-28 20:51:38,555  INFO  
  Case : BraTS20_Training_034
2026-06-28 20:51:38,556  INFO    PRED :
Lesion area: mainly in the right frontal and parietal lobes
Edema: mainly in the right frontal and parietal lobes
Necrosis: the right frontal and left parietal lobes, with a high signal intensity
Ventricular compression: , TC=2, WT=0, region%=16 *- Area 6ma (SMA, mesial SFG) right [frontal]: WT =1, TC
2026-06-28 20:51:38,556  INFO    REF  :
Lesion area: the region of the left parietal lobe with a heterogeneous mix of high and low signals, along with speckled high signals
Edema: visible around the lesion, mainly focused in the left parietal lobe, presenting as regions of high signal intensity and indicating a large range of
edema with significant swelling of the surrounding tissue
Necrosis: observed in the lesion of the left parietal lobe, appearing with mixed signals and unclear borders, indicating scattered and mixed
necrosis with the surrounding high signal
Ventricular compression: observed with noticeable deformation of the third ventricle and lateral ventricles on the left side
2026-06-28 20:51:38,556  INFO  ============================================================
2026-06-28 20:51:38,734  INFO  HTTP Request: HEAD https://huggingface.co/razent/SciFive-base-PMC/resolve/main/config.json "HTTP/1.1 307 Temporary Redirect"
2026-06-28 20:51:38,774  INFO  HTTP Request: HEAD https://huggingface.co/api/resolve-cache/models/razent/SciFive-base-PMC/dcf890fee47c99c71935ba94bc204a1114315b54/config.json "HTTP/1.1 200 OK"
2026-06-28 20:51:38,856  INFO  HTTP Request: HEAD https://huggingface.co/razent/SciFive-base-PMC/resolve/main/config.json "HTTP/1.1 307 Temporary Redirect"
2026-06-28 20:51:38,891  INFO  HTTP Request: HEAD https://huggingface.co/api/resolve-cache/models/razent/SciFive-base-PMC/dcf890fee47c99c71935ba94bc204a1114315b54/config.json "HTTP/1.1 200 OK"
2026-06-28 20:51:38,944  INFO    ✓ New best (content=0.710) → checkpoints_multi_v4/scifive-base
2026-06-28 20:52:29,532  INFO  [scifive-base] E  9  train=2.1327 (ppl 8.44)  val=1.9674 (ppl 7.15)  gn=1.113
2026-06-28 20:52:33,551  INFO    Content score (lesion): lobe_jacc=0.597  hemi=0.792  -> 0.694
2026-06-28 20:52:33,553  INFO  
============================================================  PREVIEW
2026-06-28 20:52:34,165  INFO  
  Case : BraTS20_Training_079
2026-06-28 20:52:34,165  INFO    PRED :
Lesion area: mainly located in the right parietal and frontal lobes
Edema: mainly located in the right parietal and frontal lobes
Necrosis: mainly in the right parietal lobe
Ventricular compression: mainly located in the right ventricle
2026-06-28 20:52:34,165  INFO    REF  :
Lesion area: the right parietal lobe with mixed high and low signal intensity, along with spotted high signal regions
Edema: significant within the right parietal lobe area, indicating some degree of swelling in the surrounding tissues of the lesion
Necrosis: potential with mixed signal intensity in the right region, scattered throughout
Ventricular compression: not observed
2026-06-28 20:52:34,766  INFO  
  Case : BraTS20_Training_102
2026-06-28 20:52:34,766  INFO    PRED :
Lesion area: mainly located in the right frontal and parietal lobes
Edema: mainly located in the right frontal and parietal lobes
Necrosis: mainly located in the right frontal and parietal lobes
Ventricular compression: mainly located in the right ventricle, causing deformation of the ventricles
2026-06-28 20:52:34,766  INFO    REF  :
Lesion area: the left frontal lobe with a heterogeneous mix of high and low signals
Edema: pronounced
edema signals primarily concentrated in the left frontal lobe, followed by the parietal lobe, exhibiting high signals
Necrosis: potential necrotic areas mainly concentrated in the left frontal lobe, appearing as low signals mixed with high signal regions
Ventricular compression: no evident sign of
ventricular compression
2026-06-28 20:52:34,766  INFO  ============================================================
2026-06-28 20:52:34,766  INFO    No improvement (1/12)
2026-06-28 20:53:25,495  INFO  [scifive-base] E 10  train=2.0119 (ppl 7.48)  val=1.8685 (ppl 6.48)  gn=1.202
2026-06-28 20:53:29,904  INFO    Content score (lesion): lobe_jacc=0.587  hemi=0.875  -> 0.731
2026-06-28 20:53:33,529  INFO    Hemisphere quick-check (lesion field): 16/20 = 80.0%
2026-06-28 20:53:40,194  INFO    Within-report distinctness: collapse=0%  distinct_ratio=0.82  (0.25=full collapse, 1.0=all differ)
2026-06-28 20:53:43,746  INFO    Cross-patient[lesion]: 11/20 unique = 0.55  (1.0=all differ, low=TEMPLATE COLLAPSE)
2026-06-28 20:53:47,358  INFO    Cross-patient[necrosis]: 9/20 unique = 0.45  (1.0=all differ, low=TEMPLATE COLLAPSE)
2026-06-28 20:53:47,360  INFO  
============================================================  PREVIEW
2026-06-28 20:53:48,018  INFO  
  Case : BraTS20_Training_102
2026-06-28 20:53:48,018  INFO    PRED :
Lesion area: mainly located in the right frontal and parietal lobes
Edema: mainly located in the right frontal and parietal lobes
Necrosis: mainly located in the right frontal and parietal lobes
Ventricular compression: mainly located in the right ventricle, causing deformation of the ventricles
2026-06-28 20:53:48,018  INFO    REF  :
Lesion area: the left frontal lobe with a heterogeneous mix of high and low signals
Edema: pronounced
edema signals primarily concentrated in the left frontal lobe, followed by the parietal lobe, exhibiting high signals
Necrosis: potential necrotic areas mainly concentrated in the left frontal lobe, appearing as low signals mixed with high signal regions
Ventricular compression: no evident sign of
ventricular compression
2026-06-28 20:53:48,659  INFO  
  Case : BraTS20_Training_156
2026-06-28 20:53:48,659  INFO    PRED :
Lesion area: the left frontal and parietal lobes, with a mixed pattern of high and low signals
Edema: mainly located in the left frontal and parietal lobes
Necrosis: the left frontal and parietal lobes with high signals
Ventricular compression: the left ventricle, causing deformation of the ventricles
2026-06-28 20:53:48,659  INFO    REF  :
Lesion area: the left temporal lobe with a mixed signal of uneven high and low areas, and spotty high signal regions
Edema: significant around the left temporal lobe and extends into part of the parietal lobe area
Necrosis: a suspicious necrotic area in the left temporal lobe, displaying a mixed signal characteristic, concentrated and relatively pronounced
Ventricular compression: accompanied by compression of the adjacent ventricles, with the right ventricle mildly expanded, showing signs of compression
2026-06-28 20:53:48,659  INFO  ============================================================
2026-06-28 20:53:48,826  INFO  HTTP Request: HEAD https://huggingface.co/razent/SciFive-base-PMC/resolve/main/config.json "HTTP/1.1 307 Temporary Redirect"
2026-06-28 20:53:48,861  INFO  HTTP Request: HEAD https://huggingface.co/api/resolve-cache/models/razent/SciFive-base-PMC/dcf890fee47c99c71935ba94bc204a1114315b54/config.json "HTTP/1.1 200 OK"
2026-06-28 20:53:48,939  INFO  HTTP Request: HEAD https://huggingface.co/razent/SciFive-base-PMC/resolve/main/config.json "HTTP/1.1 307 Temporary Redirect"
2026-06-28 20:53:48,979  INFO  HTTP Request: HEAD https://huggingface.co/api/resolve-cache/models/razent/SciFive-base-PMC/dcf890fee47c99c71935ba94bc204a1114315b54/config.json "HTTP/1.1 200 OK"
2026-06-28 20:53:49,029  INFO    ✓ New best (content=0.731) → checkpoints_multi_v4/scifive-base
2026-06-28 20:54:39,678  INFO  [scifive-base] E 11  train=1.9380 (ppl 6.95)  val=1.7898 (ppl 5.99)  gn=1.247
2026-06-28 20:54:44,036  INFO    Content score (lesion): lobe_jacc=0.701  hemi=0.917  -> 0.809
2026-06-28 20:54:44,038  INFO  
============================================================  PREVIEW
2026-06-28 20:54:44,811  INFO  
  Case : BraTS20_Training_178
2026-06-28 20:54:44,811  INFO    PRED :
Lesion area: mainly located in the right parietal and temporal lobes, with a mixture of high and low signals
Edema: mainly located in the right parietal and temporal lobes
Necrosis: mainly located in the right parietal and temporal lobes
Ventricular compression: the right ventricle, causing deformation of the ventricles
2026-06-28 20:54:44,811  INFO    REF  :
Lesion area: the right frontal and parietal lobes with heterogeneous signal, including high signal intensity and spot-like high signal intensities indicating multiple lesions
Edema: significant, mainly concentrated in the right frontal and parietal lobes, extending over a large area including the tissues surrounding the lesion, suggesting notable swelling of the surrounding tissue
Necrosis: located at the center of the lesion, characterized by lower signal intensity and highly heterogeneous, displaying uneven signals and is relatively concentrated
Ventricular compression: evident, particularly on the right side, as the ventricles appear deformed due to the pressure from surrounding
2026-06-28 20:54:45,592  INFO  
  Case : BraTS20_Training_194
2026-06-28 20:54:45,592  INFO    PRED :
Lesion area: the left frontal and parietal lobes, with a mixture of high and low signals
Edema: the left frontal and parietal lobes, with a high degree of heterogeneity
Necrosis: the left frontal and parietal lobes, with a mixture of high and low signals
Ventricular compression: the left ventricle, causing deformation of the ventricles
2026-06-28 20:54:45,592  INFO    REF  :
Lesion area: multiple areas of the left brain (frontal lobe, temporal lobe, parietal lobe, occipital lobe) with irregular signal patterns characterized by mixed high and low signals and spotty high-signal areas
Edema: significant with a substantial amount of high-signal areas indicating marked
edema, primarily concentrated in the frontal and parietal regions of the left brain
Necrosis: characterized by several low-signal areas showing potential signs of
necrosis, with uneven low signals demonstrating the mixed nature of the necrotic tissue scattered without showing any obvious concentration
Ventricular compression: observed in certain areas of the left lateral ventricle, particularly in regions where the lesions are more concentrated
2026-06-28 20:54:45,592  INFO  ============================================================
2026-06-28 20:54:45,800  INFO  HTTP Request: HEAD https://huggingface.co/razent/SciFive-base-PMC/resolve/main/config.json "HTTP/1.1 307 Temporary Redirect"
2026-06-28 20:54:45,838  INFO  HTTP Request: HEAD https://huggingface.co/api/resolve-cache/models/razent/SciFive-base-PMC/dcf890fee47c99c71935ba94bc204a1114315b54/config.json "HTTP/1.1 200 OK"
2026-06-28 20:54:45,917  INFO  HTTP Request: HEAD https://huggingface.co/razent/SciFive-base-PMC/resolve/main/config.json "HTTP/1.1 307 Temporary Redirect"
2026-06-28 20:54:45,956  INFO  HTTP Request: HEAD https://huggingface.co/api/resolve-cache/models/razent/SciFive-base-PMC/dcf890fee47c99c71935ba94bc204a1114315b54/config.json "HTTP/1.1 200 OK"
2026-06-28 20:54:46,000  INFO    ✓ New best (content=0.809) → checkpoints_multi_v4/scifive-base
2026-06-28 20:55:36,685  INFO  [scifive-base] E 12  train=1.8627 (ppl 6.44)  val=1.7253 (ppl 5.61)  gn=1.296
2026-06-28 20:55:40,975  INFO    Content score (lesion): lobe_jacc=0.528  hemi=0.833  -> 0.681
2026-06-28 20:55:40,978  INFO  
============================================================  PREVIEW
2026-06-28 20:55:41,657  INFO  
  Case : BraTS20_Training_348
2026-06-28 20:55:41,657  INFO    PRED :
Lesion area: the right frontal and parietal lobes, with a mixture of high and low signals
Edema: the left frontal and parietal lobes with a large amount of heterogeneous high signal areas
Necrosis: the right frontal and parietal lobes with mixed signals
Ventricular compression: the left ventricle, causing deformation of the ventricles
2026-06-28 20:55:41,657  INFO    REF  :
Lesion area: the left hemisphere, particularly in the left parietal and frontal lobe regions, with a mix of heterogeneous signals, including multiple spot-like high signal areas
Edema: indicated by significant high signal areas around the lesions in the left hemisphere, primarily concentrated in the left parietal and frontal lobe regions, and is extensive, enveloping multiple lesion sites
Necrosis: in the region near the center of the lesion in the left parietal lobe, with a low signal area indicative of possible necrotic tissue
Ventricular compression: observed as the left lateral ventricle is compressed and slightly deformed
2026-06-28 20:55:42,366  INFO  
  Case : BraTS20_Training_194
2026-06-28 20:55:42,366  INFO    PRED :
Lesion area: the left frontal and parietal lobes, with a mixture of high and low signals
Edema: the left frontal and parietal lobes, with a high degree of heterogeneity
Necrosis: the left frontal and parietal lobes with mixed high and low signals
Ventricular compression: the left ventricle is deformed, causing significant compression of the ventricles
2026-06-28 20:55:42,366  INFO    REF  :
Lesion area: multiple areas of the left brain (frontal lobe, temporal lobe, parietal lobe, occipital lobe) with irregular signal patterns characterized by mixed high and low signals and spotty high-signal areas
Edema: significant with a substantial amount of high-signal areas indicating marked
edema, primarily concentrated in the frontal and parietal regions of the left brain
Necrosis: characterized by several low-signal areas showing potential signs of
necrosis, with uneven low signals demonstrating the mixed nature of the necrotic tissue scattered without showing any obvious concentration
Ventricular compression: observed in certain areas of the left lateral ventricle, particularly in regions where the lesions are more concentrated
2026-06-28 20:55:42,366  INFO  ============================================================
2026-06-28 20:55:42,366  INFO    No improvement (1/12)
2026-06-28 20:56:33,085  INFO  [scifive-base] E 13  train=1.7900 (ppl 5.99)  val=1.6687 (ppl 5.31)  gn=1.317
2026-06-28 20:56:37,413  INFO    Content score (lesion): lobe_jacc=0.503  hemi=0.833  -> 0.668
2026-06-28 20:56:37,416  INFO  
============================================================  PREVIEW
2026-06-28 20:56:38,096  INFO  
  Case : BraTS20_Training_110
2026-06-28 20:56:38,096  INFO    PRED :
Lesion area: the right frontal and parietal lobes with a mixture of high and low signals
Edema: the right frontal and parietal lobes with a mixture of high and low signals
Necrosis: the right frontal and parietal lobes, with a mixture of high and low signals
Ventricular compression: the right ventricle is compressed and deformed, causing significant compression of the ventricles
2026-06-28 20:56:38,096  INFO    REF  :
Lesion area: the left frontal and occipital lobes with mixed heterogeneous signals and patchy high-signal regions
Edema: significant, primarily observed in the left parietal and frontal lobes, exhibiting considerable swelling and an extensive
edema range
Necrosis: not observed
Ventricular compression: relatively apparent, indicating that the lesion exerts a compressive effect on the ventricles
2026-06-28 20:56:38,778  INFO  
  Case : BraTS20_Training_176
2026-06-28 20:56:38,778  INFO    PRED :
Lesion area: the right frontal and parietal lobes with a mixture of high and low signals
Edema: the right frontal and parietal lobes with a high degree of heterogeneity
Necrosis: the right frontal and parietal lobes with mixed high and low signals
Ventricular compression: the right ventricle, causing deformation of the ventricles
2026-06-28 20:56:38,778  INFO    REF  :
Lesion area: the right frontal and parietal lobes with multiple heterogeneous signal intensities, including high signal, iso-signal, and speckled high signal areas
Edema: significant, primarily observed in the right frontal and parietal lobes, with surrounding tissue swollen to a large extent around the lesion area, indicated by high signal intensity
Necrosis: mainly concentrated at the center of the lesion, manifested as mixed low signal regions, primarily located at the center of the lesion in the right parietal lobe, surrounded by high signal areas
Ventricular compression: evident, with compression on the right ventricle suggesting a certain degree of pressure exerted by the lesion area
2026-06-28 20:56:38,778  INFO  ============================================================
2026-06-28 20:56:38,778  INFO    No improvement (2/12)
2026-06-28 20:57:29,452  INFO  [scifive-base] E 14  train=1.7399 (ppl 5.70)  val=1.6193 (ppl 5.05)  gn=1.344
2026-06-28 20:57:33,885  INFO    Content score (lesion): lobe_jacc=0.594  hemi=0.750  -> 0.672
2026-06-28 20:57:33,888  INFO  
============================================================  PREVIEW
2026-06-28 20:57:34,569  INFO  
  Case : BraTS20_Training_341
2026-06-28 20:57:34,569  INFO    PRED :
Lesion area: the left frontal and parietal lobes with a mixture of high and low signals
Edema: the left frontal and parietal lobes with a high degree of heterogeneity
Necrosis: the left frontal and parietal lobes with mixed high and low signals
Ventricular compression: the left ventricle is compressed and deformed
2026-06-28 20:57:34,569  INFO    REF  :
Lesion area: the left side of the brain with a mixed pattern of high and low signals
Edema: significant, concentrated in the left frontal and temporal lobes, with extension into parts of the parietal lobe
Necrosis: observed with noticeable low signal areas in the left frontal and temporal lobes, displaying uneven signal intensity
Ventricular compression: significantly compressed, especially the deformation of the left ventricle
2026-06-28 20:57:35,211  INFO  
  Case : BraTS20_Training_110
2026-06-28 20:57:35,211  INFO    PRED :
Lesion area: the right frontal and parietal lobes with a mixture of high and low signals
Edema: the right frontal and parietal lobes with a large amount of necrotic tissue
Necrosis: the right frontal and parietal lobes with mixed high and low signals
Ventricular compression: the left ventricle is compressed and deformed
2026-06-28 20:57:35,211  INFO    REF  :
Lesion area: the left frontal and occipital lobes with mixed heterogeneous signals and patchy high-signal regions
Edema: significant, primarily observed in the left parietal and frontal lobes, exhibiting considerable swelling and an extensive
edema range
Necrosis: not observed
Ventricular compression: relatively apparent, indicating that the lesion exerts a compressive effect on the ventricles
2026-06-28 20:57:35,211  INFO  ============================================================
2026-06-28 20:57:35,211  INFO    No improvement (3/12)
2026-06-28 20:58:25,896  INFO  [scifive-base] E 15  train=1.6871 (ppl 5.40)  val=1.5719 (ppl 4.82)  gn=1.348
2026-06-28 20:58:31,518  INFO    Content score (lesion): lobe_jacc=0.483  hemi=0.875  -> 0.679
2026-06-28 20:58:36,129  INFO    Hemisphere quick-check (lesion field): 17/20 = 85.0%
2026-06-28 20:58:44,391  INFO    Within-report distinctness: collapse=0%  distinct_ratio=0.97  (0.25=full collapse, 1.0=all differ)
2026-06-28 20:58:48,908  INFO    Cross-patient[lesion]: 8/20 unique = 0.40  (1.0=all differ, low=TEMPLATE COLLAPSE)
2026-06-28 20:58:53,123  INFO    Cross-patient[necrosis]: 4/20 unique = 0.20  (1.0=all differ, low=TEMPLATE COLLAPSE)
2026-06-28 20:58:53,125  INFO  
============================================================  PREVIEW
2026-06-28 20:58:54,029  INFO  
  Case : BraTS20_Training_297
2026-06-28 20:58:54,030  INFO    PRED :
Lesion area: the left parietal and occipital lobes with a mixture of high and low signals
Edema: the left parietal and occipital lobes with a large amount of edema
Necrosis: the left parietal and occipital lobes with mixed high and low signals
Ventricular compression: the left lateral ventricle is compressed and deformed
2026-06-28 20:58:54,030  INFO    REF  :
Lesion area: the left parietal and occipital lobes with heterogeneous signal intensities and patchy high-signal regions
Edema: significant in portions of the parietal and occipital lobes, suggesting substantial swelling in the tissues surrounding the lesions
Necrosis: within the lesion areas in the parietal and occipital lobes, characterized by some low-signal regions indicating possible
necrosis
Ventricular compression: observed near prominent lesion areas, indicating that the lesions are exerting pressure on the surrounding brain tissue and ventricles
2026-06-28 20:58:54,857  INFO  
  Case : BraTS20_Training_251
2026-06-28 20:58:54,857  INFO    PRED :
Lesion area: the left frontal and parietal lobes with a mixture of heterogeneous high and low signals
Edema: the left frontal and parietal lobes with a high degree of heterogeneity
Necrosis: the left frontal and parietal lobes with mixed high and low signals
Ventricular compression: the left ventricle is compressed and deformed
2026-06-28 20:58:54,857  INFO    REF  :
Lesion area: the left parietal lobe with a heterogeneous mix of high and low signals and particularly showing distinct patchy high signal areas
Edema: evident with high signal characteristics, quite pronounced, and mainly observed around the parietal lobe lesion area
Necrosis: not observed
Ventricular compression: present, with the ventricles appearing compressed and deformed, showing signs of pressure
2026-06-28 20:58:54,857  INFO  ============================================================
2026-06-28 20:58:54,857  INFO    No improvement (4/12)
2026-06-28 20:59:45,464  INFO  [scifive-base] E 16  train=1.6497 (ppl 5.21)  val=1.5398 (ppl 4.66)  gn=1.422
2026-06-28 20:59:51,254  INFO    Content score (lesion): lobe_jacc=0.465  hemi=0.792  -> 0.628
2026-06-28 20:59:51,256  INFO  
============================================================  PREVIEW
2026-06-28 20:59:52,078  INFO  
  Case : BraTS20_Training_245
2026-06-28 20:59:52,078  INFO    PRED :
Lesion area: the left frontal and parietal lobes with a mixture of heterogeneous high and low signals
Edema: the left frontal and parietal lobes with a high degree of heterogeneity
Necrosis: the left frontal and parietal lobes with mixed high and low signals
Ventricular compression: the left ventricle is compressed and deformed
2026-06-28 20:59:52,078  INFO    REF  :
Lesion area: the left cerebral hemisphere, particularly in the frontal and parietal lobes, with mixed signals of uneven high and low intensity
Edema: significant, observed in the left frontal and parietal regions, extending to adjacent white matter areas and presents as high-intensity signals
Necrosis: suspected in the low signal regions within the lesion area, particularly in the mixed high and low signal area of the central parietal lobe, showing as low signal areas mixed into the background of patchy high signals
Ventricular compression: observed, with the left lateral ventricle showing some degree of constriction and deformation
2026-06-28 20:59:52,926  INFO  
  Case : BraTS20_Training_094
2026-06-28 20:59:52,926  INFO    PRED :
Lesion area: the left frontal and parietal lobes with a mixture of heterogeneous high and low signals
Edema: the left frontal and parietal lobes with a mixture of heterogeneous high and low signals
Necrosis: the left frontal and parietal lobes with a mixture of heterogeneous high and low signals
Ventricular compression: the left ventricle is compressed and deformed
2026-06-28 20:59:52,926  INFO    REF  :
Lesion area: the left parietal and occipital lobes with heterogeneous mixed signals with spotty high signals
Edema: significant, mainly observed in the left parietal and occipital lobes, with high signal intensity and substantial extent overlapping with lesion areas
Necrosis: observed with low signal intensity mixed with high signal spots, mainly concentrated and scattered in the left parietal and occipital lobes
Ventricular compression: pronounced, especially under the influence of lesions in the left parietal and occipital regions
2026-06-28 20:59:52,926  INFO  ============================================================
2026-06-28 20:59:52,926  INFO    No improvement (5/12)
2026-06-28 21:00:43,621  INFO  [scifive-base] E 17  train=1.6100 (ppl 5.00)  val=1.5139 (ppl 4.54)  gn=1.425
2026-06-28 21:00:49,620  INFO    Content score (lesion): lobe_jacc=0.358  hemi=0.917  -> 0.637
2026-06-28 21:00:49,622  INFO  
============================================================  PREVIEW
2026-06-28 21:00:50,521  INFO  
  Case : BraTS20_Training_228
2026-06-28 21:00:50,521  INFO    PRED :
Lesion area: the right frontal and parietal lobes with a mixture of heterogeneous high and low signals
Edema: the right frontal and parietal lobes with a high degree of heterogeneity
Necrosis: the right frontal and parietal lobes with mixed high and low signals
Ventricular compression: the right lateral ventricle is compressed and deformed
2026-06-28 21:00:50,521  INFO    REF  :
Lesion area: the right temporal and frontal lobes with a mixture of heterogeneous high and low signals, with some areas showing speckled high signals
Edema: extensive, mainly concentrated in the right temporal lobe and part of the frontal lobe, indicating marked swelling of the surrounding tissues
Necrosis: characterized by clearly low signals, with a notable degree of heterogeneity, mostly scattered in the right temporal and frontal lobes
Ventricular compression: slight compression of the right ventricle, with no severe deformation or significant shift observed yet
2026-06-28 21:00:51,274  INFO  
  Case : BraTS20_Training_102
2026-06-28 21:00:51,274  INFO    PRED :
Lesion area: the right frontal and parietal lobes with a mixture of heterogeneous high and low signals
Edema: the right frontal and parietal lobes with extensive swelling and swelling
Necrosis: the right frontal and parietal lobes with a mixture of heterogeneous high and low signals
Ventricular compression: the right lateral ventricle is compressed and deformed
2026-06-28 21:00:51,274  INFO    REF  :
Lesion area: the left frontal lobe with a heterogeneous mix of high and low signals
Edema: pronounced
edema signals primarily concentrated in the left frontal lobe, followed by the parietal lobe, exhibiting high signals
Necrosis: potential necrotic areas mainly concentrated in the left frontal lobe, appearing as low signals mixed with high signal regions
Ventricular compression: no evident sign of
ventricular compression
2026-06-28 21:00:51,274  INFO  ============================================================
2026-06-28 21:00:51,274  INFO    No improvement (6/12)
2026-06-28 21:01:41,926  INFO  [scifive-base] E 18  train=1.5903 (ppl 4.91)  val=1.4888 (ppl 4.43)  gn=1.466
2026-06-28 21:01:48,244  INFO    Content score (lesion): lobe_jacc=0.427  hemi=0.875  -> 0.651
2026-06-28 21:01:48,246  INFO  
============================================================  PREVIEW
2026-06-28 21:01:49,238  INFO  
  Case : BraTS20_Training_166
2026-06-28 21:01:49,238  INFO    PRED :
Lesion area: the right parietal and occipital lobes with a mixture of heterogeneous high and low signals
Edema: the right parietal and occipital lobes with a large amount of heterogeneous high signal areas
Necrosis: the right parietal and occipital lobes with mixed high and low signals
Ventricular compression: the right lateral ventricle is compressed and deformed
2026-06-28 21:01:49,238  INFO    REF  :
Lesion area: the right frontal and parietal lobes with a mixture of heterogeneous high and low signals, which appear as spotted high-signal areas, suggesting the presence of multiple lesions
Edema: significant with notable swelling of the tissue surrounding the lesion in the right frontal and parietal lobes
Necrosis: observed with low signals, suggesting possible
necrosis primarily concentrated in the central region of the right frontal lobe, featuring mixed signals that indicate varying degrees of
necrosis, dispersed throughout the lesion area
Ventricular compression: identified as the right lateral ventricle is compressed and deformed, while the left lateral ventricle is slightly expanded, indicating some degree of compressive effect on the brain tissue and ventricles due to the lesions
2026-06-28 21:01:50,154  INFO  
  Case : BraTS20_Training_348
2026-06-28 21:01:50,154  INFO    PRED :
Lesion area: the left parietal and occipital lobes with a mixture of heterogeneous high and low signals
Edema: the left parietal and occipital lobes of the brain with a high degree of heterogeneity
Necrosis: the left frontal and parietal lobes with a mix of heterogeneous high and low signals
Ventricular compression: the left lateral ventricle is compressed and deformed
2026-06-28 21:01:50,154  INFO    REF  :
Lesion area: the left hemisphere, particularly in the left parietal and frontal lobe regions, with a mix of heterogeneous signals, including multiple spot-like high signal areas
Edema: indicated by significant high signal areas around the lesions in the left hemisphere, primarily concentrated in the left parietal and frontal lobe regions, and is extensive, enveloping multiple lesion sites
Necrosis: in the region near the center of the lesion in the left parietal lobe, with a low signal area indicative of possible necrotic tissue
Ventricular compression: observed as the left lateral ventricle is compressed and slightly deformed
2026-06-28 21:01:50,154  INFO  ============================================================
2026-06-28 21:01:50,154  INFO    No improvement (7/12)
2026-06-28 21:02:40,883  INFO  [scifive-base] E 19  train=1.5499 (ppl 4.71)  val=1.4673 (ppl 4.34)  gn=1.470
2026-06-28 21:02:47,043  INFO    Content score (lesion): lobe_jacc=0.458  hemi=0.875  -> 0.667
2026-06-28 21:02:47,046  INFO  
============================================================  PREVIEW
2026-06-28 21:02:48,014  INFO  
  Case : BraTS20_Training_247
2026-06-28 21:02:48,014  INFO    PRED :
Lesion area: the right frontal and parietal lobes with a mixture of heterogeneous high and low signals
Edema: the right parietal and occipital lobes with a high degree of heterogeneity
Necrosis: the right parietal and occipital lobes with a mix of heterogeneous high and low signals
Ventricular compression: the right lateral ventricle is compressed and deformed
2026-06-28 21:02:48,014  INFO    REF  :
Lesion area: the right hemisphere of the brain with a mix of heterogeneous high and low signals and patchy high-signal regions
Edema: significant high-signal, observed in parts of the right hemisphere surrounding the lesions, including sections of the frontal and temporal lobes
Necrosis: mixed signals with uneven intensity, displaying patchy or diffuse combinations of high and low signals, dispersed within the lesions
Ventricular compression: observable compression of the ventricles, particularly the right ventricle area, by the lesion area
2026-06-28 21:02:48,935  INFO  
  Case : BraTS20_Training_313
2026-06-28 21:02:48,935  INFO    PRED :
Lesion area: the right frontal and parietal lobes with a mixture of heterogeneous high and low signals
Edema: the right parietal and occipital lobes with a large amount of heterogeneous high signal areas
Necrosis: the right parietal and occipital lobes with mixed high and low signals
Ventricular compression: the right lateral ventricle is compressed and deformed
2026-06-28 21:02:48,935  INFO    REF  :
Lesion area: the right frontal and parietal regions with a mix of heterogeneous high and low signals and speckled high-signal areas
Edema: significant, with extensive high-signal regions occupying large portions of the right frontal and parietal lobes
Necrosis: observed with low-signal areas, especially concentrated in the right parietal region, exhibiting signal heterogeneity
Ventricular compression: noticeable on the right lateral ventricle, which appears narrowed
2026-06-28 21:02:48,935  INFO  ============================================================
2026-06-28 21:02:48,935  INFO    No improvement (8/12)
2026-06-28 21:03:39,581  INFO  [scifive-base] E 20  train=1.5306 (ppl 4.62)  val=1.4451 (ppl 4.24)  gn=1.494
2026-06-28 21:03:46,011  INFO    Content score (lesion): lobe_jacc=0.469  hemi=0.958  -> 0.714
2026-06-28 21:03:51,313  INFO    Hemisphere quick-check (lesion field): 18/20 = 90.0%
2026-06-28 21:04:00,608  INFO    Within-report distinctness: collapse=0%  distinct_ratio=1.00  (0.25=full collapse, 1.0=all differ)
2026-06-28 21:04:05,767  INFO    Cross-patient[lesion]: 6/20 unique = 0.30  (1.0=all differ, low=TEMPLATE COLLAPSE)
2026-06-28 21:04:10,746  INFO    Cross-patient[necrosis]: 10/20 unique = 0.50  (1.0=all differ, low=TEMPLATE COLLAPSE)
2026-06-28 21:04:10,749  INFO  
============================================================  PREVIEW
2026-06-28 21:04:11,665  INFO  
  Case : BraTS20_Training_034
2026-06-28 21:04:11,665  INFO    PRED :
Lesion area: the left frontal and parietal lobes with a mixture of heterogeneous high and low signals
Edema: the left parietal and occipital lobes of the brain with a high degree of heterogeneity
Necrosis: the left parietal and occipital lobes with mixed high and low signals
Ventricular compression: the left lateral ventricle is compressed and deformed
2026-06-28 21:04:11,665  INFO    REF  :
Lesion area: the region of the left parietal lobe with a heterogeneous mix of high and low signals, along with speckled high signals
Edema: visible around the lesion, mainly focused in the left parietal lobe, presenting as regions of high signal intensity and indicating a large range of
edema with significant swelling of the surrounding tissue
Necrosis: observed in the lesion of the left parietal lobe, appearing with mixed signals and unclear borders, indicating scattered and mixed
necrosis with the surrounding high signal
Ventricular compression: observed with noticeable deformation of the third ventricle and lateral ventricles on the left side
2026-06-28 21:04:12,685  INFO  
  Case : BraTS20_Training_301
2026-06-28 21:04:12,685  INFO    PRED :
Lesion area: the left frontal and parietal lobes with a mixture of heterogeneous high and low signals
Edema: the left parietal and occipital lobes of the brain with a mixture of high and low signals
Necrosis: the left parietal and occipital lobes of the brain with a mix of heterogeneous high and low signals
Ventricular compression: the left lateral ventricle is compressed and deformed
2026-06-28 21:04:12,685  INFO    REF  :
Lesion area: the left frontal, parietal, and temporal lobes with a mix of irregular high and low signals along with spotty high signal areas
Edema: significant, primarily located in the left parietal and frontal lobes, indicating considerable swelling of the surrounding tissues near the lesions
Necrosis: suggested by regions with abnormal signal intensity, exhibiting a mix of high and low signals, focusing on the left parietal and frontal lobes
Ventricular compression: observed as the ventricles are deformed and compressed, particularly near the parietal lobe lesion area, showing a notable impact of the lesion on the ventricles
2026-06-28 21:04:12,685  INFO  ============================================================
2026-06-28 21:04:12,685  INFO    No improvement (9/12)
2026-06-28 21:05:03,271  INFO  [scifive-base] E 21  train=1.5092 (ppl 4.52)  val=1.4289 (ppl 4.17)  gn=1.515
2026-06-28 21:05:09,424  INFO    Content score (lesion): lobe_jacc=0.392  hemi=0.958  -> 0.675
2026-06-28 21:05:09,426  INFO  
============================================================  PREVIEW
2026-06-28 21:05:10,388  INFO  
  Case : BraTS20_Training_078
2026-06-28 21:05:10,388  INFO    PRED :
Lesion area: the right frontal and parietal lobes with a mixture of heterogeneous high and low signals
Edema: the right parietal and occipital lobes with a large extent of edema
Necrosis: the right parietal and occipital lobes with a mix of heterogeneous high and low signals
Ventricular compression: the right lateral ventricle is compressed and deformed
2026-06-28 21:05:10,388  INFO    REF  :
Lesion area: the right temporal and parietal lobes with a mix of heterogeneous signals, including multiple patchy high-signal areas
Edema: pronounced, mainly observed in the right temporal and parietal lobes, and spans extensively as high-signal regions, indicating significant tissue swelling
Necrosis: identified as several low-signal areas within the lesion region, possibly indicating
necrosis, with uneven signal intensity concentrated in the right temporal lobe
Ventricular compression: slightly observed
2026-06-28 21:05:11,312  INFO  
  Case : BraTS20_Training_310
2026-06-28 21:05:11,312  INFO    PRED :
Lesion area: the right frontal and parietal lobes with a mixture of heterogeneous high and low signals, indicating significant lesions
Edema: the right frontal and parietal lobes with a large extent of edema
Necrosis: the right parietal and occipital lobes with a mix of heterogeneous high and low signals
Ventricular compression: the right lateral ventricle is compressed and deformed
2026-06-28 21:05:11,312  INFO    REF  :
Lesion area: the central image, right frontal lobes, and temporal lobe regions (anterior and middle parts) with mixed signal intensity, with prominent speckled high-signal regions suggesting the presence of multiple lesions
Edema: significant, present around the lesions in the right frontal and temporal lobes, characterized by persistent high signal intensity, with extensive extent indicating pronounced swelling of surrounding tissues
Necrosis: observed in parts of the right parietal and frontal lobes, characterized by alternating regions of diffuse inhomogeneous low and high signal intensities, with unclear boundaries and a high degree of signal mixing
Ventricular compression: mild, with deformation of the right lateral ventricle, suggesting a gradually increasing mass effect
2026-06-28 21:05:11,312  INFO  ============================================================
2026-06-28 21:05:11,312  INFO    No improvement (10/12)
2026-06-28 21:06:01,956  INFO  [scifive-base] E 22  train=1.4892 (ppl 4.43)  val=1.4137 (ppl 4.11)  gn=1.576
2026-06-28 21:06:08,263  INFO    Content score (lesion): lobe_jacc=0.476  hemi=0.958  -> 0.717
2026-06-28 21:06:08,266  INFO  
============================================================  PREVIEW
2026-06-28 21:06:09,197  INFO  
  Case : BraTS20_Training_286
2026-06-28 21:06:09,197  INFO    PRED :
Lesion area: the left parietal and occipital lobes with a mixture of heterogeneous high and low signals
Edema: the left frontal and parietal lobes of the brain with a high degree of edema
Necrosis: the left parietal and occipital lobes of the brain with a mix of heterogeneous high and low signals
Ventricular compression: the left ventricle is compressed and deformed
2026-06-28 21:06:09,197  INFO    REF  :
Lesion area: the left parietal lobe with mixed signals of varying intensity and spotty high signal areas
Edema: significant, with signal regions mainly located in the left frontal and parietal lobes, appearing as high signals, suggesting substantial swelling of the tissues surrounding the lesion, and covering a large area extending over the parietal and frontal lobes with widespread impact
Necrosis: observed with possible necrotic signals primarily distributed around the high signal zone in the left parietal lobe, appearing as a mix of high and low signals, indicating tissue
necrosis
Ventricular compression: observed, with the left lateral ventricle notably compressed and reduced in size, demonstrating significant compressive effects of the lesion on brain tissue and ventricles
2026-06-28 21:06:10,091  INFO  
  Case : BraTS20_Training_079
2026-06-28 21:06:10,091  INFO    PRED :
Lesion area: the right parietal and occipital lobes with a mix of heterogeneous high and low signals
Edema: the right frontal and parietal lobes with a large extent of edema
Necrosis: the right frontal and parietal lobes with a mix of heterogeneous high and low signals
Ventricular compression: the right lateral ventricle is compressed and deformed
2026-06-28 21:06:10,091  INFO    REF  :
Lesion area: the right parietal lobe with mixed high and low signal intensity, along with spotted high signal regions
Edema: significant within the right parietal lobe area, indicating some degree of swelling in the surrounding tissues of the lesion
Necrosis: potential with mixed signal intensity in the right region, scattered throughout
Ventricular compression: not observed
2026-06-28 21:06:10,091  INFO  ============================================================
2026-06-28 21:06:10,091  INFO    No improvement (11/12)
2026-06-28 21:07:00,830  INFO  [scifive-base] E 23  train=1.4773 (ppl 4.38)  val=1.3993 (ppl 4.05)  gn=1.555
2026-06-28 21:07:07,048  INFO    Content score (lesion): lobe_jacc=0.469  hemi=0.875  -> 0.672
2026-06-28 21:07:07,050  INFO  
============================================================  PREVIEW
2026-06-28 21:07:07,889  INFO  
  Case : BraTS20_Training_204
2026-06-28 21:07:07,889  INFO    PRED :
Lesion area: the right frontal and parietal lobes with a mix of heterogeneous high and low signals, with speckled high-signal areas
Edema: the right frontal and parietal lobes of the brain with a large extent of edema
Necrosis: the right frontal and parietal lobes of the brain with a mix of heterogeneous high and low signals
Ventricular compression: the right lateral ventricle is compressed and deformed
2026-06-28 21:07:07,889  INFO    REF  :
Lesion area: the right side of the brain, specifically in the frontal, temporal, and parietal lobes, with heterogeneous mixed high and low signals and patchy high signal areas
Edema: primarily seen in the right temporal and parietal lobes, with an extent that is extensive, suggesting marked swelling in the tissues surrounding the lesion
Necrosis: interspersed in small patches among the lesion areas in the right side of the brain, featuring uneven signal intensity
Ventricular compression: significant on the right ventricle, indicating a degree of pressure exerted by the lesions on the brain tissue and ventricles
2026-06-28 21:07:08,805  INFO  
  Case : BraTS20_Training_156
2026-06-28 21:07:08,805  INFO    PRED :
Lesion area: the left frontal and parietal lobes with a mix of heterogeneous high and low signals, with speckled high-signal areas
Edema: the left parietal and occipital lobes with a large extent of edema
Necrosis: the left parietal and occipital lobes with a mix of heterogeneous high and low signals
Ventricular compression: the left lateral ventricle is compressed and deformed
2026-06-28 21:07:08,805  INFO    REF  :
Lesion area: the left temporal lobe with a mixed signal of uneven high and low areas, and spotty high signal regions
Edema: significant around the left temporal lobe and extends into part of the parietal lobe area
Necrosis: a suspicious necrotic area in the left temporal lobe, displaying a mixed signal characteristic, concentrated and relatively pronounced
Ventricular compression: accompanied by compression of the adjacent ventricles, with the right ventricle mildly expanded, showing signs of compression
2026-06-28 21:07:08,805  INFO  ============================================================
2026-06-28 21:07:08,805  INFO    No improvement (12/12)
2026-06-28 21:07:08,805  INFO  Early stopping.
2026-06-28 21:07:08,806  INFO  [scifive-base] done in 26.8 min. Best val=1.7898 at epoch 11 (content=0.809)
2026-06-28 21:07:08,886  INFO  
>>> Run 2/6  (elapsed: 26.9 min)
2026-06-28 21:07:08,887  INFO  
######################################################################
2026-06-28 21:07:08,887  INFO  # Training model: scifive-base-aug  (razent/SciFive-base-PMC)
2026-06-28 21:07:08,887  INFO  #   augment=True  aug_preset=tuned  p_swap=0.15  p_shuffle=0.5  shuffle_mode=banded
2026-06-28 21:07:08,887  INFO  #   LoRA r=32  targets=['q', 'v', 'o', 'wi', 'wi_0', 'wi_1', 'wo']  (widen=True)
2026-06-28 21:07:08,887  INFO  #   lobe_rollup=True  select_metric=content
2026-06-28 21:07:08,887  INFO  #   max_input=640  max_target=160
2026-06-28 21:07:08,887  INFO  ######################################################################
2026-06-28 21:07:08,888  INFO  Cases  -> train 294 | val 74
2026-06-28 21:07:08,888  INFO  Examples (x4 fields) -> train 1176 | val 296
2026-06-28 21:07:09,089  INFO  HTTP Request: HEAD https://huggingface.co/razent/SciFive-base-PMC/resolve/main/config.json "HTTP/1.1 307 Temporary Redirect"
2026-06-28 21:07:09,122  INFO  HTTP Request: HEAD https://huggingface.co/api/resolve-cache/models/razent/SciFive-base-PMC/dcf890fee47c99c71935ba94bc204a1114315b54/config.json "HTTP/1.1 200 OK"
2026-06-28 21:07:09,201  INFO  HTTP Request: HEAD https://huggingface.co/razent/SciFive-base-PMC/resolve/main/tokenizer_config.json "HTTP/1.1 404 Not Found"
2026-06-28 21:07:09,278  INFO  HTTP Request: HEAD https://huggingface.co/razent/SciFive-base-PMC/resolve/main/tokenizer_config.json "HTTP/1.1 404 Not Found"
2026-06-28 21:07:09,363  INFO  HTTP Request: GET https://huggingface.co/api/models/razent/SciFive-base-PMC/tree/main/additional_chat_templates?recursive=false&expand=false "HTTP/1.1 404 Not Found"
2026-06-28 21:07:09,465  INFO  HTTP Request: GET https://huggingface.co/api/models/razent/SciFive-base-PMC/tree/main?recursive=true&expand=false "HTTP/1.1 200 OK"
2026-06-28 21:07:09,552  INFO  HTTP Request: HEAD https://huggingface.co/razent/SciFive-base-PMC/resolve/main/spiece.model "HTTP/1.1 302 Found"
2026-06-28 21:07:09,798  INFO  HTTP Request: HEAD https://huggingface.co/razent/SciFive-base-PMC/resolve/main/config.json "HTTP/1.1 307 Temporary Redirect"
2026-06-28 21:07:09,832  INFO  HTTP Request: HEAD https://huggingface.co/api/resolve-cache/models/razent/SciFive-base-PMC/dcf890fee47c99c71935ba94bc204a1114315b54/config.json "HTTP/1.1 200 OK"
2026-06-28 21:07:09,928  INFO  HTTP Request: HEAD https://huggingface.co/razent/SciFive-base-PMC/resolve/main/config.json "HTTP/1.1 307 Temporary Redirect"
2026-06-28 21:07:09,966  INFO  HTTP Request: HEAD https://huggingface.co/api/resolve-cache/models/razent/SciFive-base-PMC/dcf890fee47c99c71935ba94bc204a1114315b54/config.json "HTTP/1.1 200 OK"
2026-06-28 21:07:10,120  INFO  HTTP Request: HEAD https://huggingface.co/razent/SciFive-base-PMC/resolve/main/generation_config.json "HTTP/1.1 404 Not Found"
2026-06-28 21:07:10,200  INFO  HTTP Request: HEAD https://huggingface.co/razent/SciFive-base-PMC/resolve/main/config.json "HTTP/1.1 307 Temporary Redirect"
2026-06-28 21:07:10,233  INFO  HTTP Request: HEAD https://huggingface.co/api/resolve-cache/models/razent/SciFive-base-PMC/dcf890fee47c99c71935ba94bc204a1114315b54/config.json "HTTP/1.1 200 OK"
2026-06-28 21:07:10,407  INFO  Using LR: 3e-05  |  label_smoothing: 0.1
2026-06-28 21:08:03,442  INFO  [scifive-base-aug] E  1  train=4.1094 (ppl 60.91)  val=4.0849 (ppl 59.44)  gn=1.025
2026-06-28 21:08:29,251  INFO    Content score (lesion): lobe_jacc=0.397  hemi=0.042  -> 0.219
2026-06-28 21:08:29,253  INFO  
============================================================  PREVIEW
2026-06-28 21:08:33,554  INFO  
  Case : BraTS20_Training_247
2026-06-28 21:08:33,555  INFO    PRED :
Lesion area: hOc4 (LingG) right [parietal]: ET=2, TC=0, WT=2, region%=16 *- Area PGp (IPL) left [temporal]: - WM/unassigned [other]: other 62%, parietal 18%, temporal 2%, occipital 4%, temporo-Parietal (GapMap) right hemisphere: other 28%, paricalcito-temporal 2% - Temporal-to-Temporal (GAPMap) left (temporal): other 12%, paralcio-temporally 2% Area hIP3
Edema: - - - - - - - hOc4la (LOC) right [occipital]: ET=2, TC=0, WT=1, region%=17 *- Temporal (GapMap) left [parietal]: T=2, T=5, WT =0, region%16 *- - Temporary (GalMap) right (temporal): T = 0 *-, parietal 2%, temporal 2%. - Left hemisphere: - LingG (LingG) right[temporal]: WM/unassigned [other]:
Necrosis: Describe the NECROSIS (location and signal) in one patient: Patient: BraTS20_Training_247 Dominant hemisphere: RIGHT Lobe involvement: - WM/unassigned (GapMap) right [temporal]: ET=2, TC=1, WT=0, region%=16 *- Area hOc3 (LingG) left [occipital]: other 22%, parietal 4%, temporal 2%, frontal 18%, parietal 2%. - Parietal (PhG) right (temporal): other 8%, paricalcito-temporal (G
Ventricular compression: Describe any VENTRICULAR COMPRESSION (which ventricles, what deformation): 'not observed'. If yes, answer in ONE concise line. Please use the atlas matrix for one patient: Patient: BraTS20_Training_247 Dominant hemisphere: RIGHT Lobe involvement: - WM/unassigned [other]: ET=1, TC=0, WT=2, region%=16 *- Area hOc4lp (LOC) right [temporal]: other 62%, parietal 2%, temporal 2%. Atlas matrix for another patient: OTHER - Parietal 8%, temp
2026-06-28 21:08:33,555  INFO    REF  :
Lesion area: the right hemisphere of the brain with a mix of heterogeneous high and low signals and patchy high-signal regions
Edema: significant high-signal, observed in parts of the right hemisphere surrounding the lesions, including sections of the frontal and temporal lobes
Necrosis: mixed signals with uneven intensity, displaying patchy or diffuse combinations of high and low signals, dispersed within the lesions
Ventricular compression: observable compression of the ventricles, particularly the right ventricle area, by the lesion area
2026-06-28 21:08:37,860  INFO  
  Case : BraTS20_Training_078
2026-06-28 21:08:37,861  INFO    PRED :
Lesion area: hOc4 (STS) right [temporal]: ET=14, TC=18, WT=2, region%=5 *- Occipital (GapMap) left [subcortical]: T=5, CC=5, WT =4, region0%=7 *- Area hParietal (GeoMap) right (other): ET3, TC3, WT+2, region5%=8 *- Temporal-to-Insula (Hippocampus, reticular Nucleus) right hemisphere: - WM/unassigned [other]: other 38%, temporal 3%, other 2%, oc
Edema: Please clarify the following question: Where is the EDEMA located? - WT=28, region%=13 *- - - - - - - Area STS1 (STS) right [other]: ET=14, TC=18, WT =2, regional%=16 *- Area OTS1 (OTS) left [other]. Right [temporal]: WT2, region% =15 *- hOc4 (STG) right[temporal/subcortical]: WM/unassigned (other): - Temporal (GapMap) right (temporal): Other 32%,
Necrosis: Describe the NECROSIS (location and signal). If there is none, answer 'not observed'. If there are no atlas matrix, answer in one concise line. Please use the Atlas matrix for one patient: Patient: BraTS20_Training_078 Dominant hemisphere: RIGHT hOc4 (FusG) right [temporal]: ET=14, TC=18, WT=2, region%=16 *- Area OTS1 (OTS) right[other]: WM/unassigned (other): - Temporal-to-Parietal (GapMap) left [subcortical]: non-observed
Ventricular compression: Describe any VENTRICULAR COMPRESSION. If none, answer 'not observed'. If yes, please use the atlas matrix below. If no, answer in ONE concise line. Please use the Atlas matrix for one patient: Patient: BraTS20_Training_078 Dominant hemisphere: RIGHT hOc4 (FusG) right [other]: ET=14, TC=18, WT=2, region%=16 *- Area OTS1 (OTS) right[other] = ET=5, TC5, WT =4, region% =13 *- Subcortical 3%, thalamus 2%, Thalamus
2026-06-28 21:08:37,861  INFO    REF  :
Lesion area: the right temporal and parietal lobes with a mix of heterogeneous signals, including multiple patchy high-signal areas
Edema: pronounced, mainly observed in the right temporal and parietal lobes, and spans extensively as high-signal regions, indicating significant tissue swelling
Necrosis: identified as several low-signal areas within the lesion region, possibly indicating
necrosis, with uneven signal intensity concentrated in the right temporal lobe
Ventricular compression: slightly observed
2026-06-28 21:08:37,861  INFO  ============================================================
2026-06-28 21:08:38,033  INFO  HTTP Request: HEAD https://huggingface.co/razent/SciFive-base-PMC/resolve/main/config.json "HTTP/1.1 307 Temporary Redirect"
2026-06-28 21:08:38,067  INFO  HTTP Request: HEAD https://huggingface.co/api/resolve-cache/models/razent/SciFive-base-PMC/dcf890fee47c99c71935ba94bc204a1114315b54/config.json "HTTP/1.1 200 OK"
2026-06-28 21:08:38,151  INFO  HTTP Request: HEAD https://huggingface.co/razent/SciFive-base-PMC/resolve/main/config.json "HTTP/1.1 307 Temporary Redirect"
2026-06-28 21:08:38,191  INFO  HTTP Request: HEAD https://huggingface.co/api/resolve-cache/models/razent/SciFive-base-PMC/dcf890fee47c99c71935ba94bc204a1114315b54/config.json "HTTP/1.1 200 OK"
2026-06-28 21:08:38,216  INFO    ✓ New best (content=0.219) → checkpoints_multi_v4/scifive-base-aug
2026-06-28 21:09:31,097  INFO  [scifive-base-aug] E  2  train=4.0677 (ppl 58.42)  val=4.0223 (ppl 55.83)  gn=0.976
2026-06-28 21:09:56,703  INFO    Content score (lesion): lobe_jacc=0.422  hemi=0.167  -> 0.294
2026-06-28 21:09:56,706  INFO  
============================================================  PREVIEW
2026-06-28 21:10:00,992  INFO  
  Case : BraTS20_Training_301
2026-06-28 21:10:00,992  INFO    PRED :
Lesion area: 0%, 1%, 3%, 2%, 4%, 5%, 6%, 7%, 8%, temporal 0% %, 0%. - - - ET=1, TC=16, WT=6, region%=1 *- Left [frontal]: ET=0, ET=2, TC1, WT =0, region% =24 *- Right (GapMap) left [limbic]: - ET=7, CC=1, region percentage=2 *- Area 6d3 (SFG) right [other]: Other 0%- Area 4a (SPL) left (other): other 9%- WM/un
Edema: 0% 0%, 1%, 3%, 2%, 4%, 5%, 6%, 7%, 8%, 9%, 0% - - what is the EDEMA? Is there a hemispheric atlas matrix for one patient? - - - - left [frontal]: ET=2, TC=1, WT=0, region%=16 *- Left (GapMap) right [limbic]: - Area 6ma (preSMA, mesial SFG) left [other]: 2 *- WM/unassigned 0%. Area 6d3 (SF
Necrosis: Describe the NECROSIS (location and signal). If there is none, answer 'not observed'. If there are no atlas, use the matrix below. If not observed, use only the atlases. Otherwise, use 'observed'. For example, TC=0, WT=1, region%=1 *- Area 6ma (preSMA, mesial SFG) right [frontal]: ET=2, TC1, WT =0, region%2 *- WM/unassigned (GapMap) left [limbic]: 0%, 5%, 1%, 2%, temporal 0% - Areas: -
Ventricular compression: Describe any VENTRICULAR COMPRESSION. If none, answer 'not observed'. If yes, answer: 'no'. Please use the atlas matrix for one patient: Patient: BraTS20_Training_301 Dominant hemisphere: BILATERAL Lobe involvement: WM/unassigned (GapMap) right [frontal]: ET=1, TC=2, WT=0, region%=1 *- Area 6ma (SMA, mesial SFG) left [other]: not observed [other]. - - Area 8d2 (SPL) right[limbic]: 0%, other 0%
2026-06-28 21:10:00,992  INFO    REF  :
Lesion area: the left frontal, parietal, and temporal lobes with a mix of irregular high and low signals along with spotty high signal areas
Edema: significant, primarily located in the left parietal and frontal lobes, indicating considerable swelling of the surrounding tissues near the lesions
Necrosis: suggested by regions with abnormal signal intensity, exhibiting a mix of high and low signals, focusing on the left parietal and frontal lobes
Ventricular compression: observed as the ventricles are deformed and compressed, particularly near the parietal lobe lesion area, showing a notable impact of the lesion on the ventricles
2026-06-28 21:10:05,279  INFO  
  Case : BraTS20_Training_115
2026-06-28 21:10:05,279  INFO    PRED :
Lesion area: Please clarify this question in ONE concise line. Answer: In which lobe(s) is the tumor LESION, and what is its signal characteristics? Dominant hemisphere: RIGHT Lobe involvement: other 45%, parietal 12%, temporal 1%, insula 2%, occipital 4%, parietal 1% Area 4a (PreCG) right [frontal]: ET=10, TC=8, WT=0, region%=14 *- Area 8v1 (POperc) right (frontal): - WM/unassigned (other): Other 5%, WM 6%, GM 2% -
Edema: - - What is the EDEMA? - How extensive is it? - - - - - - - - - Right-II (GapMap) right [frontal]: ET=10, TC=28, WT=0, region%=46 *- Left-I (Poperc) left [parietal]: T=8, TC6, WT =1, region% =13 *- Area 4a (PostCG) right (frontal): - IPL/unassigned [other]: WM/unexplained 45%, temporal 12%, insula
Necrosis: Describe the NECROSIS (location and signal). If there is none, answer 'not observed'. If there are no atlas, answer in one concise line. Please use the matrix below to describe the location and signal. If it is not observed, please use only the atlases matrix for one patient: BraTS20_Training_115 Dominant hemisphere: RIGHT Lobe involvement: other 65%, parietal 12%, temporal 1%, insula 2%, occipital 4%, thalamus 2% Area 4p (POperc) right [other]: ET=2, TC=0, WT=1, region%=14 *-
Ventricular compression: Describe any VENTRICULAR COMPRESSION (which ventricles, what deformations). If none, answer 'not observed'. If no, use the atlas matrix below. If not observed, do not use the matrix above. If 'other', answer in one concise line. Answer in ONE concise line: Describe a COMPREHENSION. If yes, please provide a brief description of the atlases matrix for one patient: BraTS20_Training_115 Dominant hemisphere: RIGHT Lobe involvement: - WM/unassigned [other]: ET=2, TC=0, WT=1, region%=14 *- Area
2026-06-28 21:10:05,279  INFO    REF  :
Lesion area: the right frontal and parietal lobes with a mixture of heterogeneous high and low signals and speckled high-signal areas
Edema: extensive, visible around the lesions in the parietal and frontal lobes, primarily in the right frontal and parietal regions, extending to the adjacent ventricles
Necrosis: detected in the lesion area of the parietal lobe, presenting as heterogeneous low signals and mixed high signals
Ventricular compression: observed, indicated by pressure on the adjacent ventricles with slight morphological changes
2026-06-28 21:10:05,279  INFO  ============================================================
2026-06-28 21:10:05,458  INFO  HTTP Request: HEAD https://huggingface.co/razent/SciFive-base-PMC/resolve/main/config.json "HTTP/1.1 307 Temporary Redirect"
2026-06-28 21:10:05,495  INFO  HTTP Request: HEAD https://huggingface.co/api/resolve-cache/models/razent/SciFive-base-PMC/dcf890fee47c99c71935ba94bc204a1114315b54/config.json "HTTP/1.1 200 OK"
2026-06-28 21:10:05,575  INFO  HTTP Request: HEAD https://huggingface.co/razent/SciFive-base-PMC/resolve/main/config.json "HTTP/1.1 307 Temporary Redirect"
2026-06-28 21:10:05,612  INFO  HTTP Request: HEAD https://huggingface.co/api/resolve-cache/models/razent/SciFive-base-PMC/dcf890fee47c99c71935ba94bc204a1114315b54/config.json "HTTP/1.1 200 OK"
2026-06-28 21:10:05,655  INFO    ✓ New best (content=0.294) → checkpoints_multi_v4/scifive-base-aug
2026-06-28 21:10:58,564  INFO  [scifive-base-aug] E  3  train=3.9791 (ppl 53.47)  val=3.8736 (ppl 48.11)  gn=1.153
2026-06-28 21:11:24,290  INFO    Content score (lesion): lobe_jacc=0.444  hemi=0.208  -> 0.326
2026-06-28 21:11:24,292  INFO  
============================================================  PREVIEW
2026-06-28 21:11:28,586  INFO  
  Case : BraTS20_Training_326
2026-06-28 21:11:28,586  INFO    PRED :
Lesion area: Please clarify this question in the Discussion section. Patient: BraTS20_Training_326 Dominant hemisphere: BILATERAL Lobe involvement: other 45%, parietal 8%, temporal 0%, temporo-parietal 7%, paricalcito-occipital 6%, frontal-to-frontal (GapMap) left [frontal]: ET=21, TC=16, region%=1 *- WM/unassigned [other]: other 39%, pariccipital 11%, temponal 0% - Area 7M (SPL) right [parietic]: - - Other
Edema: Please clarify this point in the discussion section. - - - - - - - Temporal-to-Parietal (GapMap) right [parietal]: ET=21, TC=16, region%=1 *- Frontal left [occipital]: T=2, TC2, region% =3 *- Parietal left [frontal]:T=0, CC=1, regions%=2 *- - hOc1 (V1, 17, CalcS) left [other]: - Left [ocecal]: other 39%, parietal 8%, temporal 0% -
Necrosis: Describe the NECROSIS (location and signal). If there is none, answer 'not observed'. If there are no atlases, please use the atlas matrix to describe the location and signal. If it is not observed, please provide a brief description of the location/signal. Otherwise, if there is a TC=0, region%=2 *- Area hOc1 (V1, 17, CalcS) left [occipital]: ET=9, TC2, region% =3 *- WM/unassigned [other]: TC+0, t=0 - Area 7M (SPL) right [parietal]: not observed
Ventricular compression: Describe any VENTRICULAR COMPRESSION. If none, answer 'not observed'. If no, say 'other'
2026-06-28 21:11:28,586  INFO    REF  :
Lesion area: the left side of the brain, specifically involving the frontal and parietal lobes, with a mixture of heterogeneous signal intensities and patchy high signal areas
Edema: significant, mainly observed in the tissue surrounding the lesions, particularly around the larger high signal lesion areas, extending significantly to the peripheral regions of the frontal and parietal lobes
Necrosis: within the high signal lesions, with areas of low signal that may represent necrotic tissue, interspersed within the high signal lesion areas, presenting with irregular contours, and some located deep within the frontal lobe
Ventricular compression: exerting a certain degree of compression on the ventricles, showing deformation of the
ventricular system under pressure
2026-06-28 21:11:32,870  INFO  
  Case : BraTS20_Training_078
2026-06-28 21:11:32,870  INFO    PRED :
Lesion area: Please clarify this question in the Discussion section. WT=28, region%=0 *- Temporal-to-Parietal (GapMap) right [parietal]: ET=30, TC=31, WT =28, regions%=13 *- Subcortical (GeoMap) left [temporal]: T=16, CC=18, T=20, WF=27, occipital 3%, temporal 2%, thalamus 2% Area OTS1 (OTS) right hemisphere: - WM/unassigned right [other]: other 48%, parietal
Edema: Please clarify this point in the discussion section. EDEMA is located in the right hemisphere of the brain. - - - - - Subcortical (GapMap) right [temporal]: ET=14, TC=18, WT=4, region%=13 *- Rt (Thalamus, reticular Nucleus) left [parietal]: T=16, CC=17, T=2, region% =11 *- Area STS1 (STS) right[other]: - OTS1 (OTS) left (other): WM/unassigned [other], other 5%
Necrosis: Describe the NECROSIS (location and signal). If there is none, answer 'not observed'. If there are no atlas, please use the matrix below. If not observed, answer in ONE concise line. Please use only the atlases matrix for one patient: Patient: BraTS20_Training_078 Dominant hemisphere: RIGHT hOc4 (FusG) right [temporal]: ET=14, TC=18, WT=2, region%=16 *- Area OTS1 (OTS) right[other]: - - Area FG4 (GapMap) right (other): WM/unassigned (
Ventricular compression: Describe any VENTRICULAR COMPRESSION (which ventricles, what deformations). If none, answer 'not observed'. If yes, please use the atlas matrix below. If no, use the matrix above. If not observed, use only the atlases matrix. If there are no ventriculae, do not know which ventricle(s) are involved. If 'no', answer in one concise line. For example, if 'other' is not observed - Area FG4 (FusG) right [temporal]: ET=14, TC=18, WT=2, region%=16 *- Area OTS1 (OTS) right
2026-06-28 21:11:32,870  INFO    REF  :
Lesion area: the right temporal and parietal lobes with a mix of heterogeneous signals, including multiple patchy high-signal areas
Edema: pronounced, mainly observed in the right temporal and parietal lobes, and spans extensively as high-signal regions, indicating significant tissue swelling
Necrosis: identified as several low-signal areas within the lesion region, possibly indicating
necrosis, with uneven signal intensity concentrated in the right temporal lobe
Ventricular compression: slightly observed
2026-06-28 21:11:32,870  INFO  ============================================================
2026-06-28 21:11:33,122  INFO  HTTP Request: HEAD https://huggingface.co/razent/SciFive-base-PMC/resolve/main/config.json "HTTP/1.1 307 Temporary Redirect"
2026-06-28 21:11:33,156  INFO  HTTP Request: HEAD https://huggingface.co/api/resolve-cache/models/razent/SciFive-base-PMC/dcf890fee47c99c71935ba94bc204a1114315b54/config.json "HTTP/1.1 200 OK"
2026-06-28 21:11:33,234  INFO  HTTP Request: HEAD https://huggingface.co/razent/SciFive-base-PMC/resolve/main/config.json "HTTP/1.1 307 Temporary Redirect"
2026-06-28 21:11:33,269  INFO  HTTP Request: HEAD https://huggingface.co/api/resolve-cache/models/razent/SciFive-base-PMC/dcf890fee47c99c71935ba94bc204a1114315b54/config.json "HTTP/1.1 200 OK"
2026-06-28 21:11:33,311  INFO    ✓ New best (content=0.326) → checkpoints_multi_v4/scifive-base-aug
2026-06-28 21:12:26,078  INFO  [scifive-base-aug] E  4  train=3.7994 (ppl 44.67)  val=3.5953 (ppl 36.43)  gn=1.149
2026-06-28 21:12:51,513  INFO    Content score (lesion): lobe_jacc=0.374  hemi=0.167  -> 0.270
2026-06-28 21:12:51,515  INFO  
============================================================  PREVIEW
2026-06-28 21:12:55,512  INFO  
  Case : BraTS20_Training_310
2026-06-28 21:12:55,512  INFO    PRED :
Lesion area: Please clarify this question in a more detailed way. For example, if the tumor is LESION, it should be noted that the tumor LESIONS are symmetrical in lobe(s) and hemispherical in hemisphere(s), such as frontal, temporal, parietal, and occipital, TC=0, WT=2, region%=100 *- Area Op5 (Operculum) right [frontal]: TC =3, WT0, region0%=50 - Area Fo3 (OFC) left [parietal]: T=1, T=2, T=3, region%>99 *- Subcortical 3%
Edema: Id2 (Operculum) right [frontal]: TC=1, WT=1, region%=50 - Area Te 2.2 (ST
Necrosis: Describe the NECROSIS (location and signal). If there is none, answer 'not observed'. If there are no atlases, please use the atlas matrix to describe the location and signal. If not observed, use the matrix below. If it is not observed in one patient, use only the matrix above. For example, TC=2, WT=0, region%=100 *- Area Op1 (POperc) right [temporal]: TC =1, WT1, region%>50 *- Subcortical 3%, temporal 8%, parietal 4%, occipital 6%, insula 2%, OFC 3% - Area Te
Ventricular compression: Describe any VENTRICULAR COMPRESSION (which ventricles, what deformation, which deformation). If none, answer 'not observed'. If no, say 'other'
2026-06-28 21:12:55,512  INFO    REF  :
Lesion area: the central image, right frontal lobes, and temporal lobe regions (anterior and middle parts) with mixed signal intensity, with prominent speckled high-signal regions suggesting the presence of multiple lesions
Edema: significant, present around the lesions in the right frontal and temporal lobes, characterized by persistent high signal intensity, with extensive extent indicating pronounced swelling of surrounding tissues
Necrosis: observed in parts of the right parietal and frontal lobes, characterized by alternating regions of diffuse inhomogeneous low and high signal intensities, with unclear boundaries and a high degree of signal mixing
Ventricular compression: mild, with deformation of the right lateral ventricle, suggesting a gradually increasing mass effect
2026-06-28 21:12:59,806  INFO  
  Case : BraTS20_Training_228
2026-06-28 21:12:59,806  INFO    PRED :
Lesion area: Id2 (POperc) right [temporal]: WT=1, region%=8 - Area Id1 (POerc) left [parietal]: ET=21, TC=10, WT =5, region%17 *- Area Te 2.1 (STG) right[temporal], WM/unassigned right [pial]: T=0, WP=2, regions%=5 *- Temporal-to-Parietal (GapMap) right hemisphere: RIGHT Lobe involvement: other 67%, parietal 8%, frontal 4%, insula 1%, temporal 3%, thalamus 1%
Edema: - - - - - where is the EDEMA located? - - Id9 (Insula) right [parietal]: WT=0, region%=5 *- Area Id2 (InSula, SMG) right[temporal]: ET=2, WT =4, region0%=17 *- Iris (GapMap) left [frontal]: T=3, T=5, WT1, region%>0 *- WM/unassigned right [other]: other 33%, parietal 6%, frontal 3%, insula 1%, other 2%, temporal
Necrosis: Describe the NECROSIS (location and signal). If there is none, answer 'not observed'. If there are no atlases, please use the atlas matrix to describe the location and signal. If not observed, answer in ONE concise line. Please use the Atlas matrix below to explain the location of the tumor (region and signal) and the signal (signal and signal), if any, if there is no signal or signal in the region%=0 *- Area TI (STG) right [parietal]: WT=0, region% =5 *- WM/unassigned right [other]: - Temporal-to-Parietal (GapMap) right
Ventricular compression: Describe any VENTRICULAR COMPRESSION (which ventricles, what deformation, which deformation). If none, answer 'not observed'
2026-06-28 21:12:59,806  INFO    REF  :
Lesion area: the right temporal and frontal lobes with a mixture of heterogeneous high and low signals, with some areas showing speckled high signals
Edema: extensive, mainly concentrated in the right temporal lobe and part of the frontal lobe, indicating marked swelling of the surrounding tissues
Necrosis: characterized by clearly low signals, with a notable degree of heterogeneity, mostly scattered in the right temporal and frontal lobes
Ventricular compression: slight compression of the right ventricle, with no severe deformation or significant shift observed yet
2026-06-28 21:12:59,806  INFO  ============================================================
2026-06-28 21:12:59,806  INFO    No improvement (1/12)
2026-06-28 21:13:52,704  INFO  [scifive-base-aug] E  5  train=3.4527 (ppl 31.59)  val=3.1838 (ppl 24.14)  gn=1.165
2026-06-28 21:14:12,945  INFO    Content score (lesion): lobe_jacc=0.235  hemi=0.583  -> 0.409
2026-06-28 21:14:30,734  INFO    Hemisphere quick-check (lesion field): 9/20 = 45.0%
2026-06-28 21:14:53,181  INFO    Within-report distinctness: collapse=0%  distinct_ratio=0.95  (0.25=full collapse, 1.0=all differ)
2026-06-28 21:15:10,116  INFO    Cross-patient[lesion]: 18/19 unique = 0.95  (1.0=all differ, low=TEMPLATE COLLAPSE)
2026-06-28 21:15:17,707  INFO    Cross-patient[necrosis]: 12/19 unique = 0.63  (1.0=all differ, low=TEMPLATE COLLAPSE)
2026-06-28 21:15:17,709  INFO  
============================================================  PREVIEW
2026-06-28 21:15:21,122  INFO  
  Case : BraTS20_Training_094
2026-06-28 21:15:21,122  INFO    PRED :
Lesion area: 2%, parietal 0%, 3%, 1%, 4%, 6%, 8%, 7%, 5%, 2% left hemisphere: other 3% and 2% of the tumor volume is LESION AREA. Answer: In which lobe(s)
Edema: 3%, parietal 2%, 0%, 4%, 1%, 2% - Area FG5 (FusG) left [temporal]: WT=0, region%=2 *- Area Ph1 (PhG) right [temporal]: ET=2, TC=4, WT =5, region%7 *- Subc (Hippocampus, Subicular complex) left[temporal], WT(3, region%)=8 - CA1 (Hypocampal) left (temporal): ET1, WT0, regions%=0 - WM/unassigned (GapMap) and subc (Parietal)
Necrosis: 3%, parietal 2%, 0%, 1%, 4%, 6%, 2% left occipital 5%, frontal 2%; 2% - 'not observed'. If there is no NECROSIS (location and signal), answer 'necrosis'. Describe the location of the lesion in the brain. If it is not observed, answer "not observed"
Ventricular compression: 3%, parietal 2%, 0%, 1%, 4%, 6%, 2% left hemisphere: 5%, 7%, 8%, 9%, 3% - Area FG5 (FusG) left [temporal]: WT=0, region%=2 *- Area Ph1 (PhG) right [temporal]: ET=2, TC=4, WT =5, region%7 - Subc (Hippocampus, Subicular complex) left (temporal): - WM/unassigned (GapMap) and subc (Parietal complex) bilaterally (left lateralized): no deformation
2026-06-28 21:15:21,122  INFO    REF  :
Lesion area: the left parietal and occipital lobes with heterogeneous mixed signals with spotty high signals
Edema: significant, mainly observed in the left parietal and occipital lobes, with high signal intensity and substantial extent overlapping with lesion areas
Necrosis: observed with low signal intensity mixed with high signal spots, mainly concentrated and scattered in the left parietal and occipital lobes
Ventricular compression: pronounced, especially under the influence of lesions in the left parietal and occipital regions
2026-06-28 21:15:22,615  INFO  
  Case : BraTS20_Training_138
2026-06-28 21:15:22,615  INFO    PRED :
Lesion area: Figure 1 shows the LESION of the right hemisphere in one patient. Figure 1 illustrates the signal characteristics of the tumor
Edema: Please clarify this point. The EDEMA is located in the right frontal lobe of the brain,
Necrosis: Describe the NECROSIS (location and signal) in one patient. If there is no atlas, answer 'not observed'
Ventricular compression: Describe any VENTRICULAR COMPRESSION (which ventricles, what deformation) in the right ventricle (which deformation, which deformation). If none, answer 'not observed'
2026-06-28 21:15:22,615  INFO    REF  :
Lesion area: the frontal and parietal regions of the right cerebral hemisphere with a mixture of heterogeneous high and low signals, with spotty high-signal areas
Edema: a marked high-signal indication surrounding the frontal and parietal regions of the right cerebral hemisphere, suggesting significant swelling
Necrosis: primarily concentrated in the deep part of the right parietal lobe, resembling a mixed low-signal area
Ventricular compression: present as the
ventricular system is compressed and deformed, with the right lateral ventricle compressed and narrowed
2026-06-28 21:15:22,615  INFO  ============================================================
2026-06-28 21:15:22,776  INFO  HTTP Request: HEAD https://huggingface.co/razent/SciFive-base-PMC/resolve/main/config.json "HTTP/1.1 307 Temporary Redirect"
2026-06-28 21:15:22,811  INFO  HTTP Request: HEAD https://huggingface.co/api/resolve-cache/models/razent/SciFive-base-PMC/dcf890fee47c99c71935ba94bc204a1114315b54/config.json "HTTP/1.1 200 OK"
2026-06-28 21:15:22,883  INFO  HTTP Request: HEAD https://huggingface.co/razent/SciFive-base-PMC/resolve/main/config.json "HTTP/1.1 307 Temporary Redirect"
2026-06-28 21:15:22,923  INFO  HTTP Request: HEAD https://huggingface.co/api/resolve-cache/models/razent/SciFive-base-PMC/dcf890fee47c99c71935ba94bc204a1114315b54/config.json "HTTP/1.1 200 OK"
2026-06-28 21:15:22,969  INFO    ✓ New best (content=0.409) → checkpoints_multi_v4/scifive-base-aug
2026-06-28 21:16:16,011  INFO  [scifive-base-aug] E  6  train=3.0568 (ppl 21.26)  val=2.8190 (ppl 16.76)  gn=1.113
2026-06-28 21:16:30,035  INFO    Content score (lesion): lobe_jacc=0.365  hemi=0.542  -> 0.453
2026-06-28 21:16:30,037  INFO  
============================================================  PREVIEW
2026-06-28 21:16:32,748  INFO  
  Case : BraTS20_Training_001
2026-06-28 21:16:32,749  INFO    PRED :
Lesion area: 4%, frontal 1%, occipital 2%, 5%, 3%, and 1% of the right hemisphere is affected
Edema: Id2 (Insula) right [parietal]: ET=1, TC=0, WT=0
Necrosis: - - - - - - - If there is no signal, answer 'observed'. If there are no signals, say 'not observed' and, WT=0, region%=1 *- Right frontal lobe right [parietal]: ET=2, TC=1, WT =0, regions%=2 *- Left temporal right hemisphere: WT2, WT>0, area%=31 *- WM right [temporal]: other 8%, frontal 14%, occipital 1%, left parietal 4%, fronto-parietical 2%, left
Ventricular compression: 'not observed'. 'Not observed': 'no deformation'
2026-06-28 21:16:32,749  INFO    REF  :
Lesion area: the right frontal and parietal lobes with a mixed pattern of high and low signals with speckled high signal regions
Edema: mainly observed in the right parietal lobe, partially extending to the frontal lobe, presenting as high signal, indicating significant tissue swelling around the lesion
Necrosis: within the lesions of the right parietal and frontal lobes, appearing as mixed, with alternating high and low signal regions
Ventricular compression: seen in the lateral ventricles with significant compressive effects on the brain tissue and ventricles
2026-06-28 21:16:35,660  INFO  
  Case : BraTS20_Training_238
2026-06-28 21:16:35,661  INFO    PRED :
Lesion area: 2%, parietal 1%, occipital 0%, frontal 3%, insula 2% 5%, 5% left hemisphere 4%, left hippocampus 6%, left temporal 8%, occipito-parietal 2% and left thalamus 2% with a high signal intensity in the left lateral ventricle
Edema: 2%, parietal 1%, occipital 0%, frontal 3%, insula 2% 5%, temporal 4%, occipito-parietal 0% 8%, left hemisphere 6%, right hemispheric 7%, bilateral hippocampus 3% and left hyoid lobes 2% and right lateral horns 3% 5% of the EDEMA in the left temporal region, with a slight increase in the right temporal portion of the lesion. - Area Ph2 (PhG) left [temporal]: ET=1, TC=0, WT=0
Necrosis: 0%, 1%, 2%, 3%, 4%, 5%, 6%, 7%, parietal 2% and 2% of the left temporal lobe, occipital lobule, and hippocampus, reticular complex) left [temporal]: ET=1, TC=0, WT=2, region%=1 *- Subc (Thalamus, Subicular complex), left [parietal], left [frontal]: no signal, but a signal was observed in the left hemisphere
Ventricular compression: 'not observed'. 'Not observed': 'no deformation'
2026-06-28 21:16:35,661  INFO    REF  :
Lesion area: the left frontal lobe with a mixture of heterogeneous high and low signals
Edema: a significant high-signal area in the left brain, primarily concentrated in the left frontal and parietal lobes, with tissue swelling and considerable extent
Necrosis: a potential area within the lesion region, with the left parietal lobe showing mixed moderate to low signal areas and irregular low-signal areas in the left frontal lobe, suggesting dispersed necrotic tissue presence
Ventricular compression: observed in the left ventricle, with irregular shape and significant deformation, indicating a substantial compressive impact
2026-06-28 21:16:35,661  INFO  ============================================================
2026-06-28 21:16:35,839  INFO  HTTP Request: HEAD https://huggingface.co/razent/SciFive-base-PMC/resolve/main/config.json "HTTP/1.1 307 Temporary Redirect"
2026-06-28 21:16:35,874  INFO  HTTP Request: HEAD https://huggingface.co/api/resolve-cache/models/razent/SciFive-base-PMC/dcf890fee47c99c71935ba94bc204a1114315b54/config.json "HTTP/1.1 200 OK"
2026-06-28 21:16:35,962  INFO  HTTP Request: HEAD https://huggingface.co/razent/SciFive-base-PMC/resolve/main/config.json "HTTP/1.1 307 Temporary Redirect"
2026-06-28 21:16:35,999  INFO  HTTP Request: HEAD https://huggingface.co/api/resolve-cache/models/razent/SciFive-base-PMC/dcf890fee47c99c71935ba94bc204a1114315b54/config.json "HTTP/1.1 200 OK"
2026-06-28 21:16:36,044  INFO    ✓ New best (content=0.453) → checkpoints_multi_v4/scifive-base-aug
2026-06-28 21:17:28,972  INFO  [scifive-base-aug] E  7  train=2.7114 (ppl 15.05)  val=2.4756 (ppl 11.89)  gn=1.104
2026-06-28 21:17:37,154  INFO    Content score (lesion): lobe_jacc=0.515  hemi=0.792  -> 0.653
2026-06-28 21:17:37,157  INFO  
============================================================  PREVIEW
2026-06-28 21:17:38,186  INFO  
  Case : BraTS20_Training_074
2026-06-28 21:17:38,186  INFO    PRED :
Lesion area: the left frontal and parietal lobes, and the right occipital lobules
Edema: The EDEMA is located in the right frontal and parietal lobes
Necrosis: hOccipital and parietal lobes with high signal intensity
Ventricular compression: 'not observed' in the left ventricle, which deforms more rapidly than the right ventricles
2026-06-28 21:17:38,186  INFO    REF  :
Lesion area: the left parietal lobe with a mix of high and low signals, exhibiting an uneven signal pattern and spotty high-signal areas, suggesting multiple lesions
Edema: mainly located around the left parietal lobe with notable swelling and moderate extent, affecting some adjacent tissues
Necrosis: some low-signal areas concentrated in the central region of the lesions with a mixed signal appearance, with some regions accompanying high-signal edges, suggesting progressive
necrosis
Ventricular compression: not observed
2026-06-28 21:17:40,320  INFO  
  Case : BraTS20_Training_078
2026-06-28 21:17:40,320  INFO    PRED :
Lesion area: Right occipital lobe: WT=2, region%=15 *- Right lateral lobule: asymmetrical, with high signal in the right parietal and temporal regions
Edema: Right frontal lobe: WT=2, region%=11 *- Left frontal and temporal lobules: Wt=0, region0%=0 *- Area hOc4 (FusG) right [parietal]: ET=14, TC=18, WT =2, regions%=16 - Area OTS1 (OTS) right parietal and temporo-temporal right hemispheres with high signal intensity
Necrosis: The right occipital lobe: WT=2, region%=16 *- Area FG4 (FusG) right [temporal]: ET=14, TC=18, WT =2, region5%=15 *- Subcortical 2%, olfactory 3%, reticular nuclei 2% and hippocampus 2% with a high signal in the right hemisphere
Ventricular compression: Right ventricle, right frontal lobe, left lateral ventricles, and right ventricules
2026-06-28 21:17:40,320  INFO    REF  :
Lesion area: the right temporal and parietal lobes with a mix of heterogeneous signals, including multiple patchy high-signal areas
Edema: pronounced, mainly observed in the right temporal and parietal lobes, and spans extensively as high-signal regions, indicating significant tissue swelling
Necrosis: identified as several low-signal areas within the lesion region, possibly indicating
necrosis, with uneven signal intensity concentrated in the right temporal lobe
Ventricular compression: slightly observed
2026-06-28 21:17:40,320  INFO  ============================================================
2026-06-28 21:17:40,685  INFO  HTTP Request: HEAD https://huggingface.co/razent/SciFive-base-PMC/resolve/main/config.json "HTTP/1.1 307 Temporary Redirect"
2026-06-28 21:17:40,723  INFO  HTTP Request: HEAD https://huggingface.co/api/resolve-cache/models/razent/SciFive-base-PMC/dcf890fee47c99c71935ba94bc204a1114315b54/config.json "HTTP/1.1 200 OK"
2026-06-28 21:17:40,808  INFO  HTTP Request: HEAD https://huggingface.co/razent/SciFive-base-PMC/resolve/main/config.json "HTTP/1.1 307 Temporary Redirect"
2026-06-28 21:17:40,842  INFO  HTTP Request: HEAD https://huggingface.co/api/resolve-cache/models/razent/SciFive-base-PMC/dcf890fee47c99c71935ba94bc204a1114315b54/config.json "HTTP/1.1 200 OK"
2026-06-28 21:17:40,890  INFO    ✓ New best (content=0.653) → checkpoints_multi_v4/scifive-base-aug
2026-06-28 21:18:33,882  INFO  [scifive-base-aug] E  8  train=2.3735 (ppl 10.73)  val=2.1089 (ppl 8.24)  gn=1.101
2026-06-28 21:18:40,153  INFO    Content score (lesion): lobe_jacc=0.486  hemi=0.792  -> 0.639
2026-06-28 21:18:40,155  INFO  
============================================================  PREVIEW
2026-06-28 21:18:41,131  INFO  
  Case : BraTS20_Training_040
2026-06-28 21:18:41,132  INFO    PRED :
Lesion area: the right frontal and parietal lobes, with a high signal intensity in the right hemisphere
Edema: the right frontal and parietal lobes, with a high degree of heterogeneity
Necrosis: mainly in the right frontal and parietal lobes
Ventricular compression: the right ventricle, and the left ventricles, causing deformation of the ventriculo-medial septum, resulting in a large deformation
2026-06-28 21:18:41,132  INFO    REF  :
Lesion area: the bilateral frontal and temporal lobes with a mixed signal of uneven high and low intensity with patchy high signal areas
Edema: pronounced, chiefly observed in the bilateral lateral frontal lobes, with significant swelling of surrounding tissues, extensive and extending into the temporal lobes
Necrosis: located at the center of the bilateral lateral frontal lobes, characterized by high signal areas interspersed with low signals, primarily in the aforementioned areas
Ventricular compression: notably present as the right ventricle is compressed and deformed, whereas the left ventricle maintains a normal shape
2026-06-28 21:18:42,177  INFO  
  Case : BraTS20_Training_031
2026-06-28 21:18:42,177  INFO    PRED :
Lesion area: mainly in the right parietal lobe, with a high signal intensity and a low signal intensity
Edema: mainly in the right frontal and parietal lobes
Necrosis: the right frontal and parietal lobes, with a high signal intensity in the right occipital and temporal regions
Ventricular compression: the right ventricle, and the left ventricles, causing deformation of the ventriculo-parietal axis
2026-06-28 21:18:42,177  INFO    REF  :
Lesion area: the left frontal lobe region with a mixed signal of heterogeneous high and low intensities, accompanied by speckled high signal areas
Edema: a marked increase in signal intensity, indicating extensive brain tissue
edema mainly concentrated around the left frontal lobe near the lesions, with a relatively uniform signal intensity suggesting a wide extent of
edema
Necrosis: suggested by central regions of lower signal, located at the core of the lesion, with a moderate mixed degree of low signal areas surrounded by high signal regions
Ventricular compression: observed with the left ventricle deformed due to compression by the lesion, showing significant compression
2026-06-28 21:18:42,177  INFO  ============================================================
2026-06-28 21:18:42,177  INFO    No improvement (1/12)
2026-06-28 21:19:35,191  INFO  [scifive-base-aug] E  9  train=2.1375 (ppl 8.48)  val=1.9673 (ppl 7.15)  gn=1.107
2026-06-28 21:19:39,284  INFO    Content score (lesion): lobe_jacc=0.528  hemi=0.750  -> 0.639
2026-06-28 21:19:39,286  INFO  
============================================================  PREVIEW
2026-06-28 21:19:39,842  INFO  
  Case : BraTS20_Training_342
2026-06-28 21:19:39,842  INFO    PRED :
Lesion area: mainly located in the right frontal and parietal lobes
Edema: mainly located in the right frontal and parietal lobes
Necrosis: mainly located in the right frontal and parietal lobes
Ventricular compression: the right ventricle, causing deformation of the ventricles
2026-06-28 21:19:39,842  INFO    REF  :
Lesion area: the frontal, parietal, and occipital regions of the right hemisphere with mixed signals of varying intensities and spot-like high signal areas
Edema: mainly in the right hemisphere, where the lesions are present, particularly in the surrounding tissues near the lesions, and is extensive, covering the frontal lobe, parietal lobe, and part of the occipital lobe
Necrosis: located in the right hemisphere, especially at the center of the lesion, showing mixed, uneven signals and mostly concentrated
Ventricular compression: observed with the right lateral ventricle compressed and reduced in size
2026-06-28 21:19:40,557  INFO  
  Case : BraTS20_Training_166
2026-06-28 21:19:40,557  INFO    PRED :
Lesion area: mainly located in the right parietal and temporal lobes
Edema: mainly located in the right frontal and parietal lobes
Necrosis: mainly located in the right parietal and temporal lobes
Ventricular compression: the right ventricle, causing deformation of the ventricles
2026-06-28 21:19:40,557  INFO    REF  :
Lesion area: the right frontal and parietal lobes with a mixture of heterogeneous high and low signals, which appear as spotted high-signal areas, suggesting the presence of multiple lesions
Edema: significant with notable swelling of the tissue surrounding the lesion in the right frontal and parietal lobes
Necrosis: observed with low signals, suggesting possible
necrosis primarily concentrated in the central region of the right frontal lobe, featuring mixed signals that indicate varying degrees of
necrosis, dispersed throughout the lesion area
Ventricular compression: identified as the right lateral ventricle is compressed and deformed, while the left lateral ventricle is slightly expanded, indicating some degree of compressive effect on the brain tissue and ventricles due to the lesions
2026-06-28 21:19:40,558  INFO  ============================================================
2026-06-28 21:19:40,558  INFO    No improvement (2/12)
2026-06-28 21:20:33,767  INFO  [scifive-base-aug] E 10  train=2.0256 (ppl 7.58)  val=1.8722 (ppl 6.50)  gn=1.186
2026-06-28 21:20:37,882  INFO    Content score (lesion): lobe_jacc=0.569  hemi=0.833  -> 0.701
2026-06-28 21:20:41,314  INFO    Hemisphere quick-check (lesion field): 14/20 = 70.0%
2026-06-28 21:20:48,088  INFO    Within-report distinctness: collapse=0%  distinct_ratio=0.93  (0.25=full collapse, 1.0=all differ)
2026-06-28 21:20:51,427  INFO    Cross-patient[lesion]: 12/20 unique = 0.60  (1.0=all differ, low=TEMPLATE COLLAPSE)
2026-06-28 21:20:54,677  INFO    Cross-patient[necrosis]: 13/20 unique = 0.65  (1.0=all differ, low=TEMPLATE COLLAPSE)
2026-06-28 21:20:54,679  INFO  
============================================================  PREVIEW
2026-06-28 21:20:55,283  INFO  
  Case : BraTS20_Training_102
2026-06-28 21:20:55,284  INFO    PRED :
Lesion area: mainly located in the right frontal and parietal lobes
Edema: mainly located in the right frontal and parietal lobes
Necrosis: mainly located in the right frontal and parietal lobes
Ventricular compression: mainly located in the right ventricle, causing deformation of the ventricles
2026-06-28 21:20:55,284  INFO    REF  :
Lesion area: the left frontal lobe with a heterogeneous mix of high and low signals
Edema: pronounced
edema signals primarily concentrated in the left frontal lobe, followed by the parietal lobe, exhibiting high signals
Necrosis: potential necrotic areas mainly concentrated in the left frontal lobe, appearing as low signals mixed with high signal regions
Ventricular compression: no evident sign of
ventricular compression
2026-06-28 21:20:56,001  INFO  
  Case : BraTS20_Training_040
2026-06-28 21:20:56,001  INFO    PRED :
Lesion area: the right frontal and parietal lobes, with a mixed pattern of high and low signals
Edema: mainly located in the right frontal and parietal lobes
Necrosis: mainly located in the right frontal and parietal lobes
Ventricular compression: the right ventricle, causing deformation of the ventricles
2026-06-28 21:20:56,001  INFO    REF  :
Lesion area: the bilateral frontal and temporal lobes with a mixed signal of uneven high and low intensity with patchy high signal areas
Edema: pronounced, chiefly observed in the bilateral lateral frontal lobes, with significant swelling of surrounding tissues, extensive and extending into the temporal lobes
Necrosis: located at the center of the bilateral lateral frontal lobes, characterized by high signal areas interspersed with low signals, primarily in the aforementioned areas
Ventricular compression: notably present as the right ventricle is compressed and deformed, whereas the left ventricle maintains a normal shape
2026-06-28 21:20:56,001  INFO  ============================================================
2026-06-28 21:20:56,204  INFO  HTTP Request: HEAD https://huggingface.co/razent/SciFive-base-PMC/resolve/main/config.json "HTTP/1.1 307 Temporary Redirect"
2026-06-28 21:20:56,243  INFO  HTTP Request: HEAD https://huggingface.co/api/resolve-cache/models/razent/SciFive-base-PMC/dcf890fee47c99c71935ba94bc204a1114315b54/config.json "HTTP/1.1 200 OK"
2026-06-28 21:20:56,318  INFO  HTTP Request: HEAD https://huggingface.co/razent/SciFive-base-PMC/resolve/main/config.json "HTTP/1.1 307 Temporary Redirect"
2026-06-28 21:20:56,357  INFO  HTTP Request: HEAD https://huggingface.co/api/resolve-cache/models/razent/SciFive-base-PMC/dcf890fee47c99c71935ba94bc204a1114315b54/config.json "HTTP/1.1 200 OK"
2026-06-28 21:20:56,404  INFO    ✓ New best (content=0.701) → checkpoints_multi_v4/scifive-base-aug
2026-06-28 21:21:49,403  INFO  [scifive-base-aug] E 11  train=1.9370 (ppl 6.94)  val=1.7892 (ppl 5.98)  gn=1.217
2026-06-28 21:21:53,805  INFO    Content score (lesion): lobe_jacc=0.601  hemi=0.792  -> 0.696
2026-06-28 21:21:53,807  INFO  
============================================================  PREVIEW
2026-06-28 21:21:54,490  INFO  
  Case : BraTS20_Training_230
2026-06-28 21:21:54,490  INFO    PRED :
Lesion area: the left frontal and parietal lobes, with a mixture of high and low signals
Edema: the left frontal and parietal lobes, with a high degree of heterogeneity
Necrosis: the left frontal and parietal lobes
Ventricular compression: the left ventricle, causing deformation of the ventricles
2026-06-28 21:21:54,490  INFO    REF  :
Lesion area: the left hemisphere, particularly in the parietal lobe region, with a mixture of heterogeneous high and low signals with spotted high-signal areas
Edema: in the parietal lobe region, prominent with significant
edema signals appearing as high signals, suggesting a considerable degree of swelling in the surrounding tissues, with a broad range of
edema
Necrosis: within the lesion area, showing low signals indicating possible necrotic regions with mixed signals and are relatively evenly distributed
Ventricular compression: clear compression of the left ventricle, suggesting a strong compressive effect on the brain tissue and ventricles
2026-06-28 21:21:55,139  INFO  
  Case : BraTS20_Training_110
2026-06-28 21:21:55,139  INFO    PRED :
Lesion area: the right frontal and parietal lobes, with a mixture of high and low signals
Edema: mainly located in the right frontal and parietal lobes
Necrosis: the right frontal and parietal lobes, with a mixed pattern of high and low signals
Ventricular compression: the right ventricle, causing deformation of the ventricles
2026-06-28 21:21:55,139  INFO    REF  :
Lesion area: the left frontal and occipital lobes with mixed heterogeneous signals and patchy high-signal regions
Edema: significant, primarily observed in the left parietal and frontal lobes, exhibiting considerable swelling and an extensive
edema range
Necrosis: not observed
Ventricular compression: relatively apparent, indicating that the lesion exerts a compressive effect on the ventricles
2026-06-28 21:21:55,139  INFO  ============================================================
2026-06-28 21:21:55,139  INFO    No improvement (1/12)
2026-06-28 21:22:48,135  INFO  [scifive-base-aug] E 12  train=1.8601 (ppl 6.42)  val=1.7191 (ppl 5.58)  gn=1.249
2026-06-28 21:22:52,592  INFO    Content score (lesion): lobe_jacc=0.656  hemi=0.875  -> 0.766
2026-06-28 21:22:52,594  INFO  
============================================================  PREVIEW
2026-06-28 21:22:53,327  INFO  
  Case : BraTS20_Training_342
2026-06-28 21:22:53,328  INFO    PRED :
Lesion area: the right frontal and parietal lobes with a mixture of high and low signals
Edema: the right frontal and parietal lobes with a mixture of high and low signals
Necrosis: the right frontal and parietal lobes with mixed high and low signals
Ventricular compression: the right ventricle is compressed, causing deformation of the ventricles
2026-06-28 21:22:53,328  INFO    REF  :
Lesion area: the frontal, parietal, and occipital regions of the right hemisphere with mixed signals of varying intensities and spot-like high signal areas
Edema: mainly in the right hemisphere, where the lesions are present, particularly in the surrounding tissues near the lesions, and is extensive, covering the frontal lobe, parietal lobe, and part of the occipital lobe
Necrosis: located in the right hemisphere, especially at the center of the lesion, showing mixed, uneven signals and mostly concentrated
Ventricular compression: observed with the right lateral ventricle compressed and reduced in size
2026-06-28 21:22:54,039  INFO  
  Case : BraTS20_Training_305
2026-06-28 21:22:54,039  INFO    PRED :
Lesion area: the right frontal and parietal lobes with a mixture of high and low signals
Edema: the right frontal and parietal lobes with a high degree of heterogeneity
Necrosis: the right frontal and parietal lobes with a mixture of high and low signals
Ventricular compression: the right ventricle is compressed, causing deformation of the ventricles
2026-06-28 21:22:54,039  INFO    REF  :
Lesion area: the right cerebral hemisphere, particularly the parietal and occipital lobes, with a mix of heterogeneous high and low signals, along with speckled high-signal areas
Edema: notable high-signal areas surrounding the lesions mainly concentrated in the right parietal and occipital lobes, with significant swelling of the surrounding tissues, covering a large area
Necrosis: some low-signal areas with uneven signal intensity, with some areas exhibiting extremely low signals, both concentrated and somewhat dispersed
Ventricular compression: the right ventricle subjected to varying degrees of compression, resulting in slight deformation
2026-06-28 21:22:54,039  INFO  ============================================================
2026-06-28 21:22:54,208  INFO  HTTP Request: HEAD https://huggingface.co/razent/SciFive-base-PMC/resolve/main/config.json "HTTP/1.1 307 Temporary Redirect"
2026-06-28 21:22:54,243  INFO  HTTP Request: HEAD https://huggingface.co/api/resolve-cache/models/razent/SciFive-base-PMC/dcf890fee47c99c71935ba94bc204a1114315b54/config.json "HTTP/1.1 200 OK"
2026-06-28 21:22:54,321  INFO  HTTP Request: HEAD https://huggingface.co/razent/SciFive-base-PMC/resolve/main/config.json "HTTP/1.1 307 Temporary Redirect"
2026-06-28 21:22:54,359  INFO  HTTP Request: HEAD https://huggingface.co/api/resolve-cache/models/razent/SciFive-base-PMC/dcf890fee47c99c71935ba94bc204a1114315b54/config.json "HTTP/1.1 200 OK"
2026-06-28 21:22:54,406  INFO    ✓ New best (content=0.766) → checkpoints_multi_v4/scifive-base-aug
2026-06-28 21:23:47,406  INFO  [scifive-base-aug] E 13  train=1.7794 (ppl 5.93)  val=1.6638 (ppl 5.28)  gn=1.301
2026-06-28 21:23:51,676  INFO    Content score (lesion): lobe_jacc=0.653  hemi=0.750  -> 0.701
2026-06-28 21:23:51,678  INFO  
============================================================  PREVIEW
2026-06-28 21:23:52,372  INFO  
  Case : BraTS20_Training_194
2026-06-28 21:23:52,372  INFO    PRED :
Lesion area: the left frontal and parietal lobes with a mixture of high and low signals
Edema: the left frontal and parietal lobes with a high degree of heterogeneity
Necrosis: the left frontal and parietal lobes with mixed high and low signals
Ventricular compression: the left ventricle is compressed and deformed
2026-06-28 21:23:52,372  INFO    REF  :
Lesion area: multiple areas of the left brain (frontal lobe, temporal lobe, parietal lobe, occipital lobe) with irregular signal patterns characterized by mixed high and low signals and spotty high-signal areas
Edema: significant with a substantial amount of high-signal areas indicating marked
edema, primarily concentrated in the frontal and parietal regions of the left brain
Necrosis: characterized by several low-signal areas showing potential signs of
necrosis, with uneven low signals demonstrating the mixed nature of the necrotic tissue scattered without showing any obvious concentration
Ventricular compression: observed in certain areas of the left lateral ventricle, particularly in regions where the lesions are more concentrated
2026-06-28 21:23:53,064  INFO  
  Case : BraTS20_Training_109
2026-06-28 21:23:53,064  INFO    PRED :
Lesion area: the left frontal and parietal lobes with a mixture of high and low signals
Edema: the left frontal and parietal lobes with a mixture of high and low signals
Necrosis: the left frontal and parietal lobes with mixed high and low signals
Ventricular compression: the left ventricle is compressed, causing deformation of the ventricles
2026-06-28 21:23:53,064  INFO    REF  :
Lesion area: the left frontal and parietal lobes with heterogeneous signal intensities, displaying both high and low signal areas, along with speckled high signal regions
Edema: evident around the lesions in the left frontal and parietal lobes, primarily observed around the high signal lesions, indicating the extent of tissue swelling and
edema
Necrosis: mainly concentrated in the left parietal region, characterized by low signal intensity, with some areas showing mixed signals and varying degrees of tissue
necrosis
Ventricular compression: observed with the right lateral ventricle slightly compressed, and the shape of the left lateral ventricle somewhat altered
2026-06-28 21:23:53,064  INFO  ============================================================
2026-06-28 21:23:53,064  INFO    No improvement (1/12)
2026-06-28 21:24:45,997  INFO  [scifive-base-aug] E 14  train=1.7350 (ppl 5.67)  val=1.6149 (ppl 5.03)  gn=1.364
2026-06-28 21:24:51,100  INFO    Content score (lesion): lobe_jacc=0.438  hemi=0.833  -> 0.635
2026-06-28 21:24:51,102  INFO  
============================================================  PREVIEW
2026-06-28 21:24:51,887  INFO  
  Case : BraTS20_Training_176
2026-06-28 21:24:51,887  INFO    PRED :
Lesion area: the right frontal and parietal lobes with a mixture of high and low signals
Edema: the right frontal and parietal lobes with a large amount of heterogeneous high signal areas
Necrosis: the right frontal and parietal lobes with mixed high and low signals
Ventricular compression: the right ventricle is compressed, causing deformation of the ventricles
2026-06-28 21:24:51,887  INFO    REF  :
Lesion area: the right frontal and parietal lobes with multiple heterogeneous signal intensities, including high signal, iso-signal, and speckled high signal areas
Edema: significant, primarily observed in the right frontal and parietal lobes, with surrounding tissue swollen to a large extent around the lesion area, indicated by high signal intensity
Necrosis: mainly concentrated at the center of the lesion, manifested as mixed low signal regions, primarily located at the center of the lesion in the right parietal lobe, surrounded by high signal areas
Ventricular compression: evident, with compression on the right ventricle suggesting a certain degree of pressure exerted by the lesion area
2026-06-28 21:24:52,625  INFO  
  Case : BraTS20_Training_341
2026-06-28 21:24:52,625  INFO    PRED :
Lesion area: the left frontal and parietal lobes with a mixture of heterogeneous high and low signals
Edema: the left frontal and parietal lobes with a high degree of heterogeneity
Necrosis: the left frontal and parietal lobes with mixed high and low signals
Ventricular compression: the left ventricle is compressed, causing significant deformation of the ventricles
2026-06-28 21:24:52,625  INFO    REF  :
Lesion area: the left side of the brain with a mixed pattern of high and low signals
Edema: significant, concentrated in the left frontal and temporal lobes, with extension into parts of the parietal lobe
Necrosis: observed with noticeable low signal areas in the left frontal and temporal lobes, displaying uneven signal intensity
Ventricular compression: significantly compressed, especially the deformation of the left ventricle
2026-06-28 21:24:52,625  INFO  ============================================================
2026-06-28 21:24:52,625  INFO    No improvement (2/12)
2026-06-28 21:25:45,549  INFO  [scifive-base-aug] E 15  train=1.6876 (ppl 5.41)  val=1.5721 (ppl 4.82)  gn=1.418
2026-06-28 21:25:50,577  INFO    Content score (lesion): lobe_jacc=0.549  hemi=0.833  -> 0.691
2026-06-28 21:25:54,753  INFO    Hemisphere quick-check (lesion field): 18/20 = 90.0%
2026-06-28 21:26:02,294  INFO    Within-report distinctness: collapse=0%  distinct_ratio=0.95  (0.25=full collapse, 1.0=all differ)
2026-06-28 21:26:06,466  INFO    Cross-patient[lesion]: 8/20 unique = 0.40  (1.0=all differ, low=TEMPLATE COLLAPSE)
2026-06-28 21:26:10,673  INFO    Cross-patient[necrosis]: 5/20 unique = 0.25  (1.0=all differ, low=TEMPLATE COLLAPSE)
2026-06-28 21:26:10,675  INFO  
============================================================  PREVIEW
2026-06-28 21:26:11,493  INFO  
  Case : BraTS20_Training_326
2026-06-28 21:26:11,493  INFO    PRED :
Lesion area: the left parietal and occipital lobes with mixed high and low signals
Edema: the left parietal and occipital lobes with a mixture of high and low signals
Necrosis: the left parietal and occipital lobes with mixed high and low signals
Ventricular compression: the left ventricle is compressed and deformed
2026-06-28 21:26:11,493  INFO    REF  :
Lesion area: the left side of the brain, specifically involving the frontal and parietal lobes, with a mixture of heterogeneous signal intensities and patchy high signal areas
Edema: significant, mainly observed in the tissue surrounding the lesions, particularly around the larger high signal lesion areas, extending significantly to the peripheral regions of the frontal and parietal lobes
Necrosis: within the high signal lesions, with areas of low signal that may represent necrotic tissue, interspersed within the high signal lesion areas, presenting with irregular contours, and some located deep within the frontal lobe
Ventricular compression: exerting a certain degree of compression on the ventricles, showing deformation of the
ventricular system under pressure
2026-06-28 21:26:12,324  INFO  
  Case : BraTS20_Training_091
2026-06-28 21:26:12,324  INFO    PRED :
Lesion area: the left parietal and occipital lobes with a mixture of heterogeneous high and low signals
Edema: the left parietal and occipital lobes with a mixture of high and low signals
Necrosis: the left parietal and occipital lobes with mixed high and low signals
Ventricular compression: the left ventricle is compressed and deformed
2026-06-28 21:26:12,324  INFO    REF  :
Lesion area: the left hemisphere, especially in the left frontal and temporal lobes, with a mixture of irregular high and low signals, as well as spotty high signal regions
Edema: a high-signal region observable, mainly seen in the left frontal and temporal lobes, indicating significant swelling and a large area of
edema
Necrosis: within the lesion area with mixed signals, particularly within the high-signal area of the left frontal lobe, suggesting possible necrotic regions with a concentrated distribution and uneven signal characteristics
Ventricular compression: in the left ventricle, which appears compressed and deformed with an irregular shape
2026-06-28 21:26:12,324  INFO  ============================================================
2026-06-28 21:26:12,324  INFO    No improvement (3/12)
2026-06-28 21:27:05,061  INFO  [scifive-base-aug] E 16  train=1.6454 (ppl 5.18)  val=1.5388 (ppl 4.66)  gn=1.388
2026-06-28 21:27:10,958  INFO    Content score (lesion): lobe_jacc=0.594  hemi=0.833  -> 0.714
2026-06-28 21:27:10,960  INFO  
============================================================  PREVIEW
2026-06-28 21:27:11,802  INFO  
  Case : BraTS20_Training_073
2026-06-28 21:27:11,802  INFO    PRED :
Lesion area: the left frontal and parietal lobes with a mixture of heterogeneous high and low signals
Edema: the left frontal and parietal lobes with a high degree of heterogeneity
Necrosis: the left frontal and parietal lobes with a mixture of heterogeneous high and low signals
Ventricular compression: the left ventricle is compressed and deformed
2026-06-28 21:27:11,802  INFO    REF  :
Lesion area: the left frontal lobe of the brain with mixed signals of varying intensity and speckled high-signal areas
Edema: observed in the left parietal and frontal regions with high intensity, indicating pronounced swelling around the lesions
Necrosis: observed near the left parietal and frontal lobes, exhibiting mixed signal intensity with some scattered high-signal regions
Ventricular compression: noticeable in the left frontal and parietal areas, with the ventricles becoming deformed
2026-06-28 21:27:12,714  INFO  
  Case : BraTS20_Training_091
2026-06-28 21:27:12,714  INFO    PRED :
Lesion area: the left parietal and occipital lobes with a mixture of heterogeneous high and low signals
Edema: the left parietal and occipital lobes of the brain with a high degree of heterogeneity
Necrosis: the left parietal and occipital lobes with mixed high and low signals
Ventricular compression: the left ventricle is compressed and deformed
2026-06-28 21:27:12,714  INFO    REF  :
Lesion area: the left hemisphere, especially in the left frontal and temporal lobes, with a mixture of irregular high and low signals, as well as spotty high signal regions
Edema: a high-signal region observable, mainly seen in the left frontal and temporal lobes, indicating significant swelling and a large area of
edema
Necrosis: within the lesion area with mixed signals, particularly within the high-signal area of the left frontal lobe, suggesting possible necrotic regions with a concentrated distribution and uneven signal characteristics
Ventricular compression: in the left ventricle, which appears compressed and deformed with an irregular shape
2026-06-28 21:27:12,714  INFO  ============================================================
2026-06-28 21:27:12,714  INFO    No improvement (4/12)
2026-06-28 21:28:05,856  INFO  [scifive-base-aug] E 17  train=1.6122 (ppl 5.01)  val=1.5134 (ppl 4.54)  gn=1.445
2026-06-28 21:28:11,307  INFO    Content score (lesion): lobe_jacc=0.573  hemi=0.792  -> 0.682
2026-06-28 21:28:11,309  INFO  
============================================================  PREVIEW
2026-06-28 21:28:12,166  INFO  
  Case : BraTS20_Training_297
2026-06-28 21:28:12,166  INFO    PRED :
Lesion area: the left parietal and occipital lobes with a mixture of heterogeneous high and low signals
Edema: the left parietal and occipital lobes of the brain with a high degree of heterogeneity
Necrosis: the left parietal and occipital lobes with a mixture of heterogeneous high and low signals
Ventricular compression: the left lateral ventricle is compressed and deformed
2026-06-28 21:28:12,166  INFO    REF  :
Lesion area: the left parietal and occipital lobes with heterogeneous signal intensities and patchy high-signal regions
Edema: significant in portions of the parietal and occipital lobes, suggesting substantial swelling in the tissues surrounding the lesions
Necrosis: within the lesion areas in the parietal and occipital lobes, characterized by some low-signal regions indicating possible
necrosis
Ventricular compression: observed near prominent lesion areas, indicating that the lesions are exerting pressure on the surrounding brain tissue and ventricles
2026-06-28 21:28:13,064  INFO  
  Case : BraTS20_Training_346
2026-06-28 21:28:13,064  INFO    PRED :
Lesion area: the right frontal and parietal lobes with a mixture of heterogeneous high and low signals
Edema: the right frontal and parietal lobes with a large amount of heterogeneous high signal areas
Necrosis: the right frontal and parietal lobes with a mixture of heterogeneous high and low signals
Ventricular compression: the right lateral ventricle is compressed and deformed
2026-06-28 21:28:13,064  INFO    REF  :
Lesion area: the left parietal and temporal lobes with mixed high-signal areas with spotty high signals inside
Edema: particularly around the left parietal and temporal lobe regions, indicating increased swelling in these areas
Necrosis: within the lesion area as low-signal regions, presenting as mixed high and low signals internally, primarily concentrated in the central region of the lesion
Ventricular compression: observed, as the left ventricle is noticeably compressed and deformed, indicating significant compressive effects on the ventricles due to the lesions
2026-06-28 21:28:13,064  INFO  ============================================================
2026-06-28 21:28:13,064  INFO    No improvement (5/12)
2026-06-28 21:29:05,985  INFO  [scifive-base-aug] E 18  train=1.5805 (ppl 4.86)  val=1.4877 (ppl 4.43)  gn=1.432
2026-06-28 21:29:11,992  INFO    Content score (lesion): lobe_jacc=0.569  hemi=0.958  -> 0.764
2026-06-28 21:29:11,995  INFO  
============================================================  PREVIEW
2026-06-28 21:29:12,912  INFO  
  Case : BraTS20_Training_078
2026-06-28 21:29:12,912  INFO    PRED :
Lesion area: the right frontal and parietal lobes with a mixture of heterogeneous high and low signals
Edema: the right parietal and occipital lobes with a mixture of high and low signals
Necrosis: the right frontal and parietal lobes with a mixture of heterogeneous high and low signals
Ventricular compression: the right ventricle is compressed and deformed
2026-06-28 21:29:12,912  INFO    REF  :
Lesion area: the right temporal and parietal lobes with a mix of heterogeneous signals, including multiple patchy high-signal areas
Edema: pronounced, mainly observed in the right temporal and parietal lobes, and spans extensively as high-signal regions, indicating significant tissue swelling
Necrosis: identified as several low-signal areas within the lesion region, possibly indicating
necrosis, with uneven signal intensity concentrated in the right temporal lobe
Ventricular compression: slightly observed
2026-06-28 21:29:13,835  INFO  
  Case : BraTS20_Training_043
2026-06-28 21:29:13,836  INFO    PRED :
Lesion area: the right frontal and parietal lobes with a mixture of heterogeneous high and low signals
Edema: the right frontal and parietal lobes with a large amount of heterogeneous high signal areas
Necrosis: the right frontal and parietal lobes with a mix of heterogeneous high and low signals
Ventricular compression: the right ventricle is compressed and deformed
2026-06-28 21:29:13,836  INFO    REF  :
Lesion area: the right frontal and parietal regions with mixed high and low signals with patchy high-signal areas
Edema: prominent, concentrated in the right frontal and parietal lobes, with a minor extension to the temporal lobe, showing significant high signals
Necrosis: mostly observed in the right parietal and occipital lobes, appearing as low signals interspersed with some high-signal areas
Ventricular compression: notable on the lateral ventricles, with the lesion areas exerting a certain compressive effect on the ventricles
2026-06-28 21:29:13,836  INFO  ============================================================
2026-06-28 21:29:13,836  INFO    No improvement (6/12)
2026-06-28 21:30:06,895  INFO  [scifive-base-aug] E 19  train=1.5538 (ppl 4.73)  val=1.4647 (ppl 4.33)  gn=1.497
2026-06-28 21:30:12,624  INFO    Content score (lesion): lobe_jacc=0.517  hemi=0.792  -> 0.655
2026-06-28 21:30:12,627  INFO  
============================================================  PREVIEW
2026-06-28 21:30:13,507  INFO  
  Case : BraTS20_Training_301
2026-06-28 21:30:13,508  INFO    PRED :
Lesion area: the right frontal and parietal lobes with a mixture of heterogeneous high and low signals
Edema: the right parietal and occipital lobes with a mixture of heterogeneous high and low signals
Necrosis: the right parietal and occipital lobes with a mix of heterogeneous high and low signals
Ventricular compression: the left ventricle is compressed and deformed
2026-06-28 21:30:13,508  INFO    REF  :
Lesion area: the left frontal, parietal, and temporal lobes with a mix of irregular high and low signals along with spotty high signal areas
Edema: significant, primarily located in the left parietal and frontal lobes, indicating considerable swelling of the surrounding tissues near the lesions
Necrosis: suggested by regions with abnormal signal intensity, exhibiting a mix of high and low signals, focusing on the left parietal and frontal lobes
Ventricular compression: observed as the ventricles are deformed and compressed, particularly near the parietal lobe lesion area, showing a notable impact of the lesion on the ventricles
2026-06-28 21:30:14,393  INFO  
  Case : BraTS20_Training_226
2026-06-28 21:30:14,394  INFO    PRED :
Lesion area: the left frontal and parietal lobes with a mixture of heterogeneous high and low signals
Edema: the left frontal and parietal lobes with a mixture of heterogeneous high and low signals
Necrosis: the left frontal and parietal lobes with a mix of heterogeneous high and low signals
Ventricular compression: the left ventricle is compressed and deformed
2026-06-28 21:30:14,394  INFO    REF  :
Lesion area: the left cerebral hemisphere with mixed high and low signals, exhibiting a spotted high signal appearance, primarily concentrated in the frontal, temporal, and parietal lobes
Edema: prominent in the left frontal and temporal lobes, appearing as high signals, with significant swelling in the surrounding tissues and an extensive range involving parts of the parietal lobe
Necrosis: presenting as marked high signals mainly in the deep regions of the left frontal lobe, with some extension into the temporal lobe, exhibiting mixed signal intensity with high and low signal spots
Ventricular compression: with the ventricles compressed, the left ventricle notably smaller than the right
2026-06-28 21:30:14,394  INFO  ============================================================
2026-06-28 21:30:14,394  INFO    No improvement (7/12)
2026-06-28 21:31:07,349  INFO  [scifive-base-aug] E 20  train=1.5360 (ppl 4.65)  val=1.4520 (ppl 4.27)  gn=1.539
2026-06-28 21:31:13,221  INFO    Content score (lesion): lobe_jacc=0.476  hemi=0.833  -> 0.655
2026-06-28 21:31:18,096  INFO    Hemisphere quick-check (lesion field): 17/20 = 85.0%
2026-06-28 21:31:26,811  INFO    Within-report distinctness: collapse=0%  distinct_ratio=1.00  (0.25=full collapse, 1.0=all differ)
2026-06-28 21:31:31,699  INFO    Cross-patient[lesion]: 4/20 unique = 0.20  (1.0=all differ, low=TEMPLATE COLLAPSE)
2026-06-28 21:31:36,748  INFO    Cross-patient[necrosis]: 4/20 unique = 0.20  (1.0=all differ, low=TEMPLATE COLLAPSE)
2026-06-28 21:31:36,750  INFO  
============================================================  PREVIEW
2026-06-28 21:31:37,601  INFO  
  Case : BraTS20_Training_366
2026-06-28 21:31:37,601  INFO    PRED :
Lesion area: the left parietal and occipital lobes with a mixture of heterogeneous high and low signals
Edema: the left parietal and occipital lobes with a large extent of edema
Necrosis: the left parietal and occipital lobes with a mix of heterogeneous high and low signals
Ventricular compression: the left ventricle is compressed and deformed
2026-06-28 21:31:37,601  INFO    REF  :
Lesion area: the left temporal and parietal lobes with multiple heterogeneous mixed signals and spotty high-signal areas, suggesting the presence of multiple lesions
Edema: significant, concentrated in the left parietal and temporal regions, with extensive high-signal areas, suggesting noticeable swelling in the tissue surrounding the lesions
Necrosis: located mainly in the left temporal lobe, appearing as low signals with blurred boundaries mixed with the high-signal
Ventricular compression: observed with the left ventricle compressed and deformed, showing slight compression and deformation due to the mass effect of the lesion
2026-06-28 21:31:38,430  INFO  
  Case : BraTS20_Training_064
2026-06-28 21:31:38,430  INFO    PRED :
Lesion area: the right frontal and parietal lobes with a mixture of heterogeneous high and low signals
Edema: the right frontal and parietal lobes with a large extent of edema
Necrosis: the right frontal and parietal lobes with a mix of heterogeneous high and low signals
Ventricular compression: the right ventricle is compressed and deformed
2026-06-28 21:31:38,430  INFO    REF  :
Lesion area: the right frontal and parietal lobes with mixed signals of varying intensity and patchy high-signal areas
Edema: located around the right frontal and parietal lobe regions with pronounced high-signal areas, indicating significant swelling in the tissues surrounding the lesions
Necrosis: mainly at the center of the lesions in the right frontal lobe region with lower signal intensity and higher heterogeneity
Ventricular compression: indicated by the right ventricle being narrowed, suggesting compression
2026-06-28 21:31:38,430  INFO  ============================================================
2026-06-28 21:31:38,431  INFO    No improvement (8/12)
2026-06-28 21:32:31,616  INFO  [scifive-base-aug] E 21  train=1.5158 (ppl 4.55)  val=1.4321 (ppl 4.19)  gn=1.562
2026-06-28 21:32:37,562  INFO    Content score (lesion): lobe_jacc=0.479  hemi=0.917  -> 0.698
2026-06-28 21:32:37,564  INFO  
============================================================  PREVIEW
2026-06-28 21:32:38,449  INFO  
  Case : BraTS20_Training_047
2026-06-28 21:32:38,449  INFO    PRED :
Lesion area: the right frontal and parietal lobes with a mixture of heterogeneous high and low signals
Edema: the right frontal and parietal lobes with a high degree of edema
Necrosis: the right frontal and parietal lobes with a mix of heterogeneous high and low signals
Ventricular compression: the left lateral ventricle is compressed and deformed
2026-06-28 21:32:38,449  INFO    REF  :
Lesion area: the bilateral frontal lobes and also involves the parietal and temporal lobes with heterogeneous signal characteristics, including mixed high and low signals and speckled high signal areas
Edema: significant, with signals mainly distributed around the lesion areas, particularly at the sites of lesions in the bilateral frontal lobes, spreading to surrounding tissues, indicating extensive swelling of tissues surrounding the lesions
Necrosis: observed with multiple low signal areas within the lesion regions, irregularly distributed and scattered throughout the lesion sites, with some areas concentrated at the core
Ventricular compression: notably observed with the right lateral ventricle appearing narrowed, indicating substantial pressure from the lesions on the ventricles
2026-06-28 21:32:39,387  INFO  
  Case : BraTS20_Training_238
2026-06-28 21:32:39,387  INFO    PRED :
Lesion area: the left frontal and parietal lobes with a mixture of heterogeneous high and low signals
Edema: the left parietal and occipital lobes of the brain with a high degree of edema
Necrosis: the left parietal and occipital lobes with a mix of heterogeneous high and low signals
Ventricular compression: the left ventricle is compressed and deformed
2026-06-28 21:32:39,387  INFO    REF  :
Lesion area: the left frontal lobe with a mixture of heterogeneous high and low signals
Edema: a significant high-signal area in the left brain, primarily concentrated in the left frontal and parietal lobes, with tissue swelling and considerable extent
Necrosis: a potential area within the lesion region, with the left parietal lobe showing mixed moderate to low signal areas and irregular low-signal areas in the left frontal lobe, suggesting dispersed necrotic tissue presence
Ventricular compression: observed in the left ventricle, with irregular shape and significant deformation, indicating a substantial compressive impact
2026-06-28 21:32:39,387  INFO  ============================================================
2026-06-28 21:32:39,387  INFO    No improvement (9/12)
2026-06-28 21:33:32,520  INFO  [scifive-base-aug] E 22  train=1.4958 (ppl 4.46)  val=1.4174 (ppl 4.13)  gn=1.531
2026-06-28 21:33:38,567  INFO    Content score (lesion): lobe_jacc=0.594  hemi=0.875  -> 0.734
2026-06-28 21:33:38,569  INFO  
============================================================  PREVIEW
2026-06-28 21:33:39,350  INFO  
  Case : BraTS20_Training_204
2026-06-28 21:33:39,350  INFO    PRED :
Lesion area: the right frontal and parietal lobes with a mixture of heterogeneous high and low signals
Edema: the right frontal and parietal lobes of the brain with a high degree of edema
Necrosis: the right frontal and parietal lobes of the brain with a mix of heterogeneous high and low signals
Ventricular compression: the right ventricle is compressed and deformed
2026-06-28 21:33:39,350  INFO    REF  :
Lesion area: the right side of the brain, specifically in the frontal, temporal, and parietal lobes, with heterogeneous mixed high and low signals and patchy high signal areas
Edema: primarily seen in the right temporal and parietal lobes, with an extent that is extensive, suggesting marked swelling in the tissues surrounding the lesion
Necrosis: interspersed in small patches among the lesion areas in the right side of the brain, featuring uneven signal intensity
Ventricular compression: significant on the right ventricle, indicating a degree of pressure exerted by the lesions on the brain tissue and ventricles
2026-06-28 21:33:40,302  INFO  
  Case : BraTS20_Training_153
2026-06-28 21:33:40,302  INFO    PRED :
Lesion area: the left frontal and parietal lobes with a mixture of heterogeneous high and low signals
Edema: the left frontal and parietal lobes with a large extent of edema
Necrosis: the left frontal and parietal lobes with a mix of heterogeneous high and low signals
Ventricular compression: the left ventricle is compressed and deformed
2026-06-28 21:33:40,302  INFO    REF  :
Lesion area: the left frontal and parietal lobes with a mix of heterogeneous high and low signals and speckled high-signal areas
Edema: significant in the left frontal and parietal lobes, mainly concentrated around the lesion area, with a broad range of diffusion, suggesting considerable swelling of the surrounding tissues
Necrosis: suggested by high signal intensity within the lesion area, predominantly concentrated in the right frontal and parietal lobes, with a relatively localized distribution
Ventricular compression: exerting some degree of compression on the right lateral ventricle
2026-06-28 21:33:40,302  INFO  ============================================================
2026-06-28 21:33:40,302  INFO    No improvement (10/12)
2026-06-28 21:34:33,323  INFO  [scifive-base-aug] E 23  train=1.4740 (ppl 4.37)  val=1.4015 (ppl 4.06)  gn=1.608
2026-06-28 21:34:39,351  INFO    Content score (lesion): lobe_jacc=0.576  hemi=0.792  -> 0.684
2026-06-28 21:34:39,353  INFO  
============================================================  PREVIEW
2026-06-28 21:34:40,408  INFO  
  Case : BraTS20_Training_056
2026-06-28 21:34:40,408  INFO    PRED :
Lesion area: the right parietal and occipital lobes with a mixture of heterogeneous high and low signals
Edema: the right parietal and occipital lobes with a large extent of edema
Necrosis: the right parietal and occipital lobes with a mix of heterogeneous high and low signals
Ventricular compression: the right lateral ventricle is compressed and deformed
2026-06-28 21:34:40,408  INFO    REF  :
Lesion area: the right parietal and temporal lobes with heterogeneous high and low signal areas accompanied by patchy high signal regions
Edema: extensive, covering the peripheral regions of the lesions, suggesting significant swelling of the surrounding tissue. The area of
edema extends inward from the right cortex, affecting the white matter, resulting in widespread
edema
Necrosis: in regions displaying lower signal intensity, primarily concentrated in the deep lesion areas of the right parietal lobe
Ventricular compression: evident, with compression and deformation of the right ventricle, leading to a reduction in its volume
2026-06-28 21:34:41,347  INFO  
  Case : BraTS20_Training_326
2026-06-28 21:34:41,347  INFO    PRED :
Lesion area: the left parietal and occipital lobes with a mixture of heterogeneous high and low signals
Edema: the left parietal and occipital lobes with a large extent of edema
Necrosis: the left parietal and occipital lobes with a mix of heterogeneous high and low signals
Ventricular compression: the left lateral ventricle is compressed and deformed
2026-06-28 21:34:41,347  INFO    REF  :
Lesion area: the left side of the brain, specifically involving the frontal and parietal lobes, with a mixture of heterogeneous signal intensities and patchy high signal areas
Edema: significant, mainly observed in the tissue surrounding the lesions, particularly around the larger high signal lesion areas, extending significantly to the peripheral regions of the frontal and parietal lobes
Necrosis: within the high signal lesions, with areas of low signal that may represent necrotic tissue, interspersed within the high signal lesion areas, presenting with irregular contours, and some located deep within the frontal lobe
Ventricular compression: exerting a certain degree of compression on the ventricles, showing deformation of the
ventricular system under pressure
2026-06-28 21:34:41,347  INFO  ============================================================
2026-06-28 21:34:41,347  INFO    No improvement (11/12)
2026-06-28 21:35:34,304  INFO  [scifive-base-aug] E 24  train=1.4599 (ppl 4.31)  val=1.3872 (ppl 4.00)  gn=1.592
2026-06-28 21:35:40,508  INFO    Content score (lesion): lobe_jacc=0.420  hemi=0.917  -> 0.668
2026-06-28 21:35:40,511  INFO  
============================================================  PREVIEW
2026-06-28 21:35:41,413  INFO  
  Case : BraTS20_Training_023
2026-06-28 21:35:41,413  INFO    PRED :
Lesion area: the left parietal and occipital lobes with a mixture of heterogeneous high and low signals
Edema: the left parietal and occipital lobes with a large extent of edema
Necrosis: the left parietal and occipital lobes with a mix of heterogeneous high and low signals
Ventricular compression: the left lateral ventricle is compressed and deformed
2026-06-28 21:35:41,413  INFO    REF  :
Lesion area: the left frontal and parietal lobes with multiple mixed high and low signal areas and speckled high signal regions, distributed unevenly with indistinct boundaries
Edema: significant with notable swelling in the tissue around the lesions, surrounding the left frontal and parietal lobes and affecting the normal brain tissue around these areas
Necrosis: observed in the central part of the lesion area as a large low signal region, mainly concentrated within the right frontal lobe
Ventricular compression: observed as the left lateral ventricle is noticeably compressed and deformed, consistent with the location of the lesions, suggesting a certain degree of compression effect on the ventricles caused by the lesions
2026-06-28 21:35:42,356  INFO  
  Case : BraTS20_Training_115
2026-06-28 21:35:42,356  INFO    PRED :
Lesion area: the right parietal and occipital lobes with a mixture of heterogeneous high and low signals
Edema: the right parietal and occipital lobes with a large extent of edema
Necrosis: the right parietal and occipital lobes with a mix of heterogeneous high and low signals
Ventricular compression: the right lateral ventricle is compressed and deformed
2026-06-28 21:35:42,356  INFO    REF  :
Lesion area: the right frontal and parietal lobes with a mixture of heterogeneous high and low signals and speckled high-signal areas
Edema: extensive, visible around the lesions in the parietal and frontal lobes, primarily in the right frontal and parietal regions, extending to the adjacent ventricles
Necrosis: detected in the lesion area of the parietal lobe, presenting as heterogeneous low signals and mixed high signals
Ventricular compression: observed, indicated by pressure on the adjacent ventricles with slight morphological changes
2026-06-28 21:35:42,356  INFO  ============================================================
2026-06-28 21:35:42,356  INFO    No improvement (12/12)
2026-06-28 21:35:42,356  INFO  Early stopping.
2026-06-28 21:35:42,357  INFO  [scifive-base-aug] done in 28.5 min. Best val=1.7191 at epoch 12 (content=0.766)
2026-06-28 21:35:42,435  INFO  
>>> Run 3/6  (elapsed: 55.4 min)
2026-06-28 21:35:42,436  INFO  
######################################################################
2026-06-28 21:35:42,436  INFO  # Training model: clinicalt5-hoss  (hossboll/clinical-t5)
2026-06-28 21:35:42,436  INFO  #   augment=False  aug_preset=tuned  p_swap=0.15  p_shuffle=0.5  shuffle_mode=banded
2026-06-28 21:35:42,436  INFO  #   LoRA r=32  targets=['q', 'v', 'o', 'wi', 'wi_0', 'wi_1', 'wo']  (widen=True)
2026-06-28 21:35:42,436  INFO  #   lobe_rollup=True  select_metric=content
2026-06-28 21:35:42,436  INFO  #   max_input=640  max_target=160
2026-06-28 21:35:42,436  INFO  ######################################################################
2026-06-28 21:35:42,437  INFO  Cases  -> train 294 | val 74
2026-06-28 21:35:42,437  INFO  Examples (x4 fields) -> train 1176 | val 296
2026-06-28 21:35:42,596  INFO  HTTP Request: HEAD https://huggingface.co/hossboll/clinical-t5/resolve/main/config.json "HTTP/1.1 307 Temporary Redirect"
2026-06-28 21:35:42,679  INFO  HTTP Request: HEAD https://huggingface.co/api/resolve-cache/models/hossboll/clinical-t5/c092f34a776c3969d4d86c0ad6f282668280fbf2/config.json "HTTP/1.1 200 OK"
2026-06-28 21:35:42,763  INFO  HTTP Request: HEAD https://huggingface.co/hossboll/clinical-t5/resolve/main/tokenizer_config.json "HTTP/1.1 307 Temporary Redirect"
2026-06-28 21:35:42,847  INFO  HTTP Request: HEAD https://huggingface.co/api/resolve-cache/models/hossboll/clinical-t5/c092f34a776c3969d4d86c0ad6f282668280fbf2/tokenizer_config.json "HTTP/1.1 200 OK"
2026-06-28 21:35:42,938  INFO  HTTP Request: GET https://huggingface.co/api/models/hossboll/clinical-t5/tree/main/additional_chat_templates?recursive=false&expand=false "HTTP/1.1 404 Not Found"
2026-06-28 21:35:43,028  INFO  HTTP Request: GET https://huggingface.co/api/models/hossboll/clinical-t5/tree/main?recursive=true&expand=false "HTTP/1.1 200 OK"
2026-06-28 21:35:43,177  INFO  HTTP Request: HEAD https://huggingface.co/hossboll/clinical-t5/resolve/main/config.json "HTTP/1.1 307 Temporary Redirect"
2026-06-28 21:35:43,237  INFO  HTTP Request: HEAD https://huggingface.co/api/resolve-cache/models/hossboll/clinical-t5/c092f34a776c3969d4d86c0ad6f282668280fbf2/config.json "HTTP/1.1 200 OK"
2026-06-28 21:35:43,314  INFO  HTTP Request: HEAD https://huggingface.co/hossboll/clinical-t5/resolve/main/config.json "HTTP/1.1 307 Temporary Redirect"
2026-06-28 21:35:43,348  INFO  HTTP Request: HEAD https://huggingface.co/api/resolve-cache/models/hossboll/clinical-t5/c092f34a776c3969d4d86c0ad6f282668280fbf2/config.json "HTTP/1.1 200 OK"
2026-06-28 21:35:43,432  INFO  HTTP Request: HEAD https://huggingface.co/hossboll/clinical-t5/resolve/main/model.safetensors "HTTP/1.1 404 Not Found"
2026-06-28 21:35:43,512  INFO  HTTP Request: GET https://huggingface.co/api/models/hossboll/clinical-t5 "HTTP/1.1 200 OK"
2026-06-28 21:35:43,618  INFO  HTTP Request: HEAD https://huggingface.co/hossboll/clinical-t5/resolve/main/generation_config.json "HTTP/1.1 307 Temporary Redirect"
2026-06-28 21:35:43,623  INFO  HTTP Request: GET https://huggingface.co/api/models/hossboll/clinical-t5/commits/main "HTTP/1.1 200 OK"
2026-06-28 21:35:43,699  INFO  HTTP Request: HEAD https://huggingface.co/api/resolve-cache/models/hossboll/clinical-t5/c092f34a776c3969d4d86c0ad6f282668280fbf2/generation_config.json "HTTP/1.1 200 OK"
2026-06-28 21:35:43,712  INFO  HTTP Request: GET https://huggingface.co/api/models/hossboll/clinical-t5/discussions?p=0 "HTTP/1.1 200 OK"
2026-06-28 21:35:43,828  INFO  HTTP Request: GET https://huggingface.co/api/models/hossboll/clinical-t5/commits/refs%2Fpr%2F1 "HTTP/1.1 200 OK"
2026-06-28 21:35:43,887  INFO  Using LR: 3e-05  |  label_smoothing: 0.1
2026-06-28 21:35:43,974  INFO  HTTP Request: HEAD https://huggingface.co/hossboll/clinical-t5/resolve/refs%2Fpr%2F1/model.safetensors.index.json "HTTP/1.1 404 Not Found"
2026-06-28 21:35:44,064  INFO  HTTP Request: HEAD https://huggingface.co/hossboll/clinical-t5/resolve/refs%2Fpr%2F1/model.safetensors "HTTP/1.1 302 Found"
2026-06-28 21:36:03,751  INFO  [clinicalt5-hoss] E  1  train=5.0263 (ppl 152.37)  val=4.9905 (ppl 147.00)  gn=1.381
2026-06-28 21:36:13,506  INFO    Content score (lesion): lobe_jacc=0.345  hemi=0.417  -> 0.381
2026-06-28 21:36:13,507  INFO  
============================================================  PREVIEW
2026-06-28 21:36:14,942  INFO  
  Case : BraTS20_Training_178
2026-06-28 21:36:14,942  INFO    PRED :
Lesion area: : RIGHT Lobe involvement: other 48%, parietal 34%, occipital 19%, temporal 0% Atlas involvement (values = % of that tumor compartment; * = top-5 region): - WM/unassigned [other]: ET=6, TC=8, WT=8, region%=12
Edema: , occipital 19%, temporal 0% Atlas involvement (values = % of that tumor compartment; * = top-5 region): - WM/unassigned [other]: BraTS20_Training_178 Dominant hemisphere: RIGHT Lobe involvement
Necrosis: , occipital 19%, temporal 0% Atlas involvement (values = % of that tumor compartment; * = top-5 region): - WM/unassigned [other]: BraTS20_Training_178 Dominant hemisphere
Ventricular compression: , answer 'not observed'. Use only the atlas matrix below. Answer in ONE concise line.
2026-06-28 21:36:14,942  INFO    REF  :
Lesion area: the right frontal and parietal lobes with heterogeneous signal, including high signal intensity and spot-like high signal intensities indicating multiple lesions
Edema: significant, mainly concentrated in the right frontal and parietal lobes, extending over a large area including the tissues surrounding the lesion, suggesting notable swelling of the surrounding tissue
Necrosis: located at the center of the lesion, characterized by lower signal intensity and highly heterogeneous, displaying uneven signals and is relatively concentrated
Ventricular compression: evident, particularly on the right side, as the ventricles appear deformed due to the pressure from surrounding
2026-06-28 21:36:16,366  INFO  
  Case : BraTS20_Training_138
2026-06-28 21:36:16,366  INFO    PRED :
Lesion area: : RIGHT Lobe involvement: other 48%, frontal 33%, parietal 8%, insula 6%, temporal 4%, subcortical 2%, limbic 0% Atlas involvement (values = % of that tumor compartment; * = top-5 region): ET=1, TC=3, WT=1, region%=41 *- Area MFG5 (Frontal Operculum) right [frontal]:
Edema: :: Where is the EDEMA located and how extensive is it? Use only the atlas matrix below. Answer in ONE concise line. Atlas matrix for one patient: Patient: BraTS20_Training_138 Dominant hemisphere: RIGHT Lobe involvement: other 48%, frontal 33%, parietal 8%, insula 6%, temporal 4%, subcortical 2%, limbic
Necrosis: , temporal 4%, subcortical 2%, limbic 0% Atlas involvement (values = % of that tumor compartment; * = top-5 region): - WM/unassigned [other]: ET=1, TC=4, WT=1, region%=41 *- Area MFG5 (Frontal Operculum) right [frontal]: EXPRESS 20_Training_138 Dominant hemisphere: RIGHT Lobe involvement: other
Ventricular compression: , answer 'not observed'. Use only the atlas matrix below. Answer in ONE concise line.
2026-06-28 21:36:16,366  INFO    REF  :
Lesion area: the frontal and parietal regions of the right cerebral hemisphere with a mixture of heterogeneous high and low signals, with spotty high-signal areas
Edema: a marked high-signal indication surrounding the frontal and parietal regions of the right cerebral hemisphere, suggesting significant swelling
Necrosis: primarily concentrated in the deep part of the right parietal lobe, resembling a mixed low-signal area
Ventricular compression: present as the
ventricular system is compressed and deformed, with the right lateral ventricle compressed and narrowed
2026-06-28 21:36:16,366  INFO  ============================================================
2026-06-28 21:36:16,524  INFO  HTTP Request: HEAD https://huggingface.co/hossboll/clinical-t5/resolve/main/config.json "HTTP/1.1 307 Temporary Redirect"
2026-06-28 21:36:16,561  INFO  HTTP Request: HEAD https://huggingface.co/api/resolve-cache/models/hossboll/clinical-t5/c092f34a776c3969d4d86c0ad6f282668280fbf2/config.json "HTTP/1.1 200 OK"
2026-06-28 21:36:16,634  INFO  HTTP Request: HEAD https://huggingface.co/hossboll/clinical-t5/resolve/main/config.json "HTTP/1.1 307 Temporary Redirect"
2026-06-28 21:36:16,670  INFO  HTTP Request: HEAD https://huggingface.co/api/resolve-cache/models/hossboll/clinical-t5/c092f34a776c3969d4d86c0ad6f282668280fbf2/config.json "HTTP/1.1 200 OK"
2026-06-28 21:36:16,681  INFO    ✓ New best (content=0.381) → checkpoints_multi_v4/clinicalt5-hoss
2026-06-28 21:36:36,510  INFO  [clinicalt5-hoss] E  2  train=4.9989 (ppl 148.25)  val=4.9148 (ppl 136.29)  gn=1.513
2026-06-28 21:36:45,838  INFO    Content score (lesion): lobe_jacc=0.283  hemi=0.417  -> 0.350
2026-06-28 21:36:45,839  INFO  
============================================================  PREVIEW
2026-06-28 21:36:46,744  INFO  
  Case : BraTS20_Training_058
2026-06-28 21:36:46,744  INFO    PRED :
Lesion area: : BILATERAL Lobe involvement: other 58%, subcortical 17%, temporal 12%, frontal 7%, occipital 4%, parietal 1%, insula 1%), cerebellum 0% Atlas involvement (values = % of that tumor compartment; * = top-5 region): - WM/unassigned [other]: ET=1, TC=1, WT=1, region%=8 *- PUm (Thal
Edema: :: Where is the EDEMA located and how extensive is it? Use only the atlas matrix below. Answer in ONE concise line.
Necrosis: : Describe the NECROSIS (location and signal), if there is none, answer 'not observed'. Use only one concise line.
Ventricular compression: , answer 'not observed'. Use only the atlas matrix below. Answer in ONE concise line.
2026-06-28 21:36:46,744  INFO    REF  :
Lesion area: the left frontal, temporal, and parietal lobes with mixed signals of varying intensity and patchy high-signal areas
Edema: observed in the left parietal lobe, indicating significant swelling of the surrounding tissues, with a wide range of
edema
Necrosis: characterized by low-signal areas with some mixed signals in the left parietal lobe, indicating that the necrotic area is rather concentrated
Ventricular compression: observed, indicating that the lesions exert a certain level of pressure on the brain tissue and ventricles
2026-06-28 21:36:48,141  INFO  
  Case : BraTS20_Training_006
2026-06-28 21:36:48,141  INFO    PRED :
Lesion area: : BILATERAL Lobe involvement: other 64%, frontal 23%, subcortical 10%, limbic 3%, parietal 1%, insula 0% Atlas involvement (values = % of that tumor compartment; * = top-5 region): ONE concise line.
Edema: :: Where is the EDEMA located and how extensive is it? Use only the atlas matrix below. Answer in ONE concise line. Atlas matrix for one patient: Patient: BraTS20_Training_006 Dominant hemisphere: BILATERAL Lobe involvement: other 64%, frontal 23%, subcortical 10%, limbic 3%, parietal 1%, insula 0% Atlas involvement (values = % of that tumor compartment; *
Necrosis: , subcortical 10%, limbic 3%, parietal 1%, insula 0% Atlas involvement (values = % of that tumor compartment; * = top-5 region): - WM/unassigned [other]: ET=1, TC=1, WT=1, region%=15 *- Frontal-to-Occipital (GapMap) left [frontal]: EXCROSIS (location and signal), answer 'not observed'.
Ventricular compression: , 'not observed'. Use only the atlas matrix below. Answer in ONE concise line.
2026-06-28 21:36:48,141  INFO    REF  :
Lesion area: the left frontal and parietal lobes with a mixed signal characterized by spotty high-signal areas on the Flair modality
Edema: significant with high signals, suggesting marked swelling in the left frontal and parietal lobes, indicating a fairly extensive range of
edema
Necrosis: observed with low signals in the central parts of the lesions, showing a high degree of heterogeneity, distributed mainly in the left frontal and parietal lobe lesions
Ventricular compression: observed with noticeable reduction and deformation of the left ventricle and relative enlargement of the right ventricle
2026-06-28 21:36:48,141  INFO  ============================================================
2026-06-28 21:36:48,141  INFO    No improvement (1/12)
2026-06-28 21:37:07,973  INFO  [clinicalt5-hoss] E  3  train=4.9176 (ppl 136.67)  val=4.7457 (ppl 115.08)  gn=1.438
2026-06-28 21:37:16,451  INFO    Content score (lesion): lobe_jacc=0.397  hemi=0.500  -> 0.448
2026-06-28 21:37:16,453  INFO  
============================================================  PREVIEW
2026-06-28 21:37:17,965  INFO  
  Case : BraTS20_Training_046
2026-06-28 21:37:17,965  INFO    PRED :
Lesion area: : BILATERAL Lobe involvement: other 81%, subcortical 12%, frontal 4%, temporal 3%, parietal 0% Atlas involvement (values = % of that tumor compartment); * = top-5 region): ONE concise line.
Edema: :: Where is the EDEMA located and how extensive is it? Use only the atlas matrix below. Answer in ONE concise line. Atlas matrix for one patient: Patient: BraTS20_Training_046 Dominant hemisphere: BILATERAL Lobe involvement: other 81%, subcortical 12%, frontal 4%, temporal 3%, parietal 0% Atlas involvement (values = % of that tumor compartment; * = top-5 region)
Necrosis: , temporal 3%, parietal 0% Atlas involvement (values = % of that tumor compartment) left [subcortical]: ET=95, TC=100, WT=76, region%=56 - SNR (Midbrain, Substantia Nigra pars reticulata), left [[subcortic]: EXCROSIS (location and signal), answer 'not observed'. Use only one concise line.
Ventricular compression: , temporal 3%, parietal 0% Atlas involvement (values = % of that tumor compartment; * = top-5 region): ONE concise line.
2026-06-28 21:37:17,965  INFO    REF  :
Lesion area: the left frontal and parietal lobes with mixed high and low signals with spotty high signal regions, indicating multiple lesions
Edema: significant, primarily observed in the left frontal lobe with marked high signals, suggesting significant swelling in the surrounding tissues, with a large area of
edema that may compress the surrounding normal brain tissue
Necrosis: present in parts of the left parietal and frontal lobes displaying low signal regions, suggesting possible
necrosis with uneven signal intensity, presenting a mix of high and low signals, and showing concentrated presence in the parietal lobe
Ventricular compression: significant, with the left ventricle significantly compressed and appearing narrowed
2026-06-28 21:37:19,381  INFO  
  Case : BraTS20_Training_176
2026-06-28 21:37:19,381  INFO    PRED :
Lesion area: : RIGHT Lobe involvement: other 54%, parietal 29%, frontal 9%, temporal 6%, insula 1%
Edema: , temporal 6%, insula 1% Atlas involvement (values = % of that tumor compartment; * = top-5 region): "reason": "Where is the EDEMA located and how extensive is it?
Necrosis: , temporal 6%, insula 1% Atlas involvement (values = % of that tumor compartment; * = top-5 region): "visit motivation": "Describe the NECROSIS (location and signal), "if there is none", "recently"
Ventricular compression: , temporal 6%, insula 1% Question: Describe any VENTRICULAR COMPRESSION (which ventricles, what deformation). If none, answer 'not observed'. Use only the atlas matrix below.
2026-06-28 21:37:19,381  INFO    REF  :
Lesion area: the right frontal and parietal lobes with multiple heterogeneous signal intensities, including high signal, iso-signal, and speckled high signal areas
Edema: significant, primarily observed in the right frontal and parietal lobes, with surrounding tissue swollen to a large extent around the lesion area, indicated by high signal intensity
Necrosis: mainly concentrated at the center of the lesion, manifested as mixed low signal regions, primarily located at the center of the lesion in the right parietal lobe, surrounded by high signal areas
Ventricular compression: evident, with compression on the right ventricle suggesting a certain degree of pressure exerted by the lesion area
2026-06-28 21:37:19,381  INFO  ============================================================
2026-06-28 21:37:19,555  INFO  HTTP Request: HEAD https://huggingface.co/hossboll/clinical-t5/resolve/main/config.json "HTTP/1.1 307 Temporary Redirect"
2026-06-28 21:37:19,589  INFO  HTTP Request: HEAD https://huggingface.co/api/resolve-cache/models/hossboll/clinical-t5/c092f34a776c3969d4d86c0ad6f282668280fbf2/config.json "HTTP/1.1 200 OK"
2026-06-28 21:37:19,665  INFO  HTTP Request: HEAD https://huggingface.co/hossboll/clinical-t5/resolve/main/config.json "HTTP/1.1 307 Temporary Redirect"
2026-06-28 21:37:19,699  INFO  HTTP Request: HEAD https://huggingface.co/api/resolve-cache/models/hossboll/clinical-t5/c092f34a776c3969d4d86c0ad6f282668280fbf2/config.json "HTTP/1.1 200 OK"
2026-06-28 21:37:19,719  INFO    ✓ New best (content=0.448) → checkpoints_multi_v4/clinicalt5-hoss
2026-06-28 21:37:39,568  INFO  [clinicalt5-hoss] E  4  train=4.7630 (ppl 117.10)  val=4.4786 (ppl 88.11)  gn=1.557
2026-06-28 21:37:44,059  INFO    Content score (lesion): lobe_jacc=0.035  hemi=0.042  -> 0.038
2026-06-28 21:37:44,060  INFO  
============================================================  PREVIEW
2026-06-28 21:37:44,815  INFO  
  Case : BraTS20_Training_256
2026-06-28 21:37:44,816  INFO    PRED :
Lesion area: ONE concise line. Use only the atlas matrix below. Question: In which lobe(s) and hemisphere is the tumor LESION, and what are its signal characteristics?
Edema: "visit motivation": "Where is the EDEMA located and how extensive is it?"
Necrosis: "visit motivation": "Describe the NECROSIS (location and signal), answer 'not observed'. Use only one atlas matrix below. Answer in ONE concise line.
Ventricular compression: "visit motivation": "Describe any VENTRICULAR COMPRESSION (which ventricles, what deformation). If none, answer 'not observed'.
2026-06-28 21:37:44,816  INFO    REF  :
Lesion area: the right frontal lobe and partially in the parietal lobe with a mix of heterogeneous high and low signals, including multiple spotted high signal areas, indicating the presence of multiple lesion foci
Edema: significant, surrounding the entire lesion region, particularly prominent in the right frontal lobe area, characterized by diffuse high signals and covering most of the right frontal lobe area
Necrosis: observed with low signal regions at the center of the lesion area, indicating potential
necrosis with low signal intensity and a high degree of heterogeneity, and the necrotic areas within the lesion foci are scattered and not centralized
Ventricular compression: observed, with the right lateral ventricle appearing compressed and deformed, suggesting that the lesion exerts a certain degree of pressure on the brain tissue and
ventricular system
2026-06-28 21:37:45,950  INFO  
  Case : BraTS20_Training_357
2026-06-28 21:37:45,950  INFO    PRED :
Lesion area: ONE concise line. Use only the atlas matrix below. Question: In which lobe(s) and hemisphere is the tumor LESION, and what are its signal characteristics?
Edema: "visit motivation": "Where is the EDEMA located and how extensive is it?"
Necrosis: "visit motivation": "Describe the NECROSIS (location and signal), answer 'not observed'. Use only one concise line.
Ventricular compression: "visit motivation": "Describe any VENTRICULAR COMPRESSION (which ventricles, what deformation). If none, answer 'not observed'. Use only the atlas matrix below.
2026-06-28 21:37:45,950  INFO    REF  :
Lesion area: the top and side of the right brain, particularly including the peripheral areas of the frontal and parietal lobes, with heterogeneous mixed signals and notable patches of high signal regions
Edema: a clearly visible high signal surrounding the lesion, mainly concentrated in the right frontal and parietal lobes, with a broad range of
edema affecting the nearby brain tissue
Necrosis: patchy areas of low signal and mixed signal primarily concentrated in the central part of the lesion area, characterized by decreased and uneven signals
Ventricular compression: slight, with the right lateral ventricle showing clear signs of compression
2026-06-28 21:37:45,950  INFO  ============================================================
2026-06-28 21:37:45,950  INFO    No improvement (1/12)
2026-06-28 21:38:05,871  INFO  [clinicalt5-hoss] E  5  train=4.5196 (ppl 91.80)  val=4.1625 (ppl 64.23)  gn=1.604
2026-06-28 21:38:08,650  INFO    Content score (lesion): lobe_jacc=0.000  hemi=0.000  -> 0.000
2026-06-28 21:38:10,751  INFO    Hemisphere quick-check (lesion field): 0/20 = 0.0%
2026-06-28 21:38:16,119  INFO    Within-report distinctness: collapse=0%  distinct_ratio=1.00  (0.25=full collapse, 1.0=all differ)
2026-06-28 21:38:18,298  INFO    Cross-patient[lesion]: 6/20 unique = 0.30  (1.0=all differ, low=TEMPLATE COLLAPSE)
2026-06-28 21:38:21,572  INFO    Cross-patient[necrosis]: 7/20 unique = 0.35  (1.0=all differ, low=TEMPLATE COLLAPSE)
2026-06-28 21:38:21,573  INFO  
============================================================  PREVIEW
2026-06-28 21:38:22,103  INFO  
  Case : BraTS20_Training_058
2026-06-28 21:38:22,103  INFO    PRED :
Lesion area: ONE concise line. Use only the atlas matrix below.
Edema: "visit motivation": "Where is the EDEMA located and how extensive is it?"
Necrosis: "visit motivation": "Describe the NECROSIS (location and signal), answer 'not observed'. Use only atlas matrix below. Answer in ONE concise line.
Ventricular compression: "visit motivation": "Describe any VENTRICULAR COMPRESSION (which ventricles, what deformation). If none, answer 'not observed'.
2026-06-28 21:38:22,103  INFO    REF  :
Lesion area: the left frontal, temporal, and parietal lobes with mixed signals of varying intensity and patchy high-signal areas
Edema: observed in the left parietal lobe, indicating significant swelling of the surrounding tissues, with a wide range of
edema
Necrosis: characterized by low-signal areas with some mixed signals in the left parietal lobe, indicating that the necrotic area is rather concentrated
Ventricular compression: observed, indicating that the lesions exert a certain level of pressure on the brain tissue and ventricles
2026-06-28 21:38:22,654  INFO  
  Case : BraTS20_Training_292
2026-06-28 21:38:22,654  INFO    PRED :
Lesion area: ONE concise line: Answer in which lobe(s) and hemisphere is the tumor LESION, and what are its signal characteristics?
Edema: "visit motivation": "Where is the EDEMA located and how extensive is it?"
Necrosis: "visit motivation": "Describe the NECROSIS (location and signal), answer 'not observed'. Use only the atlas matrix below. Answer in ONE concise line.
Ventricular compression: "visit motivation": "Describe any VENTRICULAR COMPRESSION (which ventricles, what deformation). If none, answer 'not observed'.
2026-06-28 21:38:22,654  INFO    REF  :
Lesion area: the right cerebral region, particularly involving the frontal and temporal lobes, with a mix of heterogeneous high and low signals, along with some spotty high signal areas
Edema: significant with signals around the right frontal and temporal lobes, suggesting a high degree of tissue swelling in these areas, and covers the main lesion areas
Necrosis: present within the lesion areas of the right frontal and temporal lobes, with regions showing significantly reduced signal intensity, mixed with both low signals and localized high signals scattered throughout
Ventricular compression: not observed
2026-06-28 21:38:22,654  INFO  ============================================================
2026-06-28 21:38:22,654  INFO    No improvement (2/12)
2026-06-28 21:38:42,449  INFO  [clinicalt5-hoss] E  6  train=4.2033 (ppl 66.91)  val=3.7942 (ppl 44.44)  gn=1.385
2026-06-28 21:38:44,146  INFO    Content score (lesion): lobe_jacc=0.062  hemi=0.042  -> 0.052
2026-06-28 21:38:44,147  INFO  
============================================================  PREVIEW
2026-06-28 21:38:44,597  INFO  
  Case : BraTS20_Training_272
2026-06-28 21:38:44,597  INFO    PRED :
Lesion area: ONE concise line. Use only the atlas matrix below.
Edema: ONE concise line. Use only the atlas matrix below.
Necrosis: "visit motivation": "Describe the NECROSIS (location and signal), if there is none, answer 'not observed'.
Ventricular compression: "visit motivation": "Describe any VENTRICULAR COMPRESSION (which ventricles, what deformation).
2026-06-28 21:38:44,597  INFO    REF  :
Lesion area: the right frontal, parietal, and occipital lobes with high signal and spotty high signal areas, notably heterogeneous high and low mixed signals
Edema: significant, primarily concentrated in the frontal and parietal lobes, with a notable increase in signal intensity and a broad extent, especially evident in the parietal lobe
Necrosis: mainly seen in the parietal region, with a relatively low degree of signal mixture indicating tissue
necrosis, and is relatively more concentrated in the parietal lobe
Ventricular compression: evident on the right lateral ventricle in the right parietal region, leading to mild partial deformation of the ventricle
2026-06-28 21:38:45,065  INFO  
  Case : BraTS20_Training_286
2026-06-28 21:38:45,065  INFO    PRED :
Lesion area: "visit motivation": "Tumor LESION, and what are its signal characteristics?"
Edema: "visit motivation": "Where is the EDEMA located and how extensive is it?"
Necrosis: "visit motivation": "Describe the NECROSIS (location and signal), if there is none, answer 'not observed'.
Ventricular compression: "visit motivation": "Describe any VENTRICULAR COMPRESSION (which ventricles, what deformation),
2026-06-28 21:38:45,066  INFO    REF  :
Lesion area: the left parietal lobe with mixed signals of varying intensity and spotty high signal areas
Edema: significant, with signal regions mainly located in the left frontal and parietal lobes, appearing as high signals, suggesting substantial swelling of the tissues surrounding the lesion, and covering a large area extending over the parietal and frontal lobes with widespread impact
Necrosis: observed with possible necrotic signals primarily distributed around the high signal zone in the left parietal lobe, appearing as a mix of high and low signals, indicating tissue
necrosis
Ventricular compression: observed, with the left lateral ventricle notably compressed and reduced in size, demonstrating significant compressive effects of the lesion on brain tissue and ventricles
2026-06-28 21:38:45,066  INFO  ============================================================
2026-06-28 21:38:45,066  INFO    No improvement (3/12)
2026-06-28 21:39:05,037  INFO  [clinicalt5-hoss] E  7  train=3.8667 (ppl 47.79)  val=3.3849 (ppl 29.51)  gn=1.275
2026-06-28 21:39:07,261  INFO    Content score (lesion): lobe_jacc=0.035  hemi=0.167  -> 0.101
2026-06-28 21:39:07,263  INFO  
============================================================  PREVIEW
2026-06-28 21:39:07,655  INFO  
  Case : BraTS20_Training_095
2026-06-28 21:39:07,655  INFO    PRED :
Lesion area: ONE concise line
Edema: "visit motivation": "Atlas matrix for one patient", "admission": [
Necrosis: "visit motivation": "Describe the NECROSIS (location and signal), if there is none, answer 'not observed'
Ventricular compression: "visit motivation": "Describe any VENTRICULAR COMPRESSION (which ventricles, what deformation),
2026-06-28 21:39:07,655  INFO    REF  :
Lesion area: the white matter of both cerebral hemispheres, especially in the bilateral frontal and parietal regions, with mixed high and low heterogeneous signals
Edema: mainly observed in the white matter areas of the frontal and parietal lobes, presenting as diffuse high signals, indicating significant swelling in the surrounding tissue of the lesions. The
edema is extensive, spreading across the entire cerebral hemisphere
Necrosis: suggested by some low-signal areas, appearing as mixed signals, mainly concentrated in the central regions of the high-signal lesions. The necrotic areas are relatively concentrated but also show some localized dispersion
Ventricular compression: partially compressed, particularly evident in the right lateral
ventricular body region
2026-06-28 21:39:07,890  INFO  
  Case : BraTS20_Training_301
2026-06-28 21:39:07,890  INFO    PRED :
Lesion area: ONE concise line
Edema: ONE concise line
Necrosis: "visit motivation":
Ventricular compression: "visit motivation": "Describe any VENTRICULAR COMPRESSION (which ventricles, what deformation),
2026-06-28 21:39:07,890  INFO    REF  :
Lesion area: the left frontal, parietal, and temporal lobes with a mix of irregular high and low signals along with spotty high signal areas
Edema: significant, primarily located in the left parietal and frontal lobes, indicating considerable swelling of the surrounding tissues near the lesions
Necrosis: suggested by regions with abnormal signal intensity, exhibiting a mix of high and low signals, focusing on the left parietal and frontal lobes
Ventricular compression: observed as the ventricles are deformed and compressed, particularly near the parietal lobe lesion area, showing a notable impact of the lesion on the ventricles
2026-06-28 21:39:07,890  INFO  ============================================================
2026-06-28 21:39:07,890  INFO    No improvement (4/12)
2026-06-28 21:39:27,791  INFO  [clinicalt5-hoss] E  8  train=3.4967 (ppl 33.01)  val=2.9909 (ppl 19.90)  gn=1.311
2026-06-28 21:39:28,525  INFO    Content score (lesion): lobe_jacc=0.104  hemi=0.250  -> 0.177
2026-06-28 21:39:28,526  INFO  
============================================================  PREVIEW
2026-06-28 21:39:28,645  INFO  
  Case : BraTS20_Training_341
2026-06-28 21:39:28,645  INFO    PRED :
Lesion area: SPECIAL
Edema: "visit motivation"
Necrosis: 'not observed'
Ventricular compression: 'not observed'
2026-06-28 21:39:28,646  INFO    REF  :
Lesion area: the left side of the brain with a mixed pattern of high and low signals
Edema: significant, concentrated in the left frontal and temporal lobes, with extension into parts of the parietal lobe
Necrosis: observed with noticeable low signal areas in the left frontal and temporal lobes, displaying uneven signal intensity
Ventricular compression: significantly compressed, especially the deformation of the left ventricle
2026-06-28 21:39:28,785  INFO  
  Case : BraTS20_Training_272
2026-06-28 21:39:28,786  INFO    PRED :
Lesion area: RIGHT Lobe involvement
Edema: "visit motivation"
Necrosis: 'not observed'
Ventricular compression: 'not observed'
2026-06-28 21:39:28,786  INFO    REF  :
Lesion area: the right frontal, parietal, and occipital lobes with high signal and spotty high signal areas, notably heterogeneous high and low mixed signals
Edema: significant, primarily concentrated in the frontal and parietal lobes, with a notable increase in signal intensity and a broad extent, especially evident in the parietal lobe
Necrosis: mainly seen in the parietal region, with a relatively low degree of signal mixture indicating tissue
necrosis, and is relatively more concentrated in the parietal lobe
Ventricular compression: evident on the right lateral ventricle in the right parietal region, leading to mild partial deformation of the ventricle
2026-06-28 21:39:28,786  INFO  ============================================================
2026-06-28 21:39:28,786  INFO    No improvement (5/12)
2026-06-28 21:39:48,608  INFO  [clinicalt5-hoss] E  9  train=3.1812 (ppl 24.08)  val=2.7547 (ppl 15.72)  gn=1.339
2026-06-28 21:39:49,653  INFO    Content score (lesion): lobe_jacc=0.052  hemi=0.083  -> 0.068
2026-06-28 21:39:49,654  INFO  
============================================================  PREVIEW
2026-06-28 21:39:49,816  INFO  
  Case : BraTS20_Training_010
2026-06-28 21:39:49,816  INFO    PRED :
Lesion area: occipital
Edema: occipital
Necrosis: occipital lobe
Ventricular compression: "visit motivation": "None", "height"
2026-06-28 21:39:49,816  INFO    REF  :
Lesion area: the right frontal and occipital lobes with heterogeneous mixed signals and patchy high signals
Edema: significant, mainly observed in the right frontal lobe and part of the occipital lobe with diffuse high signal intensity, extending into surrounding normal tissue
Necrosis: seen in the central part of the right frontal lobe, characterized by low signal mixed with high signal plaques
Ventricular compression: evident in the right lateral ventricle, particularly in the anterior horn region
2026-06-28 21:39:49,964  INFO  
  Case : BraTS20_Training_247
2026-06-28 21:39:49,964  INFO    PRED :
Lesion area: lobe
Edema: occipital, parietal and temporal
Necrosis: 'not observed'
Ventricular compression: 'not observed'
2026-06-28 21:39:49,964  INFO    REF  :
Lesion area: the right hemisphere of the brain with a mix of heterogeneous high and low signals and patchy high-signal regions
Edema: significant high-signal, observed in parts of the right hemisphere surrounding the lesions, including sections of the frontal and temporal lobes
Necrosis: mixed signals with uneven intensity, displaying patchy or diffuse combinations of high and low signals, dispersed within the lesions
Ventricular compression: observable compression of the ventricles, particularly the right ventricle area, by the lesion area
2026-06-28 21:39:49,964  INFO  ============================================================
2026-06-28 21:39:49,964  INFO    No improvement (6/12)
2026-06-28 21:40:09,855  INFO  [clinicalt5-hoss] E 10  train=2.9793 (ppl 19.67)  val=2.5932 (ppl 13.37)  gn=1.370
2026-06-28 21:40:11,512  INFO    Content score (lesion): lobe_jacc=0.125  hemi=0.500  -> 0.312
2026-06-28 21:40:12,766  INFO    Hemisphere quick-check (lesion field): 7/20 = 35.0%
2026-06-28 21:40:15,993  INFO    Within-report distinctness: collapse=0%  distinct_ratio=0.90  (0.25=full collapse, 1.0=all differ)
2026-06-28 21:40:17,231  INFO    Cross-patient[lesion]: 7/20 unique = 0.35  (1.0=all differ, low=TEMPLATE COLLAPSE)
2026-06-28 21:40:18,870  INFO    Cross-patient[necrosis]: 12/20 unique = 0.60  (1.0=all differ, low=TEMPLATE COLLAPSE)
2026-06-28 21:40:18,872  INFO  
============================================================  PREVIEW
2026-06-28 21:40:19,291  INFO  
  Case : BraTS20_Training_297
2026-06-28 21:40:19,291  INFO    PRED :
Lesion area: the left parietal lobes and hemisphere
Edema: the left parietal hemisphere
Necrosis: "visit motivation": "None", "height"
Ventricular compression: left ventricles, which deformities, and ventricle deformation
2026-06-28 21:40:19,291  INFO    REF  :
Lesion area: the left parietal and occipital lobes with heterogeneous signal intensities and patchy high-signal regions
Edema: significant in portions of the parietal and occipital lobes, suggesting substantial swelling in the tissues surrounding the lesions
Necrosis: within the lesion areas in the parietal and occipital lobes, characterized by some low-signal regions indicating possible
necrosis
Ventricular compression: observed near prominent lesion areas, indicating that the lesions are exerting pressure on the surrounding brain tissue and ventricles
2026-06-28 21:40:19,704  INFO  
  Case : BraTS20_Training_333
2026-06-28 21:40:19,704  INFO    PRED :
Lesion area: the left parietal lobe and hemisphere
Edema: the left parietal lobe
Necrosis: "visit motivation": "None", "ethnicity"
Ventricular compression: the left ventricles, which deformities, and the right ventricle
2026-06-28 21:40:19,704  INFO    REF  :
Lesion area: the frontal lobe region of the left cerebral hemisphere with a mixed signal of uneven intensity with spotted areas of high signal
Edema: mainly around the lesions, spreading across most of the left frontal lobe, showing a significant high signal, indicating a substantial degree of swelling in the surrounding tissues, with a wide range of
edema
Necrosis: mainly located in the central region of the frontal lobe, displaying low signal intensity, with edges adjoining the lesion areas and showing mixed signals with disorganized, multi-spotted appearances
Ventricular compression: noted on the left ventricle, which is compressed and deformed, showing asymmetric distortion, indicating significant compression of the ventricles by the lesion
2026-06-28 21:40:19,704  INFO  ============================================================
2026-06-28 21:40:19,704  INFO    No improvement (7/12)
2026-06-28 21:40:39,574  INFO  [clinicalt5-hoss] E 11  train=2.8398 (ppl 17.11)  val=2.4731 (ppl 11.86)  gn=1.421
2026-06-28 21:40:41,948  INFO    Content score (lesion): lobe_jacc=0.342  hemi=0.917  -> 0.629
2026-06-28 21:40:41,950  INFO  
============================================================  PREVIEW
2026-06-28 21:40:42,295  INFO  
  Case : BraTS20_Training_239
2026-06-28 21:40:42,295  INFO    PRED :
Lesion area: the right parietal lobe and hemisphere
Edema: the right parietal hemisphere
Necrosis: the right parietal hemisphere, with a high signal density
Ventricular compression: the right ventricles, which deformities and deformations in the left ventricle
2026-06-28 21:40:42,295  INFO    REF  :
Lesion area: the frontal and parietal lobes of the right hemisphere with heterogeneous signal intensities and patchy high signals
Edema: marked and extensive, affecting parts of the frontal and parietal lobes of the right hemisphere, displaying high signals and a diffusive pattern
Necrosis: evident with mixed signal characteristics; some regions display high signals while others show low signals, spatially scattered within the lesions
Ventricular compression: noted, with lesions exerting a compressive effect on the
ventricular structures
2026-06-28 21:40:42,714  INFO  
  Case : BraTS20_Training_230
2026-06-28 21:40:42,714  INFO    PRED :
Lesion area: the left parietal lobe, indicating a signal characteristic in the left frontal and paris
Edema: the left parietal lobe, indicating a large area of the left hemisphere
Necrosis: the left parietal hemisphere, with a high signal density
Ventricular compression: the left ventricles, which deformities and deformations
2026-06-28 21:40:42,714  INFO    REF  :
Lesion area: the left hemisphere, particularly in the parietal lobe region, with a mixture of heterogeneous high and low signals with spotted high-signal areas
Edema: in the parietal lobe region, prominent with significant
edema signals appearing as high signals, suggesting a considerable degree of swelling in the surrounding tissues, with a broad range of
edema
Necrosis: within the lesion area, showing low signals indicating possible necrotic regions with mixed signals and are relatively evenly distributed
Ventricular compression: clear compression of the left ventricle, suggesting a strong compressive effect on the brain tissue and ventricles
2026-06-28 21:40:42,714  INFO  ============================================================
2026-06-28 21:40:42,965  INFO  HTTP Request: HEAD https://huggingface.co/hossboll/clinical-t5/resolve/main/config.json "HTTP/1.1 307 Temporary Redirect"
2026-06-28 21:40:43,004  INFO  HTTP Request: HEAD https://huggingface.co/api/resolve-cache/models/hossboll/clinical-t5/c092f34a776c3969d4d86c0ad6f282668280fbf2/config.json "HTTP/1.1 200 OK"
2026-06-28 21:40:43,082  INFO  HTTP Request: HEAD https://huggingface.co/hossboll/clinical-t5/resolve/main/config.json "HTTP/1.1 307 Temporary Redirect"
2026-06-28 21:40:43,121  INFO  HTTP Request: HEAD https://huggingface.co/api/resolve-cache/models/hossboll/clinical-t5/c092f34a776c3969d4d86c0ad6f282668280fbf2/config.json "HTTP/1.1 200 OK"
2026-06-28 21:40:43,139  INFO    ✓ New best (content=0.629) → checkpoints_multi_v4/clinicalt5-hoss
2026-06-28 21:41:02,961  INFO  [clinicalt5-hoss] E 12  train=2.7246 (ppl 15.25)  val=2.3740 (ppl 10.74)  gn=1.449
2026-06-28 21:41:05,481  INFO    Content score (lesion): lobe_jacc=0.365  hemi=0.958  -> 0.661
2026-06-28 21:41:05,482  INFO  
============================================================  PREVIEW
2026-06-28 21:41:05,924  INFO  
  Case : BraTS20_Training_341
2026-06-28 21:41:05,925  INFO    PRED :
Lesion area: observed in the left parietal lobe, with a high signal density
Edema: observed in the left parietal lobe, indicating a large area of the left frontal hemisphere
Necrosis: observed in the left parietal lobe, with a high signal density
Ventricular compression: the left ventricle, which deformities and deformations
2026-06-28 21:41:05,925  INFO    REF  :
Lesion area: the left side of the brain with a mixed pattern of high and low signals
Edema: significant, concentrated in the left frontal and temporal lobes, with extension into parts of the parietal lobe
Necrosis: observed with noticeable low signal areas in the left frontal and temporal lobes, displaying uneven signal intensity
Ventricular compression: significantly compressed, especially the deformation of the left ventricle
2026-06-28 21:41:06,419  INFO  
  Case : BraTS20_Training_120
2026-06-28 21:41:06,419  INFO    PRED :
Lesion area: the left parietal lobe, indicating a high signal in the right frontal and temporal regions
Edema: the right parietal lobe, indicating a large area of the left frontal and temporal areas
Necrosis: the left parietal lobe, indicating a high signal density
Ventricular compression: the right ventricle, which deformities and deformations
2026-06-28 21:41:06,419  INFO    REF  :
Lesion area: parts of the bilateral frontal and parietal lobes with a heterogeneous mix of high and low signals, accompanied by patchy high signal areas
Edema: significant, primarily surrounding the bilateral frontal and parietal lobes, indicating severe swelling in the tissues
Necrosis: suggested by multiple low-signal areas, primarily concentrated around the bilateral lesion sites, exhibiting a mixed signal appearance
Ventricular compression: not evident, indicating that the current lesions have a limited compressive effect on the brain tissue and ventricles
2026-06-28 21:41:06,419  INFO  ============================================================
2026-06-28 21:41:06,567  INFO  HTTP Request: HEAD https://huggingface.co/hossboll/clinical-t5/resolve/main/config.json "HTTP/1.1 307 Temporary Redirect"
2026-06-28 21:41:06,604  INFO  HTTP Request: HEAD https://huggingface.co/api/resolve-cache/models/hossboll/clinical-t5/c092f34a776c3969d4d86c0ad6f282668280fbf2/config.json "HTTP/1.1 200 OK"
2026-06-28 21:41:06,684  INFO  HTTP Request: HEAD https://huggingface.co/hossboll/clinical-t5/resolve/main/config.json "HTTP/1.1 307 Temporary Redirect"
2026-06-28 21:41:06,719  INFO  HTTP Request: HEAD https://huggingface.co/api/resolve-cache/models/hossboll/clinical-t5/c092f34a776c3969d4d86c0ad6f282668280fbf2/config.json "HTTP/1.1 200 OK"
2026-06-28 21:41:06,737  INFO    ✓ New best (content=0.661) → checkpoints_multi_v4/clinicalt5-hoss
2026-06-28 21:41:26,529  INFO  [clinicalt5-hoss] E 13  train=2.6120 (ppl 13.63)  val=2.2819 (ppl 9.80)  gn=1.516
2026-06-28 21:41:29,619  INFO    Content score (lesion): lobe_jacc=0.451  hemi=0.958  -> 0.705
2026-06-28 21:41:29,620  INFO  
============================================================  PREVIEW
2026-06-28 21:41:30,109  INFO  
  Case : BraTS20_Training_115
2026-06-28 21:41:30,109  INFO    PRED :
Lesion area: the right frontal and parietal lobes, with a wide range of signal characteristics
Edema: the right parietal lobe, indicating a large area of the right frontal and temporal areas
Necrosis: observed in the right parietal lobe, indicating a lack of signal
Ventricular compression: the right parietal lobe, indicating a deformation in the ventricle
2026-06-28 21:41:30,109  INFO    REF  :
Lesion area: the right frontal and parietal lobes with a mixture of heterogeneous high and low signals and speckled high-signal areas
Edema: extensive, visible around the lesions in the parietal and frontal lobes, primarily in the right frontal and parietal regions, extending to the adjacent ventricles
Necrosis: detected in the lesion area of the parietal lobe, presenting as heterogeneous low signals and mixed high signals
Ventricular compression: observed, indicated by pressure on the adjacent ventricles with slight morphological changes
2026-06-28 21:41:30,573  INFO  
  Case : BraTS20_Training_153
2026-06-28 21:41:30,573  INFO    PRED :
Lesion area: observed in the left parietal lobe, indicating a high signal pattern
Edema: observed in the left parietal lobe, indicating a large area of the left frontal and temporal hemisphere
Necrosis: observed in the left parietal lobe, with a low signal intensity
Ventricular compression: the left parietal lobe, indicating a deformation in the ventricle
2026-06-28 21:41:30,574  INFO    REF  :
Lesion area: the left frontal and parietal lobes with a mix of heterogeneous high and low signals and speckled high-signal areas
Edema: significant in the left frontal and parietal lobes, mainly concentrated around the lesion area, with a broad range of diffusion, suggesting considerable swelling of the surrounding tissues
Necrosis: suggested by high signal intensity within the lesion area, predominantly concentrated in the right frontal and parietal lobes, with a relatively localized distribution
Ventricular compression: exerting some degree of compression on the right lateral ventricle
2026-06-28 21:41:30,574  INFO  ============================================================
2026-06-28 21:41:30,822  INFO  HTTP Request: HEAD https://huggingface.co/hossboll/clinical-t5/resolve/main/config.json "HTTP/1.1 307 Temporary Redirect"
2026-06-28 21:41:30,873  INFO  HTTP Request: HEAD https://huggingface.co/api/resolve-cache/models/hossboll/clinical-t5/c092f34a776c3969d4d86c0ad6f282668280fbf2/config.json "HTTP/1.1 200 OK"
2026-06-28 21:41:31,028  INFO  HTTP Request: HEAD https://huggingface.co/hossboll/clinical-t5/resolve/main/config.json "HTTP/1.1 307 Temporary Redirect"
2026-06-28 21:41:31,068  INFO  HTTP Request: HEAD https://huggingface.co/api/resolve-cache/models/hossboll/clinical-t5/c092f34a776c3969d4d86c0ad6f282668280fbf2/config.json "HTTP/1.1 200 OK"
2026-06-28 21:41:31,088  INFO    ✓ New best (content=0.705) → checkpoints_multi_v4/clinicalt5-hoss
2026-06-28 21:41:50,990  INFO  [clinicalt5-hoss] E 14  train=2.5295 (ppl 12.55)  val=2.2044 (ppl 9.06)  gn=1.569
2026-06-28 21:41:53,911  INFO    Content score (lesion): lobe_jacc=0.517  hemi=0.917  -> 0.717
2026-06-28 21:41:53,912  INFO  
============================================================  PREVIEW
2026-06-28 21:41:54,411  INFO  
  Case : BraTS20_Training_026
2026-06-28 21:41:54,411  INFO    PRED :
Lesion area: the right parietal lobe and hemisphere
Edema: observed in the right parietal lobe, indicating a large area of the right frontal and temporal hemisphere
Necrosis: observed in the right parietal lobe, indicating a lack of signal
Ventricular compression: observed in the right ventricle, mainly due to the deformation of the ventricles
2026-06-28 21:41:54,411  INFO    REF  :
Lesion area: the right frontal and parietal lobes with a mixture of heterogeneous signal intensities and spotted high-signal areas
Edema: significant, particularly in the right parietal lobe, extensive and affects the surrounding brain tissue
Necrosis: in the right frontal lobe, low-signal areas interspersed with high-signal areas
Ventricular compression: significant, especially on the right side
2026-06-28 21:41:54,895  INFO  
  Case : BraTS20_Training_115
2026-06-28 21:41:54,895  INFO    PRED :
Lesion area: the right frontal and parietal lobes, with a wide range of signals mixed with high signals
Edema: observed in the right parietal lobe, indicating a large area of the right frontal and temporal areas
Necrosis: the right parietal lobe, indicating a lack of signal
Ventricular compression: the right parietal lobe, indicating a deformation in the ventricle
2026-06-28 21:41:54,895  INFO    REF  :
Lesion area: the right frontal and parietal lobes with a mixture of heterogeneous high and low signals and speckled high-signal areas
Edema: extensive, visible around the lesions in the parietal and frontal lobes, primarily in the right frontal and parietal regions, extending to the adjacent ventricles
Necrosis: detected in the lesion area of the parietal lobe, presenting as heterogeneous low signals and mixed high signals
Ventricular compression: observed, indicated by pressure on the adjacent ventricles with slight morphological changes
2026-06-28 21:41:54,895  INFO  ============================================================
2026-06-28 21:41:55,115  INFO  HTTP Request: HEAD https://huggingface.co/hossboll/clinical-t5/resolve/main/config.json "HTTP/1.1 307 Temporary Redirect"
2026-06-28 21:41:55,148  INFO  HTTP Request: HEAD https://huggingface.co/api/resolve-cache/models/hossboll/clinical-t5/c092f34a776c3969d4d86c0ad6f282668280fbf2/config.json "HTTP/1.1 200 OK"
2026-06-28 21:41:55,231  INFO  HTTP Request: HEAD https://huggingface.co/hossboll/clinical-t5/resolve/main/config.json "HTTP/1.1 307 Temporary Redirect"
2026-06-28 21:41:55,264  INFO  HTTP Request: HEAD https://huggingface.co/api/resolve-cache/models/hossboll/clinical-t5/c092f34a776c3969d4d86c0ad6f282668280fbf2/config.json "HTTP/1.1 200 OK"
2026-06-28 21:41:55,284  INFO    ✓ New best (content=0.717) → checkpoints_multi_v4/clinicalt5-hoss
2026-06-28 21:42:15,102  INFO  [clinicalt5-hoss] E 15  train=2.4481 (ppl 11.57)  val=2.1410 (ppl 8.51)  gn=1.603
2026-06-28 21:42:18,159  INFO    Content score (lesion): lobe_jacc=0.500  hemi=0.958  -> 0.729
2026-06-28 21:42:20,748  INFO    Hemisphere quick-check (lesion field): 20/20 = 100.0%
2026-06-28 21:42:25,822  INFO    Within-report distinctness: collapse=0%  distinct_ratio=0.97  (0.25=full collapse, 1.0=all differ)
2026-06-28 21:42:28,512  INFO    Cross-patient[lesion]: 18/20 unique = 0.90  (1.0=all differ, low=TEMPLATE COLLAPSE)
2026-06-28 21:42:30,717  INFO    Cross-patient[necrosis]: 8/20 unique = 0.40  (1.0=all differ, low=TEMPLATE COLLAPSE)
2026-06-28 21:42:30,718  INFO  
============================================================  PREVIEW
2026-06-28 21:42:31,221  INFO  
  Case : BraTS20_Training_239
2026-06-28 21:42:31,221  INFO    PRED :
Lesion area: the right parietal lobe and hemisphere, with a wide range of high signal areas
Edema: observed in the right parietal lobe, mainly concentrated in the frontal and temporal areas
Necrosis: observed in the right parietal lobe, indicating a lack of signal
Ventricular compression: the right parietal hemisphere, with a large deformation of the ventricle
2026-06-28 21:42:31,221  INFO    REF  :
Lesion area: the frontal and parietal lobes of the right hemisphere with heterogeneous signal intensities and patchy high signals
Edema: marked and extensive, affecting parts of the frontal and parietal lobes of the right hemisphere, displaying high signals and a diffusive pattern
Necrosis: evident with mixed signal characteristics; some regions display high signals while others show low signals, spatially scattered within the lesions
Ventricular compression: noted, with lesions exerting a compressive effect on the
ventricular structures
2026-06-28 21:42:31,656  INFO  
  Case : BraTS20_Training_079
2026-06-28 21:42:31,656  INFO    PRED :
Lesion area: observed in the right parietal and frontal lobes, with a wide range of signal characteristics
Edema: the right parietal and frontal lobes
Necrosis: the right parietal and frontal lobes
Ventricular compression: the right parietal and frontal lobes with significant deformation
2026-06-28 21:42:31,656  INFO    REF  :
Lesion area: the right parietal lobe with mixed high and low signal intensity, along with spotted high signal regions
Edema: significant within the right parietal lobe area, indicating some degree of swelling in the surrounding tissues of the lesion
Necrosis: potential with mixed signal intensity in the right region, scattered throughout
Ventricular compression: not observed
2026-06-28 21:42:31,656  INFO  ============================================================
2026-06-28 21:42:31,804  INFO  HTTP Request: HEAD https://huggingface.co/hossboll/clinical-t5/resolve/main/config.json "HTTP/1.1 307 Temporary Redirect"
2026-06-28 21:42:31,843  INFO  HTTP Request: HEAD https://huggingface.co/api/resolve-cache/models/hossboll/clinical-t5/c092f34a776c3969d4d86c0ad6f282668280fbf2/config.json "HTTP/1.1 200 OK"
2026-06-28 21:42:31,921  INFO  HTTP Request: HEAD https://huggingface.co/hossboll/clinical-t5/resolve/main/config.json "HTTP/1.1 307 Temporary Redirect"
2026-06-28 21:42:31,955  INFO  HTTP Request: HEAD https://huggingface.co/api/resolve-cache/models/hossboll/clinical-t5/c092f34a776c3969d4d86c0ad6f282668280fbf2/config.json "HTTP/1.1 200 OK"
2026-06-28 21:42:32,072  INFO    ✓ New best (content=0.729) → checkpoints_multi_v4/clinicalt5-hoss
2026-06-28 21:42:51,884  INFO  [clinicalt5-hoss] E 16  train=2.3664 (ppl 10.66)  val=2.0771 (ppl 7.98)  gn=1.771
2026-06-28 21:42:54,922  INFO    Content score (lesion): lobe_jacc=0.472  hemi=0.958  -> 0.715
2026-06-28 21:42:54,923  INFO  
============================================================  PREVIEW
2026-06-28 21:42:55,426  INFO  
  Case : BraTS20_Training_305
2026-06-28 21:42:55,426  INFO    PRED :
Lesion area: the right frontal and parietal lobes with a high signal density, indicating a significant increase in signal intensity
Edema: the right frontal and parietal lobes, with a large area of high-frequency edema
Necrosis: the right frontal and parietal lobes, indicating a lack of signal
Ventricular compression: observed in the right ventricle, mainly due to the deformation of the ventricles
2026-06-28 21:42:55,426  INFO    REF  :
Lesion area: the right cerebral hemisphere, particularly the parietal and occipital lobes, with a mix of heterogeneous high and low signals, along with speckled high-signal areas
Edema: notable high-signal areas surrounding the lesions mainly concentrated in the right parietal and occipital lobes, with significant swelling of the surrounding tissues, covering a large area
Necrosis: some low-signal areas with uneven signal intensity, with some areas exhibiting extremely low signals, both concentrated and somewhat dispersed
Ventricular compression: the right ventricle subjected to varying degrees of compression, resulting in slight deformation
2026-06-28 21:42:55,902  INFO  
  Case : BraTS20_Training_232
2026-06-28 21:42:55,903  INFO    PRED :
Lesion area: observed in the left frontal and temporal lobes of the left hemisphere
Edema: observed in the left temporal and frontal lobes, with a high degree of heterogeneity
Necrosis: observed in the left temporal and frontal lobes, indicating a lack of signal
Ventricular compression: observed in the left ventricle, indicating a significant deformation in the frontal lobe
2026-06-28 21:42:55,903  INFO    REF  :
Lesion area: various parts of the left hemisphere with a mix of heterogeneous high and low signals
Edema: evident with extensive distribution in the left frontal and parietal lobes, particularly surrounding the lesion tissues
Necrosis: observed with some low signal areas and mixed signals dispersed in various locations, suggesting necrotic tissue at the center of the lesions
Ventricular compression: observed, indicating that the lesions exert some pressure on the brain tissue and ventricles
2026-06-28 21:42:55,903  INFO  ============================================================
2026-06-28 21:42:55,903  INFO    No improvement (1/12)
2026-06-28 21:43:15,715  INFO  [clinicalt5-hoss] E 17  train=2.3098 (ppl 10.07)  val=2.0204 (ppl 7.54)  gn=1.768
2026-06-28 21:43:18,954  INFO    Content score (lesion): lobe_jacc=0.479  hemi=0.917  -> 0.698
2026-06-28 21:43:18,956  INFO  
============================================================  PREVIEW
2026-06-28 21:43:19,502  INFO  
  Case : BraTS20_Training_166
2026-06-28 21:43:19,502  INFO    PRED :
Lesion area: the right parietal and temporal lobes, with a mixture of high and low signal areas, mainly concentrated in the right frontal and frontal areas
Edema: observed in the right parietal lobe, mainly concentrated in the frontal and temporal areas
Necrosis: observed in the right parietal lobe, indicating a lack of signal
Ventricular compression: the right parietal hemisphere, characterized by deformation of the ventricle, indicating a significant degree of deformation
2026-06-28 21:43:19,502  INFO    REF  :
Lesion area: the right frontal and parietal lobes with a mixture of heterogeneous high and low signals, which appear as spotted high-signal areas, suggesting the presence of multiple lesions
Edema: significant with notable swelling of the tissue surrounding the lesion in the right frontal and parietal lobes
Necrosis: observed with low signals, suggesting possible
necrosis primarily concentrated in the central region of the right frontal lobe, featuring mixed signals that indicate varying degrees of
necrosis, dispersed throughout the lesion area
Ventricular compression: identified as the right lateral ventricle is compressed and deformed, while the left lateral ventricle is slightly expanded, indicating some degree of compressive effect on the brain tissue and ventricles due to the lesions
2026-06-28 21:43:19,996  INFO  
  Case : BraTS20_Training_326
2026-06-28 21:43:19,996  INFO    PRED :
Lesion area: the left parietal lobe with a mixture of high and low signals
Edema: observed in the left parietal lobe, indicating a large area of the lesion
Necrosis: observed in the left parietal lobe, indicating a lack of signal
Ventricular compression: observed in the left parietal lobe, indicating deformation of the ventricle
2026-06-28 21:43:19,996  INFO    REF  :
Lesion area: the left side of the brain, specifically involving the frontal and parietal lobes, with a mixture of heterogeneous signal intensities and patchy high signal areas
Edema: significant, mainly observed in the tissue surrounding the lesions, particularly around the larger high signal lesion areas, extending significantly to the peripheral regions of the frontal and parietal lobes
Necrosis: within the high signal lesions, with areas of low signal that may represent necrotic tissue, interspersed within the high signal lesion areas, presenting with irregular contours, and some located deep within the frontal lobe
Ventricular compression: exerting a certain degree of compression on the ventricles, showing deformation of the
ventricular system under pressure
2026-06-28 21:43:19,996  INFO  ============================================================
2026-06-28 21:43:19,996  INFO    No improvement (2/12)
2026-06-28 21:43:39,860  INFO  [clinicalt5-hoss] E 18  train=2.2558 (ppl 9.54)  val=1.9714 (ppl 7.18)  gn=1.804
2026-06-28 21:43:43,264  INFO    Content score (lesion): lobe_jacc=0.521  hemi=0.958  -> 0.740
2026-06-28 21:43:43,265  INFO  
============================================================  PREVIEW
2026-06-28 21:43:43,786  INFO  
  Case : BraTS20_Training_040
2026-06-28 21:43:43,786  INFO    PRED :
Lesion area: the left frontal and temporal lobes with a mixture of high and low signals
Edema: observed in the right parietal lobe, mainly concentrated in the left frontal and temporal areas
Necrosis: observed in the left parietal lobe, indicating a lack of signal
Ventricular compression: the right ventricle is deformed, indicating a significant deformation of the ventricles, mainly in the parietal and temporal lobes
2026-06-28 21:43:43,786  INFO    REF  :
Lesion area: the bilateral frontal and temporal lobes with a mixed signal of uneven high and low intensity with patchy high signal areas
Edema: pronounced, chiefly observed in the bilateral lateral frontal lobes, with significant swelling of surrounding tissues, extensive and extending into the temporal lobes
Necrosis: located at the center of the bilateral lateral frontal lobes, characterized by high signal areas interspersed with low signals, primarily in the aforementioned areas
Ventricular compression: notably present as the right ventricle is compressed and deformed, whereas the left ventricle maintains a normal shape
2026-06-28 21:43:44,297  INFO  
  Case : BraTS20_Training_057
2026-06-28 21:43:44,297  INFO    PRED :
Lesion area: the left parietal lobe with a mixture of high and low signals, mainly concentrated in the frontal and lesion areas
Edema: observed in the left parietal lobe, with a wide area of high and low signal areas
Necrosis: observed in the left parietal lobe, indicating a lack of signal
Ventricular compression: observed in the left parietal lobe, indicating a large degree of deformation in the ventricle
2026-06-28 21:43:44,297  INFO    REF  :
Lesion area: the left frontal lobe with mixed signals of varying intensities and spot-like high signal areas
Edema: extensive, affecting parts of the parietal and temporal lobes, further illustrating the severity of the lesion
Necrosis: present, with possible signs of
necrosis in the left frontal lobe, showing uneven signal intensity with low signals mixed with high signal zones
Ventricular compression: present, with the left lateral ventricle showing some compression
2026-06-28 21:43:44,297  INFO  ============================================================
2026-06-28 21:43:44,469  INFO  HTTP Request: HEAD https://huggingface.co/hossboll/clinical-t5/resolve/main/config.json "HTTP/1.1 307 Temporary Redirect"
2026-06-28 21:43:44,507  INFO  HTTP Request: HEAD https://huggingface.co/api/resolve-cache/models/hossboll/clinical-t5/c092f34a776c3969d4d86c0ad6f282668280fbf2/config.json "HTTP/1.1 200 OK"
2026-06-28 21:43:44,588  INFO  HTTP Request: HEAD https://huggingface.co/hossboll/clinical-t5/resolve/main/config.json "HTTP/1.1 307 Temporary Redirect"
2026-06-28 21:43:44,625  INFO  HTTP Request: HEAD https://huggingface.co/api/resolve-cache/models/hossboll/clinical-t5/c092f34a776c3969d4d86c0ad6f282668280fbf2/config.json "HTTP/1.1 200 OK"
2026-06-28 21:43:44,645  INFO    ✓ New best (content=0.740) → checkpoints_multi_v4/clinicalt5-hoss
2026-06-28 21:44:04,497  INFO  [clinicalt5-hoss] E 19  train=2.1988 (ppl 9.01)  val=1.9328 (ppl 6.91)  gn=1.778
2026-06-28 21:44:07,709  INFO    Content score (lesion): lobe_jacc=0.483  hemi=0.958  -> 0.720
2026-06-28 21:44:07,710  INFO  
============================================================  PREVIEW
2026-06-28 21:44:08,146  INFO  
  Case : BraTS20_Training_292
2026-06-28 21:44:08,146  INFO    PRED :
Lesion area: the right parietal and temporal lobes with a mixture of heterogeneous high and low signal areas
Edema: observed in the right parietal and temporal lobes
Necrosis: the right parietal and temporal lobes with low signal intensity
Ventricular compression: the right parietal and temporal lobes with a mixture of compression and deformation
2026-06-28 21:44:08,146  INFO    REF  :
Lesion area: the right cerebral region, particularly involving the frontal and temporal lobes, with a mix of heterogeneous high and low signals, along with some spotty high signal areas
Edema: significant with signals around the right frontal and temporal lobes, suggesting a high degree of tissue swelling in these areas, and covers the main lesion areas
Necrosis: present within the lesion areas of the right frontal and temporal lobes, with regions showing significantly reduced signal intensity, mixed with both low signals and localized high signals scattered throughout
Ventricular compression: not observed
2026-06-28 21:44:08,614  INFO  
  Case : BraTS20_Training_297
2026-06-28 21:44:08,614  INFO    PRED :
Lesion area: the left frontal and parietal lobes with a mixture of heterogeneous high and low signal areas
Edema: observed in the left parietal lobe, mainly concentrated in the lesion area
Necrosis: observed in the left parietal lobe, indicating a lack of signal
Ventricular compression: observed in the left parietal lobe with a mixture of compression and deformation
2026-06-28 21:44:08,614  INFO    REF  :
Lesion area: the left parietal and occipital lobes with heterogeneous signal intensities and patchy high-signal regions
Edema: significant in portions of the parietal and occipital lobes, suggesting substantial swelling in the tissues surrounding the lesions
Necrosis: within the lesion areas in the parietal and occipital lobes, characterized by some low-signal regions indicating possible
necrosis
Ventricular compression: observed near prominent lesion areas, indicating that the lesions are exerting pressure on the surrounding brain tissue and ventricles
2026-06-28 21:44:08,614  INFO  ============================================================
2026-06-28 21:44:08,614  INFO    No improvement (1/12)
2026-06-28 21:44:28,431  INFO  [clinicalt5-hoss] E 20  train=2.1600 (ppl 8.67)  val=1.8957 (ppl 6.66)  gn=1.911
2026-06-28 21:44:32,043  INFO    Content score (lesion): lobe_jacc=0.521  hemi=0.917  -> 0.719
2026-06-28 21:44:35,030  INFO    Hemisphere quick-check (lesion field): 19/20 = 95.0%
2026-06-28 21:44:39,918  INFO    Within-report distinctness: collapse=0%  distinct_ratio=1.00  (0.25=full collapse, 1.0=all differ)
2026-06-28 21:44:42,945  INFO    Cross-patient[lesion]: 13/20 unique = 0.65  (1.0=all differ, low=TEMPLATE COLLAPSE)
2026-06-28 21:44:44,896  INFO    Cross-patient[necrosis]: 13/20 unique = 0.65  (1.0=all differ, low=TEMPLATE COLLAPSE)
2026-06-28 21:44:44,897  INFO  
============================================================  PREVIEW
2026-06-28 21:44:45,415  INFO  
  Case : BraTS20_Training_194
2026-06-28 21:44:45,415  INFO    PRED :
Lesion area: the left frontal and parietal lobes with a mixture of heterogeneous high and low signal areas
Edema: observed in the left parietal and frontal lobes
Necrosis: the left frontal and parietal lobes with low signal intensity
Ventricular compression: the left parietal lobe with a mixture of compression and deformation
2026-06-28 21:44:45,415  INFO    REF  :
Lesion area: multiple areas of the left brain (frontal lobe, temporal lobe, parietal lobe, occipital lobe) with irregular signal patterns characterized by mixed high and low signals and spotty high-signal areas
Edema: significant with a substantial amount of high-signal areas indicating marked
edema, primarily concentrated in the frontal and parietal regions of the left brain
Necrosis: characterized by several low-signal areas showing potential signs of
necrosis, with uneven low signals demonstrating the mixed nature of the necrotic tissue scattered without showing any obvious concentration
Ventricular compression: observed in certain areas of the left lateral ventricle, particularly in regions where the lesions are more concentrated
2026-06-28 21:44:45,864  INFO  
  Case : BraTS20_Training_297
2026-06-28 21:44:45,864  INFO    PRED :
Lesion area: the left parietal and frontal lobes with a mixture of heterogeneous high and low signal areas
Edema: observed in the left parietal lobe, with a wide area of high and low signal areas
Necrosis: observed in the left parietal lobe, indicating a lack of signal
Ventricular compression: the left parietal lobe with a mixture of compression and deformation
2026-06-28 21:44:45,864  INFO    REF  :
Lesion area: the left parietal and occipital lobes with heterogeneous signal intensities and patchy high-signal regions
Edema: significant in portions of the parietal and occipital lobes, suggesting substantial swelling in the tissues surrounding the lesions
Necrosis: within the lesion areas in the parietal and occipital lobes, characterized by some low-signal regions indicating possible
necrosis
Ventricular compression: observed near prominent lesion areas, indicating that the lesions are exerting pressure on the surrounding brain tissue and ventricles
2026-06-28 21:44:45,864  INFO  ============================================================
2026-06-28 21:44:45,864  INFO    No improvement (2/12)
2026-06-28 21:45:05,758  INFO  [clinicalt5-hoss] E 21  train=2.1188 (ppl 8.32)  val=1.8600 (ppl 6.42)  gn=1.911
2026-06-28 21:45:09,615  INFO    Content score (lesion): lobe_jacc=0.465  hemi=0.958  -> 0.712
2026-06-28 21:45:09,617  INFO  
============================================================  PREVIEW
2026-06-28 21:45:10,114  INFO  
  Case : BraTS20_Training_043
2026-06-28 21:45:10,114  INFO    PRED :
Lesion area: the right temporal and parietal lobes with a mixture of heterogeneous high and low signal areas
Edema: the right temporal and parietal lobes with a large area of high-signal areas
Necrosis: the right temporal and parietal lobes with a mixture of high and low signal areas
Ventricular compression: the right parietal and temporal lobes with a mixture of compression and deformation
2026-06-28 21:45:10,114  INFO    REF  :
Lesion area: the right frontal and parietal regions with mixed high and low signals with patchy high-signal areas
Edema: prominent, concentrated in the right frontal and parietal lobes, with a minor extension to the temporal lobe, showing significant high signals
Necrosis: mostly observed in the right parietal and occipital lobes, appearing as low signals interspersed with some high-signal areas
Ventricular compression: notable on the lateral ventricles, with the lesion areas exerting a certain compressive effect on the ventricles
2026-06-28 21:45:10,617  INFO  
  Case : BraTS20_Training_342
2026-06-28 21:45:10,617  INFO    PRED :
Lesion area: the right frontal and parietal lobes with a mixture of heterogeneous high and low signal areas
Edema: the right frontal and parietal lobes with a large area of high-signal edema
Necrosis: the right frontal and parietal lobes with a mixture of high and low signal areas
Ventricular compression: the right frontal and parietal lobes with a mixture of compression and deformation
2026-06-28 21:45:10,617  INFO    REF  :
Lesion area: the frontal, parietal, and occipital regions of the right hemisphere with mixed signals of varying intensities and spot-like high signal areas
Edema: mainly in the right hemisphere, where the lesions are present, particularly in the surrounding tissues near the lesions, and is extensive, covering the frontal lobe, parietal lobe, and part of the occipital lobe
Necrosis: located in the right hemisphere, especially at the center of the lesion, showing mixed, uneven signals and mostly concentrated
Ventricular compression: observed with the right lateral ventricle compressed and reduced in size
2026-06-28 21:45:10,617  INFO  ============================================================
2026-06-28 21:45:10,617  INFO    No improvement (3/12)
2026-06-28 21:45:30,488  INFO  [clinicalt5-hoss] E 22  train=2.0796 (ppl 8.00)  val=1.8337 (ppl 6.26)  gn=1.828
2026-06-28 21:45:34,207  INFO    Content score (lesion): lobe_jacc=0.556  hemi=0.958  -> 0.757
2026-06-28 21:45:34,208  INFO  
============================================================  PREVIEW
2026-06-28 21:45:34,734  INFO  
  Case : BraTS20_Training_239
2026-06-28 21:45:34,734  INFO    PRED :
Lesion area: the right parietal and temporal lobes with a mixture of heterogeneous high and low signal areas
Edema: observed in the right parietal lobe, mainly concentrated in the lesion area, indicating a large extent of the edema
Necrosis: the right parietal and occipital lobes with a mixture of low and low signal areas
Ventricular compression: the right parietal and occipital ventricles are deformed, indicating compression of the ventricle
2026-06-28 21:45:34,734  INFO    REF  :
Lesion area: the frontal and parietal lobes of the right hemisphere with heterogeneous signal intensities and patchy high signals
Edema: marked and extensive, affecting parts of the frontal and parietal lobes of the right hemisphere, displaying high signals and a diffusive pattern
Necrosis: evident with mixed signal characteristics; some regions display high signals while others show low signals, spatially scattered within the lesions
Ventricular compression: noted, with lesions exerting a compressive effect on the
ventricular structures
2026-06-28 21:45:35,224  INFO  
  Case : BraTS20_Training_095
2026-06-28 21:45:35,224  INFO    PRED :
Lesion area: the right frontal and parietal lobes with a mixture of heterogeneous high and low signal areas
Edema: observed in the right parietal lobe, with a large area of high and low signal areas
Necrosis: the right frontal and parietal lobes with a mixture of low and low signal areas
Ventricular compression: the left ventricle is compressed and deformed
2026-06-28 21:45:35,224  INFO    REF  :
Lesion area: the white matter of both cerebral hemispheres, especially in the bilateral frontal and parietal regions, with mixed high and low heterogeneous signals
Edema: mainly observed in the white matter areas of the frontal and parietal lobes, presenting as diffuse high signals, indicating significant swelling in the surrounding tissue of the lesions. The
edema is extensive, spreading across the entire cerebral hemisphere
Necrosis: suggested by some low-signal areas, appearing as mixed signals, mainly concentrated in the central regions of the high-signal lesions. The necrotic areas are relatively concentrated but also show some localized dispersion
Ventricular compression: partially compressed, particularly evident in the right lateral
ventricular body region
2026-06-28 21:45:35,224  INFO  ============================================================
2026-06-28 21:45:35,394  INFO  HTTP Request: HEAD https://huggingface.co/hossboll/clinical-t5/resolve/main/config.json "HTTP/1.1 307 Temporary Redirect"
2026-06-28 21:45:35,428  INFO  HTTP Request: HEAD https://huggingface.co/api/resolve-cache/models/hossboll/clinical-t5/c092f34a776c3969d4d86c0ad6f282668280fbf2/config.json "HTTP/1.1 200 OK"
2026-06-28 21:45:35,507  INFO  HTTP Request: HEAD https://huggingface.co/hossboll/clinical-t5/resolve/main/config.json "HTTP/1.1 307 Temporary Redirect"
2026-06-28 21:45:35,542  INFO  HTTP Request: HEAD https://huggingface.co/api/resolve-cache/models/hossboll/clinical-t5/c092f34a776c3969d4d86c0ad6f282668280fbf2/config.json "HTTP/1.1 200 OK"
2026-06-28 21:45:35,561  INFO    ✓ New best (content=0.757) → checkpoints_multi_v4/clinicalt5-hoss
2026-06-28 21:45:55,489  INFO  [clinicalt5-hoss] E 23  train=2.0429 (ppl 7.71)  val=1.8026 (ppl 6.07)  gn=1.917
2026-06-28 21:45:59,314  INFO    Content score (lesion): lobe_jacc=0.549  hemi=0.958  -> 0.753
2026-06-28 21:45:59,315  INFO  
============================================================  PREVIEW
2026-06-28 21:45:59,811  INFO  
  Case : BraTS20_Training_078
2026-06-28 21:45:59,812  INFO    PRED :
Lesion area: the right frontal and parietal lobes with a mixture of heterogeneous high and low signal areas
Edema: observed in the right parietal and occipital lobes, with significant swelling of the edema
Necrosis: observed in the right parietal and occipital lobes with low signal intensity, indicating a lack of signal intensity
Ventricular compression: not observed, with the right ventricle being compressed and deformed
2026-06-28 21:45:59,812  INFO    REF  :
Lesion area: the right temporal and parietal lobes with a mix of heterogeneous signals, including multiple patchy high-signal areas
Edema: pronounced, mainly observed in the right temporal and parietal lobes, and spans extensively as high-signal regions, indicating significant tissue swelling
Necrosis: identified as several low-signal areas within the lesion region, possibly indicating
necrosis, with uneven signal intensity concentrated in the right temporal lobe
Ventricular compression: slightly observed
2026-06-28 21:46:00,342  INFO  
  Case : BraTS20_Training_220
2026-06-28 21:46:00,342  INFO    PRED :
Lesion area: the right frontal and parietal lobes with a mixture of heterogeneous high and low signal areas
Edema: the right frontal and parietal lobes with a large area of high-signal edema
Necrosis: the right parietal and frontal lobes with a mixture of low and low signal areas
Ventricular compression: the right parietal and occipital ventricles are deformed, indicating some deformation
2026-06-28 21:46:00,342  INFO    REF  :
Lesion area: the right frontal lobe, right temporal lobe, and right occipital lobe with a mixed pattern of heterogeneous high and low signals, with patchy high-signal regions, suggesting multiple lesions
Edema: significant, primarily concentrated in the junction area of the right temporal lobe and frontal lobe, and in the right parietal lobe, spanning multiple brain lobes
Necrosis: visible with low signal intensity areas mainly concentrated in the junction of the right frontal and temporal lobes, with mixed signal characteristics
Ventricular compression: observed in the right frontal, temporal, and parietal lobes
2026-06-28 21:46:00,342  INFO  ============================================================
2026-06-28 21:46:00,342  INFO    No improvement (1/12)
2026-06-28 21:46:20,221  INFO  [clinicalt5-hoss] E 24  train=2.0126 (ppl 7.48)  val=1.7800 (ppl 5.93)  gn=1.815
2026-06-28 21:46:23,821  INFO    Content score (lesion): lobe_jacc=0.549  hemi=0.917  -> 0.733
2026-06-28 21:46:23,822  INFO  
============================================================  PREVIEW
2026-06-28 21:46:24,263  INFO  
  Case : BraTS20_Training_031
2026-06-28 21:46:24,263  INFO    PRED :
Lesion area: the right frontal and parietal lobes with a mix of heterogeneous high and low signal areas
Edema: observed in the right parietal lobe, with a large area of high and low signal areas
Necrosis: the left parietal lobe with a mixture of low and low signal areas
Ventricular compression: not observed, with the right ventricle being compressed and deformed
2026-06-28 21:46:24,263  INFO    REF  :
Lesion area: the left frontal lobe region with a mixed signal of heterogeneous high and low intensities, accompanied by speckled high signal areas
Edema: a marked increase in signal intensity, indicating extensive brain tissue
edema mainly concentrated around the left frontal lobe near the lesions, with a relatively uniform signal intensity suggesting a wide extent of
edema
Necrosis: suggested by central regions of lower signal, located at the core of the lesion, with a moderate mixed degree of low signal areas surrounded by high signal regions
Ventricular compression: observed with the left ventricle deformed due to compression by the lesion, showing significant compression
2026-06-28 21:46:24,752  INFO  
  Case : BraTS20_Training_313
2026-06-28 21:46:24,752  INFO    PRED :
Lesion area: the right frontal and parietal lobes with a mix of heterogeneous high and low signal areas
Edema: the right frontal and parietal lobes with a large area of high-signal edema
Necrosis: the right frontal and parietal lobes with a mixture of low and low signal areas
Ventricular compression: the right frontal and parietal lobes are compressed and deformed
2026-06-28 21:46:24,752  INFO    REF  :
Lesion area: the right frontal and parietal regions with a mix of heterogeneous high and low signals and speckled high-signal areas
Edema: significant, with extensive high-signal regions occupying large portions of the right frontal and parietal lobes
Necrosis: observed with low-signal areas, especially concentrated in the right parietal region, exhibiting signal heterogeneity
Ventricular compression: noticeable on the right lateral ventricle, which appears narrowed
2026-06-28 21:46:24,752  INFO  ============================================================
2026-06-28 21:46:24,752  INFO    No improvement (2/12)
2026-06-28 21:46:44,571  INFO  [clinicalt5-hoss] E 25  train=1.9856 (ppl 7.28)  val=1.7590 (ppl 5.81)  gn=1.846
2026-06-28 21:46:48,266  INFO    Content score (lesion): lobe_jacc=0.559  hemi=0.750  -> 0.655
2026-06-28 21:46:51,332  INFO    Hemisphere quick-check (lesion field): 19/20 = 95.0%
2026-06-28 21:46:56,068  INFO    Within-report distinctness: collapse=0%  distinct_ratio=1.00  (0.25=full collapse, 1.0=all differ)
2026-06-28 21:46:59,151  INFO    Cross-patient[lesion]: 13/20 unique = 0.65  (1.0=all differ, low=TEMPLATE COLLAPSE)
2026-06-28 21:47:01,389  INFO    Cross-patient[necrosis]: 17/20 unique = 0.85  (1.0=all differ, low=TEMPLATE COLLAPSE)
2026-06-28 21:47:01,390  INFO  
============================================================  PREVIEW
2026-06-28 21:47:01,870  INFO  
  Case : BraTS20_Training_228
2026-06-28 21:47:01,870  INFO    PRED :
Lesion area: the right frontal and parietal lobes with a mixture of heterogeneous high and low signal areas
Edema: observed in the right parietal lobe, mainly concentrated in the lesion area
Necrosis: the right parietal and temporal lobes with a mix of low and low signal areas
Ventricular compression: the right frontal and parietal lobes are compressed and deformed
2026-06-28 21:47:01,870  INFO    REF  :
Lesion area: the right temporal and frontal lobes with a mixture of heterogeneous high and low signals, with some areas showing speckled high signals
Edema: extensive, mainly concentrated in the right temporal lobe and part of the frontal lobe, indicating marked swelling of the surrounding tissues
Necrosis: characterized by clearly low signals, with a notable degree of heterogeneity, mostly scattered in the right temporal and frontal lobes
Ventricular compression: slight compression of the right ventricle, with no severe deformation or significant shift observed yet
2026-06-28 21:47:02,333  INFO  
  Case : BraTS20_Training_001
2026-06-28 21:47:02,333  INFO    PRED :
Lesion area: the right parietal and temporal lobes with a mixture of heterogeneous high and low signal areas
Edema: observed in the right parietal and temporal lobes, with a large area of heterogeneous high and low signal areas
Necrosis: the right parietal and temporal lobes with a mixture of low and low signal areas
Ventricular compression: not observed, with the right ventricle being compressed and deformed
2026-06-28 21:47:02,333  INFO    REF  :
Lesion area: the right frontal and parietal lobes with a mixed pattern of high and low signals with speckled high signal regions
Edema: mainly observed in the right parietal lobe, partially extending to the frontal lobe, presenting as high signal, indicating significant tissue swelling around the lesion
Necrosis: within the lesions of the right parietal and frontal lobes, appearing as mixed, with alternating high and low signal regions
Ventricular compression: seen in the lateral ventricles with significant compressive effects on the brain tissue and ventricles
2026-06-28 21:47:02,333  INFO  ============================================================
2026-06-28 21:47:02,333  INFO    No improvement (3/12)
2026-06-28 21:47:22,131  INFO  [clinicalt5-hoss] E 26  train=1.9519 (ppl 7.04)  val=1.7333 (ppl 5.66)  gn=1.818
2026-06-28 21:47:25,823  INFO    Content score (lesion): lobe_jacc=0.590  hemi=0.917  -> 0.753
2026-06-28 21:47:25,824  INFO  
============================================================  PREVIEW
2026-06-28 21:47:26,301  INFO  
  Case : BraTS20_Training_247
2026-06-28 21:47:26,302  INFO    PRED :
Lesion area: the right frontal and parietal lobes with a mixture of heterogeneous high and low signal areas
Edema: observed in the right frontal and parietal lobes, with significant swelling of the edema
Necrosis: observed in the right parietal and occipital lobes with low signal intensity
Ventricular compression: observed with the right ventricle being compressed and deformed
2026-06-28 21:47:26,302  INFO    REF  :
Lesion area: the right hemisphere of the brain with a mix of heterogeneous high and low signals and patchy high-signal regions
Edema: significant high-signal, observed in parts of the right hemisphere surrounding the lesions, including sections of the frontal and temporal lobes
Necrosis: mixed signals with uneven intensity, displaying patchy or diffuse combinations of high and low signals, dispersed within the lesions
Ventricular compression: observable compression of the ventricles, particularly the right ventricle area, by the lesion area
2026-06-28 21:47:26,793  INFO  
  Case : BraTS20_Training_333
2026-06-28 21:47:26,794  INFO    PRED :
Lesion area: the left frontal and parietal lobes with a mixture of heterogeneous high and low signal areas
Edema: observed in the left parietal and occipital lobes, with a large area of heterogeneous high and low signal areas
Necrosis: observed in the left frontal and parietal lobes with low signal intensity
Ventricular compression: observed in the left parietal and occipital lobes
2026-06-28 21:47:26,794  INFO    REF  :
Lesion area: the frontal lobe region of the left cerebral hemisphere with a mixed signal of uneven intensity with spotted areas of high signal
Edema: mainly around the lesions, spreading across most of the left frontal lobe, showing a significant high signal, indicating a substantial degree of swelling in the surrounding tissues, with a wide range of
edema
Necrosis: mainly located in the central region of the frontal lobe, displaying low signal intensity, with edges adjoining the lesion areas and showing mixed signals with disorganized, multi-spotted appearances
Ventricular compression: noted on the left ventricle, which is compressed and deformed, showing asymmetric distortion, indicating significant compression of the ventricles by the lesion
2026-06-28 21:47:26,794  INFO  ============================================================
2026-06-28 21:47:26,794  INFO    No improvement (4/12)
2026-06-28 21:47:46,659  INFO  [clinicalt5-hoss] E 27  train=1.9286 (ppl 6.88)  val=1.7168 (ppl 5.57)  gn=1.920
2026-06-28 21:47:50,297  INFO    Content score (lesion): lobe_jacc=0.639  hemi=0.875  -> 0.757
2026-06-28 21:47:50,298  INFO  
============================================================  PREVIEW
2026-06-28 21:47:50,793  INFO  
  Case : BraTS20_Training_078
2026-06-28 21:47:50,793  INFO    PRED :
Lesion area: the right frontal and parietal lobes with a mixture of heterogeneous high and low signals, indicating a mix of high and high signals
Edema: observed in the right frontal and parietal lobes, with a large area of high signal, indicating significant swelling of the edema
Necrosis: observed in the right parietal and occipital lobes with low signal intensity, indicating a lack of signal intensity
Ventricular compression: not observed, with the right ventricle being compressed and deformed
2026-06-28 21:47:50,794  INFO    REF  :
Lesion area: the right temporal and parietal lobes with a mix of heterogeneous signals, including multiple patchy high-signal areas
Edema: pronounced, mainly observed in the right temporal and parietal lobes, and spans extensively as high-signal regions, indicating significant tissue swelling
Necrosis: identified as several low-signal areas within the lesion region, possibly indicating
necrosis, with uneven signal intensity concentrated in the right temporal lobe
Ventricular compression: slightly observed
2026-06-28 21:47:51,270  INFO  
  Case : BraTS20_Training_058
2026-06-28 21:47:51,270  INFO    PRED :
Lesion area: the left frontal and parietal lobes with a mixture of heterogeneous high and low signal areas, indicating a mix of high and high signal areas
Edema: observed in the left parietal and occipital lobes
Necrosis: observed in the left parietal and occipital lobes with low signal intensity, indicating a lack of signal intensity
Ventricular compression: observed with the left ventricle being compressed and deformed
2026-06-28 21:47:51,270  INFO    REF  :
Lesion area: the left frontal, temporal, and parietal lobes with mixed signals of varying intensity and patchy high-signal areas
Edema: observed in the left parietal lobe, indicating significant swelling of the surrounding tissues, with a wide range of
edema
Necrosis: characterized by low-signal areas with some mixed signals in the left parietal lobe, indicating that the necrotic area is rather concentrated
Ventricular compression: observed, indicating that the lesions exert a certain level of pressure on the brain tissue and ventricles
2026-06-28 21:47:51,270  INFO  ============================================================
2026-06-28 21:47:51,270  INFO    No improvement (5/12)
2026-06-28 21:48:11,156  INFO  [clinicalt5-hoss] E 28  train=1.9136 (ppl 6.78)  val=1.7015 (ppl 5.48)  gn=1.859
2026-06-28 21:48:14,805  INFO    Content score (lesion): lobe_jacc=0.559  hemi=0.875  -> 0.717
2026-06-28 21:48:14,806  INFO  
============================================================  PREVIEW
2026-06-28 21:48:15,256  INFO  
  Case : BraTS20_Training_138
2026-06-28 21:48:15,256  INFO    PRED :
Lesion area: the right frontal and parietal lobes with a mix of heterogeneous high and low signal areas, characterized by mixed high signal areas
Edema: observed in the right frontal and parietal lobes, with significant swelling of the tissue surrounding the lesions
Necrosis: observed in the right frontal and parietal lobes, with low signal intensity
Ventricular compression: observed with the right ventricle being compressed and deformed
2026-06-28 21:48:15,256  INFO    REF  :
Lesion area: the frontal and parietal regions of the right cerebral hemisphere with a mixture of heterogeneous high and low signals, with spotty high-signal areas
Edema: a marked high-signal indication surrounding the frontal and parietal regions of the right cerebral hemisphere, suggesting significant swelling
Necrosis: primarily concentrated in the deep part of the right parietal lobe, resembling a mixed low-signal area
Ventricular compression: present as the
ventricular system is compressed and deformed, with the right lateral ventricle compressed and narrowed
2026-06-28 21:48:15,695  INFO  
  Case : BraTS20_Training_056
2026-06-28 21:48:15,695  INFO    PRED :
Lesion area: the right frontal and parietal lobes with a mix of heterogeneous high and low signal areas
Edema: observed in the right frontal and parietal lobes, with significant swelling of the tissue surrounding the lesion
Necrosis: not observed
Ventricular compression: observed with the right ventricle being compressed and deformed
2026-06-28 21:48:15,695  INFO    REF  :
Lesion area: the right parietal and temporal lobes with heterogeneous high and low signal areas accompanied by patchy high signal regions
Edema: extensive, covering the peripheral regions of the lesions, suggesting significant swelling of the surrounding tissue. The area of
edema extends inward from the right cortex, affecting the white matter, resulting in widespread
edema
Necrosis: in regions displaying lower signal intensity, primarily concentrated in the deep lesion areas of the right parietal lobe
Ventricular compression: evident, with compression and deformation of the right ventricle, leading to a reduction in its volume
2026-06-28 21:48:15,695  INFO  ============================================================
2026-06-28 21:48:15,695  INFO    No improvement (6/12)
2026-06-28 21:48:35,581  INFO  [clinicalt5-hoss] E 29  train=1.8888 (ppl 6.61)  val=1.6749 (ppl 5.34)  gn=1.878
2026-06-28 21:48:39,221  INFO    Content score (lesion): lobe_jacc=0.649  hemi=0.917  -> 0.783
2026-06-28 21:48:39,222  INFO  
============================================================  PREVIEW
2026-06-28 21:48:39,708  INFO  
  Case : BraTS20_Training_366
2026-06-28 21:48:39,708  INFO    PRED :
Lesion area: the left parietal and occipital lobes with a mixture of heterogeneous high and low signal areas
Edema: observed in the left parietal and occipital lobes, with significant swelling of the tissue surrounding the lesions
Necrosis: observed in the left parietal and occipital lobes with low signal intensity
Ventricular compression: observed with the left lateral ventricle being compressed and deformed
2026-06-28 21:48:39,708  INFO    REF  :
Lesion area: the left temporal and parietal lobes with multiple heterogeneous mixed signals and spotty high-signal areas, suggesting the presence of multiple lesions
Edema: significant, concentrated in the left parietal and temporal regions, with extensive high-signal areas, suggesting noticeable swelling in the tissue surrounding the lesions
Necrosis: located mainly in the left temporal lobe, appearing as low signals with blurred boundaries mixed with the high-signal
Ventricular compression: observed with the left ventricle compressed and deformed, showing slight compression and deformation due to the mass effect of the lesion
2026-06-28 21:48:40,153  INFO  
  Case : BraTS20_Training_043
2026-06-28 21:48:40,153  INFO    PRED :
Lesion area: the right temporal and parietal lobes with a mix of heterogeneous high and low signal areas, characterized by a mixture of high-signal areas
Edema: significant in the right frontal and temporal lobes
Necrosis: observed in the right temporal and parietal lobes, with low signal intensity, indicating necrosis
Ventricular compression: observed with the right ventricle being compressed and deformed
2026-06-28 21:48:40,153  INFO    REF  :
Lesion area: the right frontal and parietal regions with mixed high and low signals with patchy high-signal areas
Edema: prominent, concentrated in the right frontal and parietal lobes, with a minor extension to the temporal lobe, showing significant high signals
Necrosis: mostly observed in the right parietal and occipital lobes, appearing as low signals interspersed with some high-signal areas
Ventricular compression: notable on the lateral ventricles, with the lesion areas exerting a certain compressive effect on the ventricles
2026-06-28 21:48:40,153  INFO  ============================================================
2026-06-28 21:48:40,392  INFO  HTTP Request: HEAD https://huggingface.co/hossboll/clinical-t5/resolve/main/config.json "HTTP/1.1 307 Temporary Redirect"
2026-06-28 21:48:40,428  INFO  HTTP Request: HEAD https://huggingface.co/api/resolve-cache/models/hossboll/clinical-t5/c092f34a776c3969d4d86c0ad6f282668280fbf2/config.json "HTTP/1.1 200 OK"
2026-06-28 21:48:40,504  INFO  HTTP Request: HEAD https://huggingface.co/hossboll/clinical-t5/resolve/main/config.json "HTTP/1.1 307 Temporary Redirect"
2026-06-28 21:48:40,543  INFO  HTTP Request: HEAD https://huggingface.co/api/resolve-cache/models/hossboll/clinical-t5/c092f34a776c3969d4d86c0ad6f282668280fbf2/config.json "HTTP/1.1 200 OK"
2026-06-28 21:48:40,563  INFO    ✓ New best (content=0.783) → checkpoints_multi_v4/clinicalt5-hoss
2026-06-28 21:49:00,447  INFO  [clinicalt5-hoss] E 30  train=1.8598 (ppl 6.42)  val=1.6617 (ppl 5.27)  gn=2.083
2026-06-28 21:49:04,061  INFO    Content score (lesion): lobe_jacc=0.576  hemi=0.917  -> 0.747
2026-06-28 21:49:07,046  INFO    Hemisphere quick-check (lesion field): 19/20 = 95.0%
2026-06-28 21:49:11,644  INFO    Within-report distinctness: collapse=0%  distinct_ratio=1.00  (0.25=full collapse, 1.0=all differ)
2026-06-28 21:49:14,645  INFO    Cross-patient[lesion]: 15/20 unique = 0.75  (1.0=all differ, low=TEMPLATE COLLAPSE)
2026-06-28 21:49:16,986  INFO    Cross-patient[necrosis]: 13/20 unique = 0.65  (1.0=all differ, low=TEMPLATE COLLAPSE)
2026-06-28 21:49:16,987  INFO  
============================================================  PREVIEW
2026-06-28 21:49:17,465  INFO  
  Case : BraTS20_Training_120
2026-06-28 21:49:17,465  INFO    PRED :
Lesion area: the right frontal and parietal lobes with a mixture of heterogeneous high and low signals, indicating a mix of high and high signals
Edema: significant, particularly in the right parietal lobe, with a large area of high signal, extending to the left frontal and temporal regions
Necrosis: not observed, particularly in the right parietal and occipital lobes
Ventricular compression: observed with the right ventricle compressed and deformed
2026-06-28 21:49:17,465  INFO    REF  :
Lesion area: parts of the bilateral frontal and parietal lobes with a heterogeneous mix of high and low signals, accompanied by patchy high signal areas
Edema: significant, primarily surrounding the bilateral frontal and parietal lobes, indicating severe swelling in the tissues
Necrosis: suggested by multiple low-signal areas, primarily concentrated around the bilateral lesion sites, exhibiting a mixed signal appearance
Ventricular compression: not evident, indicating that the current lesions have a limited compressive effect on the brain tissue and ventricles
2026-06-28 21:49:17,938  INFO  
  Case : BraTS20_Training_226
2026-06-28 21:49:17,938  INFO    PRED :
Lesion area: the left frontal and parietal lobes with a mixture of heterogeneous high and low signals, indicating a mix of high and high signals
Edema: observed in the left parietal and occipital lobes, indicating significant swelling in the tissue surrounding the lesions
Necrosis: observed in the left parietal and occipital lobes with low signal intensity, indicating a lack of signal intensity
Ventricular compression: observed in the left parietal and lateral ventricles, suggesting some deformation
2026-06-28 21:49:17,938  INFO    REF  :
Lesion area: the left cerebral hemisphere with mixed high and low signals, exhibiting a spotted high signal appearance, primarily concentrated in the frontal, temporal, and parietal lobes
Edema: prominent in the left frontal and temporal lobes, appearing as high signals, with significant swelling in the surrounding tissues and an extensive range involving parts of the parietal lobe
Necrosis: presenting as marked high signals mainly in the deep regions of the left frontal lobe, with some extension into the temporal lobe, exhibiting mixed signal intensity with high and low signal spots
Ventricular compression: with the ventricles compressed, the left ventricle notably smaller than the right
2026-06-28 21:49:17,938  INFO  ============================================================
2026-06-28 21:49:17,938  INFO    No improvement (1/12)
2026-06-28 21:49:37,777  INFO  [clinicalt5-hoss] E 31  train=1.8398 (ppl 6.30)  val=1.6425 (ppl 5.17)  gn=1.940
2026-06-28 21:49:41,373  INFO    Content score (lesion): lobe_jacc=0.611  hemi=0.792  -> 0.701
2026-06-28 21:49:41,374  INFO  
============================================================  PREVIEW
2026-06-28 21:49:41,802  INFO  
  Case : BraTS20_Training_047
2026-06-28 21:49:41,802  INFO    PRED :
Lesion area: the right frontal and temporal lobes with a mix of heterogeneous high and low signals, indicating a mixture of high and high signal areas
Edema: significant, mainly located in the right frontal and parietal lobes
Necrosis: not observed, particularly in the right frontal and temporal lobes
Ventricular compression: observed as the left ventricle is compressed and deformed
2026-06-28 21:49:41,802  INFO    REF  :
Lesion area: the bilateral frontal lobes and also involves the parietal and temporal lobes with heterogeneous signal characteristics, including mixed high and low signals and speckled high signal areas
Edema: significant, with signals mainly distributed around the lesion areas, particularly at the sites of lesions in the bilateral frontal lobes, spreading to surrounding tissues, indicating extensive swelling of tissues surrounding the lesions
Necrosis: observed with multiple low signal areas within the lesion regions, irregularly distributed and scattered throughout the lesion sites, with some areas concentrated at the core
Ventricular compression: notably observed with the right lateral ventricle appearing narrowed, indicating substantial pressure from the lesions on the ventricles
2026-06-28 21:49:42,282  INFO  
  Case : BraTS20_Training_120
2026-06-28 21:49:42,282  INFO    PRED :
Lesion area: the right frontal and parietal lobes with a mixture of heterogeneous high and low signals, indicating a mix of high and high signal areas
Edema: significant, particularly in the right frontal and parietal lobes, with a large area of high-signal areas
Necrosis: not observed, particularly in the right parietal and occipital lobes
Ventricular compression: observed with the right ventricle being compressed and deformed
2026-06-28 21:49:42,282  INFO    REF  :
Lesion area: parts of the bilateral frontal and parietal lobes with a heterogeneous mix of high and low signals, accompanied by patchy high signal areas
Edema: significant, primarily surrounding the bilateral frontal and parietal lobes, indicating severe swelling in the tissues
Necrosis: suggested by multiple low-signal areas, primarily concentrated around the bilateral lesion sites, exhibiting a mixed signal appearance
Ventricular compression: not evident, indicating that the current lesions have a limited compressive effect on the brain tissue and ventricles
2026-06-28 21:49:42,282  INFO  ============================================================
2026-06-28 21:49:42,282  INFO    No improvement (2/12)
2026-06-28 21:50:02,086  INFO  [clinicalt5-hoss] E 32  train=1.8244 (ppl 6.20)  val=1.6256 (ppl 5.08)  gn=1.973
2026-06-28 21:50:05,661  INFO    Content score (lesion): lobe_jacc=0.556  hemi=0.958  -> 0.757
2026-06-28 21:50:05,663  INFO  
============================================================  PREVIEW
2026-06-28 21:50:06,138  INFO  
  Case : BraTS20_Training_006
2026-06-28 21:50:06,138  INFO    PRED :
Lesion area: the left frontal and parietal lobes with a mixture of heterogeneous high and low signals, indicating a mix of high and high signals
Edema: observed in the left parietal and frontal lobes, with a large area of high signal, indicating significant swelling of the tissue surrounding the lesions
Necrosis: not observed, mainly concentrated in the left frontal and parietal lobes
Ventricular compression: observed with the left lateral ventricle being compressed and deformed
2026-06-28 21:50:06,138  INFO    REF  :
Lesion area: the left frontal and parietal lobes with a mixed signal characterized by spotty high-signal areas on the Flair modality
Edema: significant with high signals, suggesting marked swelling in the left frontal and parietal lobes, indicating a fairly extensive range of
edema
Necrosis: observed with low signals in the central parts of the lesions, showing a high degree of heterogeneity, distributed mainly in the left frontal and parietal lobe lesions
Ventricular compression: observed with noticeable reduction and deformation of the left ventricle and relative enlargement of the right ventricle
2026-06-28 21:50:06,587  INFO  
  Case : BraTS20_Training_197
2026-06-28 21:50:06,587  INFO    PRED :
Lesion area: the right frontal and parietal lobes with a mixture of heterogeneous high and low signals, indicating a mix of high and high signals
Edema: observed in the right frontal and parietal lobes, with significant swelling of the tissue surrounding the lesions
Necrosis: observed in the right frontal and parietal lobes, with a mixture of low and low signal areas
Ventricular compression: observed with the right lateral ventricle being compressed and deformed
2026-06-28 21:50:06,587  INFO    REF  :
Lesion area: the right frontal and parietal lobes with heterogeneous mixed high and low signals, and speckled high signal areas suggesting multiple lesions
Edema: marked, predominantly in the right frontal and parietal lobes, with noticeable tissue swelling and a distinct ring-shaped
edema area extending outward from the lesion
Necrosis: observed with very low signal intensity areas that distinctly differ from surrounding tissue, and low signal speckles mixed within high signal regions, mainly concentrated within the lesion but showing a slight dispersal trend
Ventricular compression: quite apparent, with the right lateral ventricle significantly reduced in size, and the left lateral ventricle slightly reduced due to right-side lesion compression, indicating a substantial impact on the
ventricular system
2026-06-28 21:50:06,587  INFO  ============================================================
2026-06-28 21:50:06,587  INFO    No improvement (3/12)
2026-06-28 21:50:26,428  INFO  [clinicalt5-hoss] E 33  train=1.8094 (ppl 6.11)  val=1.6245 (ppl 5.08)  gn=2.010
2026-06-28 21:50:29,839  INFO    Content score (lesion): lobe_jacc=0.556  hemi=0.875  -> 0.715
2026-06-28 21:50:29,840  INFO  
============================================================  PREVIEW
2026-06-28 21:50:30,276  INFO  
  Case : BraTS20_Training_102
2026-06-28 21:50:30,276  INFO    PRED :
Lesion area: the right frontal and parietal lobes with a mixture of heterogeneous high and low signals, indicating significant swelling of the tissue surrounding the lesions
Edema: significant, particularly in the right frontal and parietal lobes, with significant swelling of the tissue surrounding the lesions
Necrosis: not observed
Ventricular compression: observed with the left lateral ventricle being compressed and deformed
2026-06-28 21:50:30,276  INFO    REF  :
Lesion area: the left frontal lobe with a heterogeneous mix of high and low signals
Edema: pronounced
edema signals primarily concentrated in the left frontal lobe, followed by the parietal lobe, exhibiting high signals
Necrosis: potential necrotic areas mainly concentrated in the left frontal lobe, appearing as low signals mixed with high signal regions
Ventricular compression: no evident sign of
ventricular compression
2026-06-28 21:50:30,674  INFO  
  Case : BraTS20_Training_153
2026-06-28 21:50:30,674  INFO    PRED :
Lesion area: the left frontal and parietal lobes with a mixture of heterogeneous high and low signals
Edema: significant in the left frontal and parietal lobes, indicating significant swelling of the tissue surrounding the lesions
Necrosis: not observed, mainly concentrated in the left temporal and parietal lobes
Ventricular compression: observed with the left lateral ventricle being compressed and deformed
2026-06-28 21:50:30,674  INFO    REF  :
Lesion area: the left frontal and parietal lobes with a mix of heterogeneous high and low signals and speckled high-signal areas
Edema: significant in the left frontal and parietal lobes, mainly concentrated around the lesion area, with a broad range of diffusion, suggesting considerable swelling of the surrounding tissues
Necrosis: suggested by high signal intensity within the lesion area, predominantly concentrated in the right frontal and parietal lobes, with a relatively localized distribution
Ventricular compression: exerting some degree of compression on the right lateral ventricle
2026-06-28 21:50:30,674  INFO  ============================================================
2026-06-28 21:50:30,674  INFO    No improvement (4/12)
2026-06-28 21:50:50,500  INFO  [clinicalt5-hoss] E 34  train=1.7925 (ppl 6.00)  val=1.6048 (ppl 4.98)  gn=1.937
2026-06-28 21:50:53,915  INFO    Content score (lesion): lobe_jacc=0.538  hemi=0.958  -> 0.748
2026-06-28 21:50:53,916  INFO  
============================================================  PREVIEW
2026-06-28 21:50:54,348  INFO  
  Case : BraTS20_Training_247
2026-06-28 21:50:54,348  INFO    PRED :
Lesion area: the right frontal and parietal lobes with a mixture of heterogeneous high and low signal areas
Edema: significant, mainly concentrated in the right frontal and temporal lobes
Necrosis: observed with low signal intensity in the right parietal and occipital lobes
Ventricular compression: observed with the right lateral ventricle compressed and deformed
2026-06-28 21:50:54,348  INFO    REF  :
Lesion area: the right hemisphere of the brain with a mix of heterogeneous high and low signals and patchy high-signal regions
Edema: significant high-signal, observed in parts of the right hemisphere surrounding the lesions, including sections of the frontal and temporal lobes
Necrosis: mixed signals with uneven intensity, displaying patchy or diffuse combinations of high and low signals, dispersed within the lesions
Ventricular compression: observable compression of the ventricles, particularly the right ventricle area, by the lesion area
2026-06-28 21:50:54,809  INFO  
  Case : BraTS20_Training_056
2026-06-28 21:50:54,809  INFO    PRED :
Lesion area: the right frontal and parietal lobes with a mixture of heterogeneous high and low signal areas
Edema: significant in the right frontal and parietal lobes, with a large area of high-signal areas
Necrosis: observed as low signal areas in the right parietal and frontal lobes with mixed high and low signals
Ventricular compression: observed with the right lateral ventricle compressed and deformed
2026-06-28 21:50:54,809  INFO    REF  :
Lesion area: the right parietal and temporal lobes with heterogeneous high and low signal areas accompanied by patchy high signal regions
Edema: extensive, covering the peripheral regions of the lesions, suggesting significant swelling of the surrounding tissue. The area of
edema extends inward from the right cortex, affecting the white matter, resulting in widespread
edema
Necrosis: in regions displaying lower signal intensity, primarily concentrated in the deep lesion areas of the right parietal lobe
Ventricular compression: evident, with compression and deformation of the right ventricle, leading to a reduction in its volume
2026-06-28 21:50:54,809  INFO  ============================================================
2026-06-28 21:50:54,809  INFO    No improvement (5/12)
2026-06-28 21:51:14,688  INFO  [clinicalt5-hoss] E 35  train=1.7836 (ppl 5.95)  val=1.5932 (ppl 4.92)  gn=1.886
2026-06-28 21:51:18,208  INFO    Content score (lesion): lobe_jacc=0.583  hemi=0.958  -> 0.771
2026-06-28 21:51:21,175  INFO    Hemisphere quick-check (lesion field): 17/20 = 85.0%
2026-06-28 21:51:25,654  INFO    Within-report distinctness: collapse=0%  distinct_ratio=0.97  (0.25=full collapse, 1.0=all differ)
2026-06-28 21:51:28,681  INFO    Cross-patient[lesion]: 7/20 unique = 0.35  (1.0=all differ, low=TEMPLATE COLLAPSE)
2026-06-28 21:51:31,215  INFO    Cross-patient[necrosis]: 15/20 unique = 0.75  (1.0=all differ, low=TEMPLATE COLLAPSE)
2026-06-28 21:51:31,217  INFO  
============================================================  PREVIEW
2026-06-28 21:51:31,673  INFO  
  Case : BraTS20_Training_138
2026-06-28 21:51:31,673  INFO    PRED :
Lesion area: the right frontal and parietal lobes with a mixture of heterogeneous high and low signals, indicating significant swelling of the tissue surrounding the lesions
Edema: significant, mainly concentrated in the right frontal and parietal lobes
Necrosis: not observed, mainly concentrated in the right frontal and parietal lobes, with a mixture of low and low signals
Ventricular compression: observed with the right lateral ventricle compressed and deformed
2026-06-28 21:51:31,673  INFO    REF  :
Lesion area: the frontal and parietal regions of the right cerebral hemisphere with a mixture of heterogeneous high and low signals, with spotty high-signal areas
Edema: a marked high-signal indication surrounding the frontal and parietal regions of the right cerebral hemisphere, suggesting significant swelling
Necrosis: primarily concentrated in the deep part of the right parietal lobe, resembling a mixed low-signal area
Ventricular compression: present as the
ventricular system is compressed and deformed, with the right lateral ventricle compressed and narrowed
2026-06-28 21:51:32,116  INFO  
  Case : BraTS20_Training_272
2026-06-28 21:51:32,116  INFO    PRED :
Lesion area: the right frontal and parietal lobes with a mixture of heterogeneous high and low signal areas
Edema: significant, mainly observed in the right frontal and parietal lobes, indicating significant swelling of the tissue surrounding the lesions
Necrosis: observed with low signal intensity in the right parietal and temporal lobes
Ventricular compression: observed with the right lateral ventricle compressed and deformed
2026-06-28 21:51:32,116  INFO    REF  :
Lesion area: the right frontal, parietal, and occipital lobes with high signal and spotty high signal areas, notably heterogeneous high and low mixed signals
Edema: significant, primarily concentrated in the frontal and parietal lobes, with a notable increase in signal intensity and a broad extent, especially evident in the parietal lobe
Necrosis: mainly seen in the parietal region, with a relatively low degree of signal mixture indicating tissue
necrosis, and is relatively more concentrated in the parietal lobe
Ventricular compression: evident on the right lateral ventricle in the right parietal region, leading to mild partial deformation of the ventricle
2026-06-28 21:51:32,116  INFO  ============================================================
2026-06-28 21:51:32,116  INFO    No improvement (6/12)
2026-06-28 21:51:51,965  INFO  [clinicalt5-hoss] E 36  train=1.7601 (ppl 5.81)  val=1.5850 (ppl 4.88)  gn=1.997
2026-06-28 21:51:55,504  INFO    Content score (lesion): lobe_jacc=0.639  hemi=0.917  -> 0.778
2026-06-28 21:51:55,505  INFO  
============================================================  PREVIEW
2026-06-28 21:51:55,999  INFO  
  Case : BraTS20_Training_326
2026-06-28 21:51:55,999  INFO    PRED :
Lesion area: the left frontal and parietal lobes with a mixture of heterogeneous high and low signals, indicating significant swelling of the tissue surrounding the lesions
Edema: significant in the left parietal and occipital lobes, with a large area of edema
Necrosis: observed as low signal areas in the left parietal and occipital lobes with mixed high and low signals
Ventricular compression: observed with the left lateral ventricle compressed and deformed
2026-06-28 21:51:55,999  INFO    REF  :
Lesion area: the left side of the brain, specifically involving the frontal and parietal lobes, with a mixture of heterogeneous signal intensities and patchy high signal areas
Edema: significant, mainly observed in the tissue surrounding the lesions, particularly around the larger high signal lesion areas, extending significantly to the peripheral regions of the frontal and parietal lobes
Necrosis: within the high signal lesions, with areas of low signal that may represent necrotic tissue, interspersed within the high signal lesion areas, presenting with irregular contours, and some located deep within the frontal lobe
Ventricular compression: exerting a certain degree of compression on the ventricles, showing deformation of the
ventricular system under pressure
2026-06-28 21:51:56,457  INFO  
  Case : BraTS20_Training_366
2026-06-28 21:51:56,457  INFO    PRED :
Lesion area: the left frontal and parietal lobes with a mixture of heterogeneous high and low signals, indicating significant swelling in the surrounding tissues
Edema: significant, particularly in the left parietal and occipital lobes, indicating significant swelling of the tissue surrounding the lesions
Necrosis: observed in the left parietal and occipital lobes, with mixed high and low signals
Ventricular compression: observed with the left ventricle compressed and deformed
2026-06-28 21:51:56,457  INFO    REF  :
Lesion area: the left temporal and parietal lobes with multiple heterogeneous mixed signals and spotty high-signal areas, suggesting the presence of multiple lesions
Edema: significant, concentrated in the left parietal and temporal regions, with extensive high-signal areas, suggesting noticeable swelling in the tissue surrounding the lesions
Necrosis: located mainly in the left temporal lobe, appearing as low signals with blurred boundaries mixed with the high-signal
Ventricular compression: observed with the left ventricle compressed and deformed, showing slight compression and deformation due to the mass effect of the lesion
2026-06-28 21:51:56,457  INFO  ============================================================
2026-06-28 21:51:56,457  INFO    No improvement (7/12)
2026-06-28 21:52:16,236  INFO  [clinicalt5-hoss] E 37  train=1.7439 (ppl 5.72)  val=1.5745 (ppl 4.83)  gn=1.914
2026-06-28 21:52:19,702  INFO    Content score (lesion): lobe_jacc=0.611  hemi=0.792  -> 0.701
2026-06-28 21:52:19,703  INFO  
============================================================  PREVIEW
2026-06-28 21:52:20,166  INFO  
  Case : BraTS20_Training_194
2026-06-28 21:52:20,166  INFO    PRED :
Lesion area: the left frontal and parietal lobes with a mixture of heterogeneous high and low signals, indicating significant swelling of the tissue surrounding the lesions
Edema: significant, mainly concentrated in the left frontal and parietal lobes, indicating significant swelling of the tissue surrounding the lesions
Necrosis: mainly concentrated in the left frontal and parietal lobes, with mixed high and low signals, indicating significant necrosis
Ventricular compression: observed with the left lateral ventricle being compressed and deformed
2026-06-28 21:52:20,166  INFO    REF  :
Lesion area: multiple areas of the left brain (frontal lobe, temporal lobe, parietal lobe, occipital lobe) with irregular signal patterns characterized by mixed high and low signals and spotty high-signal areas
Edema: significant with a substantial amount of high-signal areas indicating marked
edema, primarily concentrated in the frontal and parietal regions of the left brain
Necrosis: characterized by several low-signal areas showing potential signs of
necrosis, with uneven low signals demonstrating the mixed nature of the necrotic tissue scattered without showing any obvious concentration
Ventricular compression: observed in certain areas of the left lateral ventricle, particularly in regions where the lesions are more concentrated
2026-06-28 21:52:20,595  INFO  
  Case : BraTS20_Training_366
2026-06-28 21:52:20,595  INFO    PRED :
Lesion area: the left frontal and parietal lobes with a mixture of heterogeneous high and low signal areas
Edema: significant, particularly in the left parietal and occipital lobes, indicating significant swelling of the tissue surrounding the lesions
Necrosis: mainly concentrated in the left parietal and occipital lobes, with mixed high and low signals
Ventricular compression: observed with the left lateral ventricle compressed and deformed
2026-06-28 21:52:20,595  INFO    REF  :
Lesion area: the left temporal and parietal lobes with multiple heterogeneous mixed signals and spotty high-signal areas, suggesting the presence of multiple lesions
Edema: significant, concentrated in the left parietal and temporal regions, with extensive high-signal areas, suggesting noticeable swelling in the tissue surrounding the lesions
Necrosis: located mainly in the left temporal lobe, appearing as low signals with blurred boundaries mixed with the high-signal
Ventricular compression: observed with the left ventricle compressed and deformed, showing slight compression and deformation due to the mass effect of the lesion
2026-06-28 21:52:20,595  INFO  ============================================================
2026-06-28 21:52:20,595  INFO    No improvement (8/12)
2026-06-28 21:52:40,446  INFO  [clinicalt5-hoss] E 38  train=1.7304 (ppl 5.64)  val=1.5629 (ppl 4.77)  gn=1.933
2026-06-28 21:52:43,979  INFO    Content score (lesion): lobe_jacc=0.632  hemi=0.875  -> 0.753
2026-06-28 21:52:43,980  INFO  
============================================================  PREVIEW
2026-06-28 21:52:44,449  INFO  
  Case : BraTS20_Training_166
2026-06-28 21:52:44,449  INFO    PRED :
Lesion area: the right frontal and parietal lobes with a mixture of heterogeneous high and low signals, indicating significant swelling of the tissue surrounding the lesions
Edema: significant, particularly in the right frontal and parietal lobes, with a large area of edema
Necrosis: observed as low-signal areas in the right parietal lobe, with a mixture of mixed high and low signals
Ventricular compression: observed with the right lateral ventricle compressed and deformed
2026-06-28 21:52:44,449  INFO    REF  :
Lesion area: the right frontal and parietal lobes with a mixture of heterogeneous high and low signals, which appear as spotted high-signal areas, suggesting the presence of multiple lesions
Edema: significant with notable swelling of the tissue surrounding the lesion in the right frontal and parietal lobes
Necrosis: observed with low signals, suggesting possible
necrosis primarily concentrated in the central region of the right frontal lobe, featuring mixed signals that indicate varying degrees of
necrosis, dispersed throughout the lesion area
Ventricular compression: identified as the right lateral ventricle is compressed and deformed, while the left lateral ventricle is slightly expanded, indicating some degree of compressive effect on the brain tissue and ventricles due to the lesions
2026-06-28 21:52:44,950  INFO  
  Case : BraTS20_Training_154
2026-06-28 21:52:44,950  INFO    PRED :
Lesion area: the right frontal and parietal lobes with a mixture of heterogeneous high and low signals, indicating significant swelling of the tissue surrounding the lesions
Edema: significant, mainly concentrated in the right frontal and parietal lobes, with a large area of edema
Necrosis: mainly concentrated in the right frontal and parietal lobes, with low signal intensity, indicating necrosis
Ventricular compression: observed with the right lateral ventricle compressed and deformed
2026-06-28 21:52:44,950  INFO    REF  :
Lesion area: the right frontal lobe with heterogeneous mixed signal intensity, exhibiting spot-like high signal areas
Edema: significant, observed in the right frontal lobe and part of the parietal lobe, extensive and spreading to the surrounding tissue of the lesion, indicating marked tissue swelling
Necrosis: within the lesion area, with regions of decreased signal primarily concentrated in the center of the right frontal lobe, surrounded by high signal
Ventricular compression: significant in the right lateral ventricle, which has undergone morphological changes, suggesting a substantial compressive effect of the lesion on brain tissue and ventricles
2026-06-28 21:52:44,950  INFO  ============================================================
2026-06-28 21:52:44,950  INFO    No improvement (9/12)
2026-06-28 21:53:04,905  INFO  [clinicalt5-hoss] E 39  train=1.7312 (ppl 5.65)  val=1.5581 (ppl 4.75)  gn=1.962
2026-06-28 21:53:08,560  INFO    Content score (lesion): lobe_jacc=0.681  hemi=0.917  -> 0.799
2026-06-28 21:53:08,561  INFO  
============================================================  PREVIEW
2026-06-28 21:53:09,029  INFO  
  Case : BraTS20_Training_154
2026-06-28 21:53:09,029  INFO    PRED :
Lesion area: the right frontal and parietal lobes with a mixture of heterogeneous high and low signals, indicating significant swelling of the tissue surrounding the lesions
Edema: significant, particularly in the right frontal and parietal lobes, with a large area of edema
Necrosis: mainly concentrated in the right frontal and parietal lobes, with low signal intensity, indicating significant necrosis
Ventricular compression: observed with the right lateral ventricle compressed and deformed
2026-06-28 21:53:09,029  INFO    REF  :
Lesion area: the right frontal lobe with heterogeneous mixed signal intensity, exhibiting spot-like high signal areas
Edema: significant, observed in the right frontal lobe and part of the parietal lobe, extensive and spreading to the surrounding tissue of the lesion, indicating marked tissue swelling
Necrosis: within the lesion area, with regions of decreased signal primarily concentrated in the center of the right frontal lobe, surrounded by high signal
Ventricular compression: significant in the right lateral ventricle, which has undergone morphological changes, suggesting a substantial compressive effect of the lesion on brain tissue and ventricles
2026-06-28 21:53:09,479  INFO  
  Case : BraTS20_Training_083
2026-06-28 21:53:09,479  INFO    PRED :
Lesion area: the left frontal and parietal lobes with a mixture of heterogeneous high and low signals, indicating significant swelling in the surrounding tissues
Edema: significant, mainly observed in the left frontal and parietal lobes, indicating significant swelling of the tissue surrounding the lesions
Necrosis: observed in the left frontal and parietal lobes, with mixed high and low signals, indicating significant necrosis
Ventricular compression: observed with the left lateral ventricle compressed and deformed
2026-06-28 21:53:09,479  INFO    REF  :
Lesion area: the left parietal lobe and left temporal lobe with a mixed signal of uneven highs and lows with spotted high signal areas, suggesting the presence of multiple lesions
Edema: mainly present around the lesion areas, particularly in the left parietal lobe and the lateral parts of the left temporal lobe, displaying significantly high signal intensity, with a relatively large range of
edema
Necrosis: suggested by irregular regions predominantly showing low signals within the lesion areas, with a higher concentration near infection points in the local left parietal and left temporal lobes
Ventricular compression: observed with the left lateral ventricle compressed and deformed, with the frontal horn narrowed; the third ventricle is displaced
2026-06-28 21:53:09,479  INFO  ============================================================
2026-06-28 21:53:09,739  INFO  HTTP Request: HEAD https://huggingface.co/hossboll/clinical-t5/resolve/main/config.json "HTTP/1.1 307 Temporary Redirect"
2026-06-28 21:53:09,776  INFO  HTTP Request: HEAD https://huggingface.co/api/resolve-cache/models/hossboll/clinical-t5/c092f34a776c3969d4d86c0ad6f282668280fbf2/config.json "HTTP/1.1 200 OK"
2026-06-28 21:53:09,855  INFO  HTTP Request: HEAD https://huggingface.co/hossboll/clinical-t5/resolve/main/config.json "HTTP/1.1 307 Temporary Redirect"
2026-06-28 21:53:09,892  INFO  HTTP Request: HEAD https://huggingface.co/api/resolve-cache/models/hossboll/clinical-t5/c092f34a776c3969d4d86c0ad6f282668280fbf2/config.json "HTTP/1.1 200 OK"
2026-06-28 21:53:09,912  INFO    ✓ New best (content=0.799) → checkpoints_multi_v4/clinicalt5-hoss
2026-06-28 21:53:29,840  INFO  [clinicalt5-hoss] E 40  train=1.7149 (ppl 5.56)  val=1.5488 (ppl 4.71)  gn=1.945
2026-06-28 21:53:33,271  INFO    Content score (lesion): lobe_jacc=0.594  hemi=0.917  -> 0.755
2026-06-28 21:53:36,153  INFO    Hemisphere quick-check (lesion field): 17/20 = 85.0%
2026-06-28 21:53:40,678  INFO    Within-report distinctness: collapse=0%  distinct_ratio=1.00  (0.25=full collapse, 1.0=all differ)
2026-06-28 21:53:43,595  INFO    Cross-patient[lesion]: 6/20 unique = 0.30  (1.0=all differ, low=TEMPLATE COLLAPSE)
2026-06-28 21:53:46,104  INFO    Cross-patient[necrosis]: 13/20 unique = 0.65  (1.0=all differ, low=TEMPLATE COLLAPSE)
2026-06-28 21:53:46,106  INFO  
============================================================  PREVIEW
2026-06-28 21:53:46,549  INFO  
  Case : BraTS20_Training_226
2026-06-28 21:53:46,549  INFO    PRED :
Lesion area: the left frontal and parietal lobes with a mixture of heterogeneous high and low signals
Edema: significant in the left frontal and parietal lobes, indicating significant swelling in the tissues surrounding the lesions
Necrosis: observed in the left parietal and occipital lobes with mixed high and low signals
Ventricular compression: observed with the left lateral ventricle compressed and deformed
2026-06-28 21:53:46,549  INFO    REF  :
Lesion area: the left cerebral hemisphere with mixed high and low signals, exhibiting a spotted high signal appearance, primarily concentrated in the frontal, temporal, and parietal lobes
Edema: prominent in the left frontal and temporal lobes, appearing as high signals, with significant swelling in the surrounding tissues and an extensive range involving parts of the parietal lobe
Necrosis: presenting as marked high signals mainly in the deep regions of the left frontal lobe, with some extension into the temporal lobe, exhibiting mixed signal intensity with high and low signal spots
Ventricular compression: with the ventricles compressed, the left ventricle notably smaller than the right
2026-06-28 21:53:47,029  INFO  
  Case : BraTS20_Training_357
2026-06-28 21:53:47,029  INFO    PRED :
Lesion area: the right frontal and parietal lobes with a mixture of heterogeneous high and low signals
Edema: observed in the right frontal and parietal lobes, with a large area of high signal, indicating significant swelling in the tissue surrounding the lesion
Necrosis: observed as low signal areas in the right frontal and parietal lobes with mixed high and low signals
Ventricular compression: observed with the right lateral ventricle compressed and deformed
2026-06-28 21:53:47,029  INFO    REF  :
Lesion area: the top and side of the right brain, particularly including the peripheral areas of the frontal and parietal lobes, with heterogeneous mixed signals and notable patches of high signal regions
Edema: a clearly visible high signal surrounding the lesion, mainly concentrated in the right frontal and parietal lobes, with a broad range of
edema affecting the nearby brain tissue
Necrosis: patchy areas of low signal and mixed signal primarily concentrated in the central part of the lesion area, characterized by decreased and uneven signals
Ventricular compression: slight, with the right lateral ventricle showing clear signs of compression
2026-06-28 21:53:47,029  INFO  ============================================================
2026-06-28 21:53:47,029  INFO    No improvement (1/12)
2026-06-28 21:54:06,873  INFO  [clinicalt5-hoss] E 41  train=1.7088 (ppl 5.52)  val=1.5424 (ppl 4.68)  gn=2.019
2026-06-28 21:54:10,391  INFO    Content score (lesion): lobe_jacc=0.559  hemi=0.917  -> 0.738
2026-06-28 21:54:10,393  INFO  
============================================================  PREVIEW
2026-06-28 21:54:10,845  INFO  
  Case : BraTS20_Training_346
2026-06-28 21:54:10,845  INFO    PRED :
Lesion area: the right frontal and parietal lobes with a mixture of heterogeneous high and low signals, with spotted high signal areas
Edema: significant, mainly observed in the right frontal and parietal lobes, indicating significant swelling in the tissue surrounding the lesions
Necrosis: observed as low signal areas in the right parietal and frontal lobes, with a mixture of mixed high and low signals
Ventricular compression: observed with the right lateral ventricle compressed and deformed
2026-06-28 21:54:10,845  INFO    REF  :
Lesion area: the left parietal and temporal lobes with mixed high-signal areas with spotty high signals inside
Edema: particularly around the left parietal and temporal lobe regions, indicating increased swelling in these areas
Necrosis: within the lesion area as low-signal regions, presenting as mixed high and low signals internally, primarily concentrated in the central region of the lesion
Ventricular compression: observed, as the left ventricle is noticeably compressed and deformed, indicating significant compressive effects on the ventricles due to the lesions
2026-06-28 21:54:11,305  INFO  
  Case : BraTS20_Training_245
2026-06-28 21:54:11,305  INFO    PRED :
Lesion area: the left frontal and parietal lobes with a mixture of heterogeneous high and low signals, with spotted high signal areas
Edema: significant, mainly observed in the left frontal and parietal lobes, indicating significant swelling in the tissues surrounding the lesions
Necrosis: mainly concentrated in the left frontal and parietal lobes, characterized by low signal intensity and scattered low signal areas
Ventricular compression: observed with the left lateral ventricle compressed and deformed
2026-06-28 21:54:11,305  INFO    REF  :
Lesion area: the left cerebral hemisphere, particularly in the frontal and parietal lobes, with mixed signals of uneven high and low intensity
Edema: significant, observed in the left frontal and parietal regions, extending to adjacent white matter areas and presents as high-intensity signals
Necrosis: suspected in the low signal regions within the lesion area, particularly in the mixed high and low signal area of the central parietal lobe, showing as low signal areas mixed into the background of patchy high signals
Ventricular compression: observed, with the left lateral ventricle showing some degree of constriction and deformation
2026-06-28 21:54:11,305  INFO  ============================================================
2026-06-28 21:54:11,305  INFO    No improvement (2/12)
2026-06-28 21:54:31,171  INFO  [clinicalt5-hoss] E 42  train=1.7027 (ppl 5.49)  val=1.5339 (ppl 4.64)  gn=1.954
2026-06-28 21:54:34,646  INFO    Content score (lesion): lobe_jacc=0.615  hemi=0.875  -> 0.745
2026-06-28 21:54:34,647  INFO  
============================================================  PREVIEW
2026-06-28 21:54:35,112  INFO  
  Case : BraTS20_Training_091
2026-06-28 21:54:35,112  INFO    PRED :
Lesion area: the left parietal and occipital lobes with mixed high and low signals
Edema: significant in the left parietal and occipital lobes, indicating significant swelling in the tissues surrounding the lesions
Necrosis: mainly concentrated in the left parietal and occipital lobes, with mixed high and low signals
Ventricular compression: observed with the left lateral ventricle compressed and deformed
2026-06-28 21:54:35,112  INFO    REF  :
Lesion area: the left hemisphere, especially in the left frontal and temporal lobes, with a mixture of irregular high and low signals, as well as spotty high signal regions
Edema: a high-signal region observable, mainly seen in the left frontal and temporal lobes, indicating significant swelling and a large area of
edema
Necrosis: within the lesion area with mixed signals, particularly within the high-signal area of the left frontal lobe, suggesting possible necrotic regions with a concentrated distribution and uneven signal characteristics
Ventricular compression: in the left ventricle, which appears compressed and deformed with an irregular shape
2026-06-28 21:54:35,571  INFO  
  Case : BraTS20_Training_083
2026-06-28 21:54:35,571  INFO    PRED :
Lesion area: the left frontal and parietal lobes with a mixture of heterogeneous high and low signals
Edema: significant, mainly observed in the left frontal and parietal lobes, indicating significant swelling in the tissues surrounding the lesions
Necrosis: mainly concentrated in the left frontal and parietal lobes, with mixed high and low signals
Ventricular compression: observed with the left lateral ventricle compressed and deformed
2026-06-28 21:54:35,571  INFO    REF  :
Lesion area: the left parietal lobe and left temporal lobe with a mixed signal of uneven highs and lows with spotted high signal areas, suggesting the presence of multiple lesions
Edema: mainly present around the lesion areas, particularly in the left parietal lobe and the lateral parts of the left temporal lobe, displaying significantly high signal intensity, with a relatively large range of
edema
Necrosis: suggested by irregular regions predominantly showing low signals within the lesion areas, with a higher concentration near infection points in the local left parietal and left temporal lobes
Ventricular compression: observed with the left lateral ventricle compressed and deformed, with the frontal horn narrowed; the third ventricle is displaced
2026-06-28 21:54:35,571  INFO  ============================================================
2026-06-28 21:54:35,571  INFO    No improvement (3/12)
2026-06-28 21:54:55,406  INFO  [clinicalt5-hoss] E 43  train=1.6779 (ppl 5.35)  val=1.5340 (ppl 4.64)  gn=2.126
2026-06-28 21:54:58,768  INFO    Content score (lesion): lobe_jacc=0.528  hemi=0.875  -> 0.701
2026-06-28 21:54:58,769  INFO  
============================================================  PREVIEW
2026-06-28 21:54:59,212  INFO  
  Case : BraTS20_Training_047
2026-06-28 21:54:59,212  INFO    PRED :
Lesion area: the left frontal and parietal lobes with a mixture of heterogeneous high and low signals
Edema: significant, mainly observed in the left frontal and parietal lobes, indicating significant swelling in the tissues surrounding the lesions
Necrosis: mainly concentrated in the right frontal and parietal lobes, with low signal intensity, indicating necrotic tissue surrounding the lesions
Ventricular compression: observed with the left lateral ventricle compressed and deformed
2026-06-28 21:54:59,212  INFO    REF  :
Lesion area: the bilateral frontal lobes and also involves the parietal and temporal lobes with heterogeneous signal characteristics, including mixed high and low signals and speckled high signal areas
Edema: significant, with signals mainly distributed around the lesion areas, particularly at the sites of lesions in the bilateral frontal lobes, spreading to surrounding tissues, indicating extensive swelling of tissues surrounding the lesions
Necrosis: observed with multiple low signal areas within the lesion regions, irregularly distributed and scattered throughout the lesion sites, with some areas concentrated at the core
Ventricular compression: notably observed with the right lateral ventricle appearing narrowed, indicating substantial pressure from the lesions on the ventricles
2026-06-28 21:54:59,627  INFO  
  Case : BraTS20_Training_341
2026-06-28 21:54:59,627  INFO    PRED :
Lesion area: the left temporal and parietal lobes with a mixture of heterogeneous high and low signals
Edema: significant in the left frontal and parietal lobes, indicating significant swelling in the tissues surrounding the lesions
Necrosis: mainly concentrated in the left frontal and parietal lobes, with mixed signal intensity and low signal intensity
Ventricular compression: observed with the left lateral ventricle compressed and deformed
2026-06-28 21:54:59,627  INFO    REF  :
Lesion area: the left side of the brain with a mixed pattern of high and low signals
Edema: significant, concentrated in the left frontal and temporal lobes, with extension into parts of the parietal lobe
Necrosis: observed with noticeable low signal areas in the left frontal and temporal lobes, displaying uneven signal intensity
Ventricular compression: significantly compressed, especially the deformation of the left ventricle
2026-06-28 21:54:59,627  INFO  ============================================================
2026-06-28 21:54:59,627  INFO    No improvement (4/12)
2026-06-28 21:55:19,470  INFO  [clinicalt5-hoss] E 44  train=1.6757 (ppl 5.34)  val=1.5229 (ppl 4.59)  gn=2.002
2026-06-28 21:55:22,913  INFO    Content score (lesion): lobe_jacc=0.472  hemi=0.875  -> 0.674
2026-06-28 21:55:22,914  INFO  
============================================================  PREVIEW
2026-06-28 21:55:23,356  INFO  
  Case : BraTS20_Training_043
2026-06-28 21:55:23,356  INFO    PRED :
Lesion area: the right frontal and temporal lobes with a mixture of heterogeneous high and low signals
Edema: significant, mainly observed in the right frontal and temporal lobes, indicating significant swelling in the tissues surrounding the lesions
Necrosis: mainly concentrated in the right frontal and parietal lobes, with mixed signal intensity and low signal intensity
Ventricular compression: observed with the right lateral ventricle compressed and deformed
2026-06-28 21:55:23,356  INFO    REF  :
Lesion area: the right frontal and parietal regions with mixed high and low signals with patchy high-signal areas
Edema: prominent, concentrated in the right frontal and parietal lobes, with a minor extension to the temporal lobe, showing significant high signals
Necrosis: mostly observed in the right parietal and occipital lobes, appearing as low signals interspersed with some high-signal areas
Ventricular compression: notable on the lateral ventricles, with the lesion areas exerting a certain compressive effect on the ventricles
2026-06-28 21:55:23,822  INFO  
  Case : BraTS20_Training_247
2026-06-28 21:55:23,822  INFO    PRED :
Lesion area: the right frontal and parietal lobes with a mixture of heterogeneous high and low signals
Edema: significant, mainly observed in the right frontal and parietal lobes, indicating significant swelling in the tissues surrounding the lesion
Necrosis: mainly concentrated in the right frontal and parietal lobes, with a mixture of uneven high and low signals
Ventricular compression: observed with the right lateral ventricle compressed and deformed
2026-06-28 21:55:23,822  INFO    REF  :
Lesion area: the right hemisphere of the brain with a mix of heterogeneous high and low signals and patchy high-signal regions
Edema: significant high-signal, observed in parts of the right hemisphere surrounding the lesions, including sections of the frontal and temporal lobes
Necrosis: mixed signals with uneven intensity, displaying patchy or diffuse combinations of high and low signals, dispersed within the lesions
Ventricular compression: observable compression of the ventricles, particularly the right ventricle area, by the lesion area
2026-06-28 21:55:23,822  INFO  ============================================================
2026-06-28 21:55:23,822  INFO    No improvement (5/12)
2026-06-28 21:55:43,669  INFO  [clinicalt5-hoss] E 45  train=1.6633 (ppl 5.28)  val=1.5149 (ppl 4.55)  gn=2.045
2026-06-28 21:55:47,074  INFO    Content score (lesion): lobe_jacc=0.601  hemi=0.917  -> 0.759
2026-06-28 21:55:49,860  INFO    Hemisphere quick-check (lesion field): 18/20 = 90.0%
2026-06-28 21:55:54,305  INFO    Within-report distinctness: collapse=0%  distinct_ratio=1.00  (0.25=full collapse, 1.0=all differ)
2026-06-28 21:55:57,052  INFO    Cross-patient[lesion]: 2/20 unique = 0.10  (1.0=all differ, low=TEMPLATE COLLAPSE)
2026-06-28 21:55:59,606  INFO    Cross-patient[necrosis]: 9/20 unique = 0.45  (1.0=all differ, low=TEMPLATE COLLAPSE)
2026-06-28 21:55:59,607  INFO  
============================================================  PREVIEW
2026-06-28 21:56:00,055  INFO  
  Case : BraTS20_Training_095
2026-06-28 21:56:00,055  INFO    PRED :
Lesion area: the right frontal and parietal lobes with a mixture of heterogeneous high and low signals
Edema: significant, mainly observed in the right frontal and parietal lobes, indicating significant swelling in the tissues surrounding the lesions
Necrosis: mainly concentrated in the right frontal and parietal lobes, characterized by low signal intensity, indicating significant necrosis
Ventricular compression: observed with the left lateral ventricle compressed and deformed
2026-06-28 21:56:00,055  INFO    REF  :
Lesion area: the white matter of both cerebral hemispheres, especially in the bilateral frontal and parietal regions, with mixed high and low heterogeneous signals
Edema: mainly observed in the white matter areas of the frontal and parietal lobes, presenting as diffuse high signals, indicating significant swelling in the surrounding tissue of the lesions. The
edema is extensive, spreading across the entire cerebral hemisphere
Necrosis: suggested by some low-signal areas, appearing as mixed signals, mainly concentrated in the central regions of the high-signal lesions. The necrotic areas are relatively concentrated but also show some localized dispersion
Ventricular compression: partially compressed, particularly evident in the right lateral
ventricular body region
2026-06-28 21:56:00,508  INFO  
  Case : BraTS20_Training_226
2026-06-28 21:56:00,509  INFO    PRED :
Lesion area: the left frontal and parietal lobes with a mixture of heterogeneous high and low signals
Edema: significant, mainly observed in the left frontal and parietal lobes, indicating significant swelling in the tissues surrounding the lesions
Necrosis: mainly concentrated in the left frontal and parietal lobes, with mixed high and low signals, indicating significant necrosis
Ventricular compression: observed with the left lateral ventricle compressed and deformed
2026-06-28 21:56:00,509  INFO    REF  :
Lesion area: the left cerebral hemisphere with mixed high and low signals, exhibiting a spotted high signal appearance, primarily concentrated in the frontal, temporal, and parietal lobes
Edema: prominent in the left frontal and temporal lobes, appearing as high signals, with significant swelling in the surrounding tissues and an extensive range involving parts of the parietal lobe
Necrosis: presenting as marked high signals mainly in the deep regions of the left frontal lobe, with some extension into the temporal lobe, exhibiting mixed signal intensity with high and low signal spots
Ventricular compression: with the ventricles compressed, the left ventricle notably smaller than the right
2026-06-28 21:56:00,509  INFO  ============================================================
2026-06-28 21:56:00,509  INFO    No improvement (6/12)
2026-06-28 21:56:20,332  INFO  [clinicalt5-hoss] E 46  train=1.6607 (ppl 5.26)  val=1.5118 (ppl 4.53)  gn=1.950
2026-06-28 21:56:23,632  INFO    Content score (lesion): lobe_jacc=0.667  hemi=0.875  -> 0.771
2026-06-28 21:56:23,634  INFO  
============================================================  PREVIEW
2026-06-28 21:56:24,088  INFO  
  Case : BraTS20_Training_228
2026-06-28 21:56:24,088  INFO    PRED :
Lesion area: the right frontal and parietal lobes with a mixture of heterogeneous high and low signals, presenting as patchy high signal areas
Edema: significant, mainly observed in the right frontal and parietal lobes, indicating significant swelling in the tissues surrounding the lesions
Necrosis: mainly concentrated in the right frontal and parietal lobes, with low signal intensity and scattered low signal areas
Ventricular compression: observed with the right lateral ventricle compressed and deformed
2026-06-28 21:56:24,088  INFO    REF  :
Lesion area: the right temporal and frontal lobes with a mixture of heterogeneous high and low signals, with some areas showing speckled high signals
Edema: extensive, mainly concentrated in the right temporal lobe and part of the frontal lobe, indicating marked swelling of the surrounding tissues
Necrosis: characterized by clearly low signals, with a notable degree of heterogeneity, mostly scattered in the right temporal and frontal lobes
Ventricular compression: slight compression of the right ventricle, with no severe deformation or significant shift observed yet
2026-06-28 21:56:24,529  INFO  
  Case : BraTS20_Training_230
2026-06-28 21:56:24,529  INFO    PRED :
Lesion area: the left frontal and parietal lobes with a mixture of heterogeneous high and low signals, presenting as patchy high signal areas
Edema: significant in the left frontal and parietal lobes, indicating significant swelling in the tissues surrounding the lesions
Necrosis: mainly concentrated in the left parietal and occipital lobes, with mixed high and low signals
Ventricular compression: observed with the left lateral ventricle compressed and deformed
2026-06-28 21:56:24,529  INFO    REF  :
Lesion area: the left hemisphere, particularly in the parietal lobe region, with a mixture of heterogeneous high and low signals with spotted high-signal areas
Edema: in the parietal lobe region, prominent with significant
edema signals appearing as high signals, suggesting a considerable degree of swelling in the surrounding tissues, with a broad range of
edema
Necrosis: within the lesion area, showing low signals indicating possible necrotic regions with mixed signals and are relatively evenly distributed
Ventricular compression: clear compression of the left ventricle, suggesting a strong compressive effect on the brain tissue and ventricles
2026-06-28 21:56:24,530  INFO  ============================================================
2026-06-28 21:56:24,530  INFO    No improvement (7/12)
2026-06-28 21:56:44,332  INFO  [clinicalt5-hoss] E 47  train=1.6398 (ppl 5.15)  val=1.5059 (ppl 4.51)  gn=1.971
2026-06-28 21:56:47,469  INFO    Content score (lesion): lobe_jacc=0.507  hemi=0.875  -> 0.691
2026-06-28 21:56:47,471  INFO  
============================================================  PREVIEW
2026-06-28 21:56:47,943  INFO  
  Case : BraTS20_Training_057
2026-06-28 21:56:47,943  INFO    PRED :
Lesion area: the left parietal and occipital lobes with a mixture of heterogeneous high and low signals
Edema: significant in the left parietal and occipital lobes, indicating significant swelling in the tissues surrounding the lesions
Necrosis: mainly concentrated in the left parietal and occipital lobes, with mixed high and low signals, indicating significant necrosis
Ventricular compression: observed with the left lateral ventricle compressed and deformed
2026-06-28 21:56:47,943  INFO    REF  :
Lesion area: the left frontal lobe with mixed signals of varying intensities and spot-like high signal areas
Edema: extensive, affecting parts of the parietal and temporal lobes, further illustrating the severity of the lesion
Necrosis: present, with possible signs of
necrosis in the left frontal lobe, showing uneven signal intensity with low signals mixed with high signal zones
Ventricular compression: present, with the left lateral ventricle showing some compression
2026-06-28 21:56:48,395  INFO  
  Case : BraTS20_Training_313
2026-06-28 21:56:48,395  INFO    PRED :
Lesion area: the right frontal and parietal lobes with a mixture of heterogeneous high and low signals
Edema: significant, mainly observed in the right frontal and parietal lobes, indicating significant swelling in the tissues surrounding the lesions
Necrosis: mainly concentrated in the right frontal and parietal lobes, with low signal intensity and uneven signal intensity
Ventricular compression: observed with the right lateral ventricle compressed and deformed
2026-06-28 21:56:48,395  INFO    REF  :
Lesion area: the right frontal and parietal regions with a mix of heterogeneous high and low signals and speckled high-signal areas
Edema: significant, with extensive high-signal regions occupying large portions of the right frontal and parietal lobes
Necrosis: observed with low-signal areas, especially concentrated in the right parietal region, exhibiting signal heterogeneity
Ventricular compression: noticeable on the right lateral ventricle, which appears narrowed
2026-06-28 21:56:48,395  INFO  ============================================================
2026-06-28 21:56:48,396  INFO    No improvement (8/12)
2026-06-28 21:57:08,282  INFO  [clinicalt5-hoss] E 48  train=1.6430 (ppl 5.17)  val=1.5009 (ppl 4.49)  gn=2.013
2026-06-28 21:57:11,531  INFO    Content score (lesion): lobe_jacc=0.538  hemi=0.917  -> 0.727
2026-06-28 21:57:11,532  INFO  
============================================================  PREVIEW
2026-06-28 21:57:11,989  INFO  
  Case : BraTS20_Training_058
2026-06-28 21:57:11,989  INFO    PRED :
Lesion area: the left frontal and parietal lobes with a mixture of heterogeneous high and low signals
Edema: significant, mainly observed in the left frontal and parietal lobes, indicating significant swelling in the tissues surrounding the lesions
Necrosis: mainly concentrated in the left parietal and occipital lobes, with mixed high and low signals, presenting as necrotic regions
Ventricular compression: observed with the left lateral ventricle compressed and deformed
2026-06-28 21:57:11,989  INFO    REF  :
Lesion area: the left frontal, temporal, and parietal lobes with mixed signals of varying intensity and patchy high-signal areas
Edema: observed in the left parietal lobe, indicating significant swelling of the surrounding tissues, with a wide range of
edema
Necrosis: characterized by low-signal areas with some mixed signals in the left parietal lobe, indicating that the necrotic area is rather concentrated
Ventricular compression: observed, indicating that the lesions exert a certain level of pressure on the brain tissue and ventricles
2026-06-28 21:57:12,442  INFO  
  Case : BraTS20_Training_286
2026-06-28 21:57:12,442  INFO    PRED :
Lesion area: the left frontal and parietal lobes with a mixture of heterogeneous high and low signals
Edema: significant, mainly observed in the left frontal and parietal lobes, indicating significant swelling in the tissues surrounding the lesions
Necrosis: mainly concentrated in the left parietal and occipital lobes, with a mixture of uneven high and low signals
Ventricular compression: observed with the left lateral ventricle compressed and deformed
2026-06-28 21:57:12,443  INFO    REF  :
Lesion area: the left parietal lobe with mixed signals of varying intensity and spotty high signal areas
Edema: significant, with signal regions mainly located in the left frontal and parietal lobes, appearing as high signals, suggesting substantial swelling of the tissues surrounding the lesion, and covering a large area extending over the parietal and frontal lobes with widespread impact
Necrosis: observed with possible necrotic signals primarily distributed around the high signal zone in the left parietal lobe, appearing as a mix of high and low signals, indicating tissue
necrosis
Ventricular compression: observed, with the left lateral ventricle notably compressed and reduced in size, demonstrating significant compressive effects of the lesion on brain tissue and ventricles
2026-06-28 21:57:12,443  INFO  ============================================================
2026-06-28 21:57:12,443  INFO    No improvement (9/12)
2026-06-28 21:57:32,283  INFO  [clinicalt5-hoss] E 49  train=1.6368 (ppl 5.14)  val=1.4966 (ppl 4.47)  gn=1.983
2026-06-28 21:57:35,464  INFO    Content score (lesion): lobe_jacc=0.590  hemi=0.958  -> 0.774
2026-06-28 21:57:35,466  INFO  
============================================================  PREVIEW
2026-06-28 21:57:35,920  INFO  
  Case : BraTS20_Training_091
2026-06-28 21:57:35,920  INFO    PRED :
Lesion area: the left frontal and parietal lobes with a mixture of heterogeneous high and low signals
Edema: significant, mainly observed in the left parietal and occipital lobes, indicating significant swelling in the tissues surrounding the lesions
Necrosis: mainly concentrated in the left parietal and occipital lobes, characterized by low signal intensity and scattered low signal areas
Ventricular compression: observed with the left lateral ventricle compressed and deformed
2026-06-28 21:57:35,920  INFO    REF  :
Lesion area: the left hemisphere, especially in the left frontal and temporal lobes, with a mixture of irregular high and low signals, as well as spotty high signal regions
Edema: a high-signal region observable, mainly seen in the left frontal and temporal lobes, indicating significant swelling and a large area of
edema
Necrosis: within the lesion area with mixed signals, particularly within the high-signal area of the left frontal lobe, suggesting possible necrotic regions with a concentrated distribution and uneven signal characteristics
Ventricular compression: in the left ventricle, which appears compressed and deformed with an irregular shape
2026-06-28 21:57:36,348  INFO  
  Case : BraTS20_Training_286
2026-06-28 21:57:36,348  INFO    PRED :
Lesion area: the left frontal and parietal lobes with a mixture of heterogeneous high and low signals
Edema: significant, mainly observed in the left frontal and parietal lobes
Necrosis: mainly concentrated in the left parietal and occipital lobes, with mixed signal intensity and low signal intensity
Ventricular compression: observed with the left lateral ventricle compressed and deformed
2026-06-28 21:57:36,348  INFO    REF  :
Lesion area: the left parietal lobe with mixed signals of varying intensity and spotty high signal areas
Edema: significant, with signal regions mainly located in the left frontal and parietal lobes, appearing as high signals, suggesting substantial swelling of the tissues surrounding the lesion, and covering a large area extending over the parietal and frontal lobes with widespread impact
Necrosis: observed with possible necrotic signals primarily distributed around the high signal zone in the left parietal lobe, appearing as a mix of high and low signals, indicating tissue
necrosis
Ventricular compression: observed, with the left lateral ventricle notably compressed and reduced in size, demonstrating significant compressive effects of the lesion on brain tissue and ventricles
2026-06-28 21:57:36,348  INFO  ============================================================
2026-06-28 21:57:36,348  INFO    No improvement (10/12)
2026-06-28 21:57:56,277  INFO  [clinicalt5-hoss] E 50  train=1.6378 (ppl 5.14)  val=1.4894 (ppl 4.43)  gn=2.012
2026-06-28 21:57:59,419  INFO    Content score (lesion): lobe_jacc=0.653  hemi=0.958  -> 0.806
2026-06-28 21:58:02,018  INFO    Hemisphere quick-check (lesion field): 18/20 = 90.0%
2026-06-28 21:58:06,361  INFO    Within-report distinctness: collapse=0%  distinct_ratio=1.00  (0.25=full collapse, 1.0=all differ)
2026-06-28 21:58:08,986  INFO    Cross-patient[lesion]: 4/20 unique = 0.20  (1.0=all differ, low=TEMPLATE COLLAPSE)
2026-06-28 21:58:11,419  INFO    Cross-patient[necrosis]: 8/20 unique = 0.40  (1.0=all differ, low=TEMPLATE COLLAPSE)
2026-06-28 21:58:11,420  INFO  
============================================================  PREVIEW
2026-06-28 21:58:11,879  INFO  
  Case : BraTS20_Training_297
2026-06-28 21:58:11,879  INFO    PRED :
Lesion area: the left frontal and parietal lobes with a mixture of heterogeneous high and low signals
Edema: significant, mainly observed in the left parietal and occipital lobes
Necrosis: mainly concentrated in the left parietal and occipital lobes, with low signal intensity and uneven signal intensity
Ventricular compression: observed with the left lateral ventricle compressed and deformed
2026-06-28 21:58:11,879  INFO    REF  :
Lesion area: the left parietal and occipital lobes with heterogeneous signal intensities and patchy high-signal regions
Edema: significant in portions of the parietal and occipital lobes, suggesting substantial swelling in the tissues surrounding the lesions
Necrosis: within the lesion areas in the parietal and occipital lobes, characterized by some low-signal regions indicating possible
necrosis
Ventricular compression: observed near prominent lesion areas, indicating that the lesions are exerting pressure on the surrounding brain tissue and ventricles
2026-06-28 21:58:12,302  INFO  
  Case : BraTS20_Training_209
2026-06-28 21:58:12,302  INFO    PRED :
Lesion area: the right frontal and parietal lobes with a mixture of heterogeneous high and low signals
Edema: significant, mainly observed in the right frontal and parietal lobes, indicating significant swelling in the tissues surrounding the lesions
Necrosis: mainly concentrated in the right frontal and parietal lobes, with mixed signal intensity and low signal intensity
Ventricular compression: observed with the right lateral ventricle compressed and deformed
2026-06-28 21:58:12,302  INFO    REF  :
Lesion area: the right temporal and parietal lobes with a mix of heterogeneous high and low signals with speckled high signal areas
Edema: observed mainly in the right temporal lobe and part of the right parietal lobe, with the surrounding tissue of the right temporal lobe exhibiting significant swelling
Necrosis: concentrated in the right temporal lobe with low and scattered signal intensity
Ventricular compression: observed with compression and deformation of the right ventricle while the left ventricle appears normal
2026-06-28 21:58:12,302  INFO  ============================================================
2026-06-28 21:58:12,914  INFO  HTTP Request: HEAD https://huggingface.co/hossboll/clinical-t5/resolve/main/config.json "HTTP/1.1 307 Temporary Redirect"
2026-06-28 21:58:12,965  INFO  HTTP Request: HEAD https://huggingface.co/api/resolve-cache/models/hossboll/clinical-t5/c092f34a776c3969d4d86c0ad6f282668280fbf2/config.json "HTTP/1.1 200 OK"
2026-06-28 21:58:13,120  INFO  HTTP Request: HEAD https://huggingface.co/hossboll/clinical-t5/resolve/main/config.json "HTTP/1.1 307 Temporary Redirect"
2026-06-28 21:58:13,160  INFO  HTTP Request: HEAD https://huggingface.co/api/resolve-cache/models/hossboll/clinical-t5/c092f34a776c3969d4d86c0ad6f282668280fbf2/config.json "HTTP/1.1 200 OK"
2026-06-28 21:58:13,179  INFO    ✓ New best (content=0.806) → checkpoints_multi_v4/clinicalt5-hoss
2026-06-28 21:58:32,993  INFO  [clinicalt5-hoss] E 51  train=1.6223 (ppl 5.06)  val=1.4854 (ppl 4.42)  gn=2.015
2026-06-28 21:58:36,110  INFO    Content score (lesion): lobe_jacc=0.573  hemi=0.958  -> 0.766
2026-06-28 21:58:36,112  INFO  
============================================================  PREVIEW
2026-06-28 21:58:36,542  INFO  
  Case : BraTS20_Training_095
2026-06-28 21:58:36,542  INFO    PRED :
Lesion area: the right frontal and parietal lobes with a mixture of heterogeneous high and low signals
Edema: significant, mainly observed in the right frontal and parietal lobes, indicating significant swelling in the tissues surrounding the lesions
Necrosis: mainly concentrated in the right frontal and parietal lobes
Ventricular compression: observed with the left lateral ventricle compressed and deformed
2026-06-28 21:58:36,542  INFO    REF  :
Lesion area: the white matter of both cerebral hemispheres, especially in the bilateral frontal and parietal regions, with mixed high and low heterogeneous signals
Edema: mainly observed in the white matter areas of the frontal and parietal lobes, presenting as diffuse high signals, indicating significant swelling in the surrounding tissue of the lesions. The
edema is extensive, spreading across the entire cerebral hemisphere
Necrosis: suggested by some low-signal areas, appearing as mixed signals, mainly concentrated in the central regions of the high-signal lesions. The necrotic areas are relatively concentrated but also show some localized dispersion
Ventricular compression: partially compressed, particularly evident in the right lateral
ventricular body region
2026-06-28 21:58:36,952  INFO  
  Case : BraTS20_Training_204
2026-06-28 21:58:36,952  INFO    PRED :
Lesion area: the right frontal and parietal lobes with a mixture of heterogeneous high and low signals
Edema: significant, mainly observed in the right frontal and parietal lobes
Necrosis: mainly concentrated in the right frontal and parietal lobes
Ventricular compression: observed with the right lateral ventricle compressed and deformed
2026-06-28 21:58:36,952  INFO    REF  :
Lesion area: the right side of the brain, specifically in the frontal, temporal, and parietal lobes, with heterogeneous mixed high and low signals and patchy high signal areas
Edema: primarily seen in the right temporal and parietal lobes, with an extent that is extensive, suggesting marked swelling in the tissues surrounding the lesion
Necrosis: interspersed in small patches among the lesion areas in the right side of the brain, featuring uneven signal intensity
Ventricular compression: significant on the right ventricle, indicating a degree of pressure exerted by the lesions on the brain tissue and ventricles
2026-06-28 21:58:36,952  INFO  ============================================================
2026-06-28 21:58:36,952  INFO    No improvement (1/12)
2026-06-28 21:58:56,773  INFO  [clinicalt5-hoss] E 52  train=1.6080 (ppl 4.99)  val=1.4827 (ppl 4.41)  gn=2.010
2026-06-28 21:58:59,931  INFO    Content score (lesion): lobe_jacc=0.465  hemi=0.917  -> 0.691
2026-06-28 21:58:59,933  INFO  
============================================================  PREVIEW
2026-06-28 21:59:00,362  INFO  
  Case : BraTS20_Training_004
2026-06-28 21:59:00,362  INFO    PRED :
Lesion area: the left frontal and parietal lobes with a mixture of heterogeneous high and low signals
Edema: significant, mainly observed in the left frontal and parietal lobes, indicating significant swelling in the tissues surrounding the lesions
Necrosis: mainly concentrated in the left parietal and occipital lobes, with mixed high and low signals
Ventricular compression: observed with the left lateral ventricle compressed and deformed
2026-06-28 21:59:00,362  INFO    REF  :
Lesion area: the left temporal lobe area with a mixed characteristic of uneven high and low signals
Edema: a clear high-signal
edema area observed surrounding the left temporal lobe region, indicating a certain degree of swelling in the tissues around the lesion
Necrosis: in the central region of the high-signal lesion, areas with very low signals are observed, suggesting possible
necrosis
Ventricular compression: not observed
2026-06-28 21:59:00,802  INFO  
  Case : BraTS20_Training_341
2026-06-28 21:59:00,802  INFO    PRED :
Lesion area: the left temporal and parietal lobes with a mixture of heterogeneous high and low signals
Edema: significant, mainly observed in the left frontal and parietal lobes, indicating significant swelling in the tissues surrounding the lesions
Necrosis: mainly concentrated in the left frontal and parietal lobes, with low signal intensity and a mixture of uneven high and low signals
Ventricular compression: observed with the left lateral ventricle compressed and deformed
2026-06-28 21:59:00,802  INFO    REF  :
Lesion area: the left side of the brain with a mixed pattern of high and low signals
Edema: significant, concentrated in the left frontal and temporal lobes, with extension into parts of the parietal lobe
Necrosis: observed with noticeable low signal areas in the left frontal and temporal lobes, displaying uneven signal intensity
Ventricular compression: significantly compressed, especially the deformation of the left ventricle
2026-06-28 21:59:00,802  INFO  ============================================================
2026-06-28 21:59:00,802  INFO    No improvement (2/12)
2026-06-28 21:59:20,624  INFO  [clinicalt5-hoss] E 53  train=1.6041 (ppl 4.97)  val=1.4791 (ppl 4.39)  gn=1.987
2026-06-28 21:59:23,773  INFO    Content score (lesion): lobe_jacc=0.615  hemi=0.958  -> 0.786
2026-06-28 21:59:23,774  INFO  
============================================================  PREVIEW
2026-06-28 21:59:24,228  INFO  
  Case : BraTS20_Training_127
2026-06-28 21:59:24,229  INFO    PRED :
Lesion area: the left temporal and parietal lobes with a mixture of heterogeneous high and low signals
Edema: significant, mainly observed in the left frontal and parietal lobes, indicating significant swelling in the tissues surrounding the lesions
Necrosis: mainly concentrated in the left parietal and occipital lobes, with mixed high and low signals
Ventricular compression: observed with the left lateral ventricle compressed and deformed
2026-06-28 21:59:24,229  INFO    REF  :
Lesion area: the left frontal lobe and part of the temporal lobe, exhibiting a higher signal; some regions display mixed signals with distinct speckled high-signal areas, suggesting the possible presence of multiple lesions
Edema: significant in the left frontal and temporal lobe areas, appearing as diffusely high signals
Necrosis: potentially indicated by some low-signal areas in the left parietal lobe, which demonstrate uneven signals, with some regions mixed with other signals
Ventricular compression: slight, with the left lateral ventricle showing some degree of deformation
2026-06-28 21:59:24,677  INFO  
  Case : BraTS20_Training_077
2026-06-28 21:59:24,677  INFO    PRED :
Lesion area: the left frontal and parietal lobes with a mixture of heterogeneous high and low signals
Edema: significant, mainly observed in the left frontal and parietal lobes, indicating significant swelling in the tissues surrounding the lesions
Necrosis: mainly concentrated in the left frontal and parietal lobes, with low signal intensity and uneven signal intensity
Ventricular compression: observed with the left lateral ventricle compressed and deformed
2026-06-28 21:59:24,677  INFO    REF  :
Lesion area: the left frontal and parietal lobes with heterogeneous high-signal and low-signal areas, with spotted high-signal regions
Edema: prominent, primarily surrounding the lesions in the left frontal and parietal regions, with severe swelling of the tissues
Necrosis: suggested by low-signal and signal-void regions interspersed among areas of high and iso-signal, with distribution being uneven in the frontal and parietal regions
Ventricular compression: evident as mild deformation and compression of the ventricles, primarily in the left lateral ventricle
2026-06-28 21:59:24,677  INFO  ============================================================
2026-06-28 21:59:24,677  INFO    No improvement (3/12)
2026-06-28 21:59:44,568  INFO  [clinicalt5-hoss] E 54  train=1.5887 (ppl 4.90)  val=1.4726 (ppl 4.36)  gn=2.055
2026-06-28 21:59:47,720  INFO    Content score (lesion): lobe_jacc=0.708  hemi=0.833  -> 0.771
2026-06-28 21:59:47,722  INFO  
============================================================  PREVIEW
2026-06-28 21:59:48,163  INFO  
  Case : BraTS20_Training_125
2026-06-28 21:59:48,163  INFO    PRED :
Lesion area: the right frontal and parietal lobes with a mixture of heterogeneous high and low signals
Edema: significant, mainly observed in the right frontal and parietal lobes, indicating significant swelling in the tissues surrounding the lesions
Necrosis: mainly concentrated in the right frontal and parietal lobes, characterized by low signal intensity, exhibiting mixed signals
Ventricular compression: observed with the right lateral ventricle compressed and deformed
2026-06-28 21:59:48,163  INFO    REF  :
Lesion area: the frontal and parietal lobes of the right cerebral hemisphere with a mix of heterogeneous high and low signals with speckled high-intensity signals
Edema: primarily located around the lesions, especially in the frontal and parietal lobes of the right cerebral hemisphere, presenting as notably high intensity
Necrosis: primarily located in the deeper structures of the right frontal and parietal lobes with lower signal intensity compared to the higher signal intensity areas of
Ventricular compression: some compression effect on the ventricles by the right hemisphere lesions, but no significant changes in the shape of the ventricles have been observed
2026-06-28 21:59:48,613  INFO  
  Case : BraTS20_Training_083
2026-06-28 21:59:48,613  INFO    PRED :
Lesion area: the left frontal and parietal lobes with a mixture of heterogeneous high and low signals
Edema: significant, mainly observed in the left frontal and parietal lobes, indicating significant swelling in the tissues surrounding the lesions
Necrosis: mainly concentrated in the left frontal and parietal lobes, with low signal intensity and uneven signal intensity
Ventricular compression: observed with the left lateral ventricle compressed and deformed
2026-06-28 21:59:48,613  INFO    REF  :
Lesion area: the left parietal lobe and left temporal lobe with a mixed signal of uneven highs and lows with spotted high signal areas, suggesting the presence of multiple lesions
Edema: mainly present around the lesion areas, particularly in the left parietal lobe and the lateral parts of the left temporal lobe, displaying significantly high signal intensity, with a relatively large range of
edema
Necrosis: suggested by irregular regions predominantly showing low signals within the lesion areas, with a higher concentration near infection points in the local left parietal and left temporal lobes
Ventricular compression: observed with the left lateral ventricle compressed and deformed, with the frontal horn narrowed; the third ventricle is displaced
2026-06-28 21:59:48,613  INFO  ============================================================
2026-06-28 21:59:48,613  INFO    No improvement (4/12)
2026-06-28 22:00:08,524  INFO  [clinicalt5-hoss] E 55  train=1.5954 (ppl 4.93)  val=1.4719 (ppl 4.36)  gn=1.945
2026-06-28 22:00:11,660  INFO    Content score (lesion): lobe_jacc=0.604  hemi=0.958  -> 0.781
2026-06-28 22:00:14,275  INFO    Hemisphere quick-check (lesion field): 15/20 = 75.0%
2026-06-28 22:00:18,713  INFO    Within-report distinctness: collapse=0%  distinct_ratio=1.00  (0.25=full collapse, 1.0=all differ)
2026-06-28 22:00:21,315  INFO    Cross-patient[lesion]: 4/20 unique = 0.20  (1.0=all differ, low=TEMPLATE COLLAPSE)
2026-06-28 22:00:23,882  INFO    Cross-patient[necrosis]: 12/20 unique = 0.60  (1.0=all differ, low=TEMPLATE COLLAPSE)
2026-06-28 22:00:23,883  INFO  
============================================================  PREVIEW
2026-06-28 22:00:24,310  INFO  
  Case : BraTS20_Training_228
2026-06-28 22:00:24,310  INFO    PRED :
Lesion area: the right frontal and parietal lobes with a mixture of heterogeneous high and low signals
Edema: significant, mainly observed in the right frontal and parietal lobes, indicating significant swelling in the tissues surrounding the lesions
Necrosis: mainly concentrated in the right frontal and parietal lobes, with a mixture of uneven high and low signals
Ventricular compression: observed with the right lateral ventricle compressed and deformed
2026-06-28 22:00:24,310  INFO    REF  :
Lesion area: the right temporal and frontal lobes with a mixture of heterogeneous high and low signals, with some areas showing speckled high signals
Edema: extensive, mainly concentrated in the right temporal lobe and part of the frontal lobe, indicating marked swelling of the surrounding tissues
Necrosis: characterized by clearly low signals, with a notable degree of heterogeneity, mostly scattered in the right temporal and frontal lobes
Ventricular compression: slight compression of the right ventricle, with no severe deformation or significant shift observed yet
2026-06-28 22:00:24,728  INFO  
  Case : BraTS20_Training_305
2026-06-28 22:00:24,728  INFO    PRED :
Lesion area: the frontal and parietal lobes of the brain with a mixture of heterogeneous high and low signals
Edema: significant, mainly observed in the right frontal and parietal lobes, indicating significant swelling in the tissues surrounding the lesions
Necrosis: mainly concentrated in the right frontal and parietal lobes, with low signal intensity and uneven signal intensity
Ventricular compression: observed with the right lateral ventricle compressed and deformed
2026-06-28 22:00:24,728  INFO    REF  :
Lesion area: the right cerebral hemisphere, particularly the parietal and occipital lobes, with a mix of heterogeneous high and low signals, along with speckled high-signal areas
Edema: notable high-signal areas surrounding the lesions mainly concentrated in the right parietal and occipital lobes, with significant swelling of the surrounding tissues, covering a large area
Necrosis: some low-signal areas with uneven signal intensity, with some areas exhibiting extremely low signals, both concentrated and somewhat dispersed
Ventricular compression: the right ventricle subjected to varying degrees of compression, resulting in slight deformation
2026-06-28 22:00:24,728  INFO  ============================================================
2026-06-28 22:00:24,728  INFO    No improvement (5/12)
2026-06-28 22:00:44,639  INFO  [clinicalt5-hoss] E 56  train=1.5888 (ppl 4.90)  val=1.4677 (ppl 4.34)  gn=2.050
2026-06-28 22:00:47,789  INFO    Content score (lesion): lobe_jacc=0.684  hemi=0.958  -> 0.821
2026-06-28 22:00:47,790  INFO  
============================================================  PREVIEW
2026-06-28 22:00:48,233  INFO  
  Case : BraTS20_Training_313
2026-06-28 22:00:48,233  INFO    PRED :
Lesion area: the right frontal and parietal lobes with a mixture of heterogeneous high and low signals
Edema: significant, mainly observed in the right frontal and parietal lobes, indicating significant swelling in the tissues surrounding the lesions
Necrosis: mainly concentrated in the right frontal and parietal lobes, characterized by low signal intensity and uneven signal intensity
Ventricular compression: observed with the right lateral ventricle compressed and deformed
2026-06-28 22:00:48,233  INFO    REF  :
Lesion area: the right frontal and parietal regions with a mix of heterogeneous high and low signals and speckled high-signal areas
Edema: significant, with extensive high-signal regions occupying large portions of the right frontal and parietal lobes
Necrosis: observed with low-signal areas, especially concentrated in the right parietal region, exhibiting signal heterogeneity
Ventricular compression: noticeable on the right lateral ventricle, which appears narrowed
2026-06-28 22:00:48,666  INFO  
  Case : BraTS20_Training_110
2026-06-28 22:00:48,666  INFO    PRED :
Lesion area: the left frontal and parietal lobes with a mixture of heterogeneous high and low signals, with patchy high signal areas
Edema: significant, mainly observed in the left frontal and parietal lobes, indicating significant swelling in the tissues surrounding the lesions
Necrosis: mainly concentrated in the left frontal and parietal lobes, with low signal intensity and a mixture of mixed high and low signals
Ventricular compression: observed with the left lateral ventricle compressed and deformed
2026-06-28 22:00:48,666  INFO    REF  :
Lesion area: the left frontal and occipital lobes with mixed heterogeneous signals and patchy high-signal regions
Edema: significant, primarily observed in the left parietal and frontal lobes, exhibiting considerable swelling and an extensive
edema range
Necrosis: not observed
Ventricular compression: relatively apparent, indicating that the lesion exerts a compressive effect on the ventricles
2026-06-28 22:00:48,666  INFO  ============================================================
2026-06-28 22:00:48,839  INFO  HTTP Request: HEAD https://huggingface.co/hossboll/clinical-t5/resolve/main/config.json "HTTP/1.1 307 Temporary Redirect"
2026-06-28 22:00:48,874  INFO  HTTP Request: HEAD https://huggingface.co/api/resolve-cache/models/hossboll/clinical-t5/c092f34a776c3969d4d86c0ad6f282668280fbf2/config.json "HTTP/1.1 200 OK"
2026-06-28 22:00:48,957  INFO  HTTP Request: HEAD https://huggingface.co/hossboll/clinical-t5/resolve/main/config.json "HTTP/1.1 307 Temporary Redirect"
2026-06-28 22:00:48,994  INFO  HTTP Request: HEAD https://huggingface.co/api/resolve-cache/models/hossboll/clinical-t5/c092f34a776c3969d4d86c0ad6f282668280fbf2/config.json "HTTP/1.1 200 OK"
2026-06-28 22:00:49,013  INFO    ✓ New best (content=0.821) → checkpoints_multi_v4/clinicalt5-hoss
2026-06-28 22:01:08,855  INFO  [clinicalt5-hoss] E 57  train=1.5708 (ppl 4.81)  val=1.4629 (ppl 4.32)  gn=2.049
2026-06-28 22:01:12,058  INFO    Content score (lesion): lobe_jacc=0.639  hemi=0.917  -> 0.778
2026-06-28 22:01:12,059  INFO  
============================================================  PREVIEW
2026-06-28 22:01:12,481  INFO  
  Case : BraTS20_Training_102
2026-06-28 22:01:12,481  INFO    PRED :
Lesion area: the left frontal and parietal lobes with a mixture of heterogeneous high and low signals
Edema: significant, mainly observed in the left frontal and parietal lobes, indicating significant swelling in the tissues surrounding the lesions
Necrosis: mainly concentrated in the left parietal and frontal lobes, characterized by low signal intensity and scattered low signal areas
Ventricular compression: observed with the left lateral ventricle compressed and deformed
2026-06-28 22:01:12,481  INFO    REF  :
Lesion area: the left frontal lobe with a heterogeneous mix of high and low signals
Edema: pronounced
edema signals primarily concentrated in the left frontal lobe, followed by the parietal lobe, exhibiting high signals
Necrosis: potential necrotic areas mainly concentrated in the left frontal lobe, appearing as low signals mixed with high signal regions
Ventricular compression: no evident sign of
ventricular compression
2026-06-28 22:01:12,957  INFO  
  Case : BraTS20_Training_366
2026-06-28 22:01:12,957  INFO    PRED :
Lesion area: the left parietal and occipital lobes with a mixture of heterogeneous high and low signals
Edema: significant, mainly observed in the left frontal and parietal lobes, indicating significant swelling in the tissues surrounding the lesions
Necrosis: mainly concentrated in the left parietal and occipital lobes, with mixed high and low signals
Ventricular compression: observed with the left lateral ventricle compressed and deformed
2026-06-28 22:01:12,957  INFO    REF  :
Lesion area: the left temporal and parietal lobes with multiple heterogeneous mixed signals and spotty high-signal areas, suggesting the presence of multiple lesions
Edema: significant, concentrated in the left parietal and temporal regions, with extensive high-signal areas, suggesting noticeable swelling in the tissue surrounding the lesions
Necrosis: located mainly in the left temporal lobe, appearing as low signals with blurred boundaries mixed with the high-signal
Ventricular compression: observed with the left ventricle compressed and deformed, showing slight compression and deformation due to the mass effect of the lesion
2026-06-28 22:01:12,957  INFO  ============================================================
2026-06-28 22:01:12,957  INFO    No improvement (1/12)
2026-06-28 22:01:32,802  INFO  [clinicalt5-hoss] E 58  train=1.5739 (ppl 4.83)  val=1.4613 (ppl 4.31)  gn=1.959
2026-06-28 22:01:35,939  INFO    Content score (lesion): lobe_jacc=0.559  hemi=0.917  -> 0.738
2026-06-28 22:01:35,940  INFO  
============================================================  PREVIEW
2026-06-28 22:01:36,384  INFO  
  Case : BraTS20_Training_203
2026-06-28 22:01:36,384  INFO    PRED :
Lesion area: the left frontal and parietal lobes with a mixture of heterogeneous high and low signals
Edema: significant, mainly observed in the left frontal and parietal lobes, indicating significant swelling in the tissues surrounding the lesions
Necrosis: mainly concentrated in the left frontal and parietal lobes, characterized by low signal intensity and uneven signal intensity
Ventricular compression: observed with the left lateral ventricle compressed and deformed
2026-06-28 22:01:36,384  INFO    REF  :
Lesion area: the left hemisphere, especially in the left frontal and temporal lobes with mixed signals with irregular high and low intensities along with patchy high signal areas, indicating multiple lesions
Edema: observed around the lesions in the left hemisphere, particularly surrounding the left frontal and temporal lobes, a prominent high-signal
edema region is observed. The extent of the
edema is considerable, indicating significant swelling of tissues around the lesions
Necrosis: within the lesion area, several low-signal regions are visible, suggesting the possible presence of
necrosis. These necrotic areas are intermingled with high-signal regions and present an irregular shape, scattered within the lesion areas of the left frontal and temporal lobes
Ventricular compression: the left ventricle is compressed and deformed, suggesting strong compression of the left brain tissues and ventricle by the lesion
2026-06-28 22:01:36,828  INFO  
  Case : BraTS20_Training_074
2026-06-28 22:01:36,828  INFO    PRED :
Lesion area: the left frontal and parietal lobes with a mixture of heterogeneous high and low signals
Edema: significant, mainly observed in the left frontal and parietal lobes, indicating significant swelling in the tissues surrounding the lesions
Necrosis: mainly concentrated in the left frontal and parietal lobes, with low signal intensity and uneven signal intensity
Ventricular compression: observed with the left lateral ventricle compressed and deformed
2026-06-28 22:01:36,828  INFO    REF  :
Lesion area: the left parietal lobe with a mix of high and low signals, exhibiting an uneven signal pattern and spotty high-signal areas, suggesting multiple lesions
Edema: mainly located around the left parietal lobe with notable swelling and moderate extent, affecting some adjacent tissues
Necrosis: some low-signal areas concentrated in the central region of the lesions with a mixed signal appearance, with some regions accompanying high-signal edges, suggesting progressive
necrosis
Ventricular compression: not observed
2026-06-28 22:01:36,828  INFO  ============================================================
2026-06-28 22:01:36,829  INFO    No improvement (2/12)
2026-06-28 22:01:56,694  INFO  [clinicalt5-hoss] E 59  train=1.5557 (ppl 4.74)  val=1.4558 (ppl 4.29)  gn=1.965
2026-06-28 22:01:59,901  INFO    Content score (lesion): lobe_jacc=0.632  hemi=0.875  -> 0.753
2026-06-28 22:01:59,902  INFO  
============================================================  PREVIEW
2026-06-28 22:02:00,356  INFO  
  Case : BraTS20_Training_064
2026-06-28 22:02:00,356  INFO    PRED :
Lesion area: the right frontal and parietal lobes with a mixture of heterogeneous high and low signals, with patchy high signal areas
Edema: significant, mainly observed in the right frontal and parietal lobes, indicating significant swelling in the tissues surrounding the lesions
Necrosis: mainly concentrated in the right frontal and parietal lobes, with mixed high and low signals, indicating a lack of signal intensity
Ventricular compression: observed with the right lateral ventricle compressed and deformed
2026-06-28 22:02:00,356  INFO    REF  :
Lesion area: the right frontal and parietal lobes with mixed signals of varying intensity and patchy high-signal areas
Edema: located around the right frontal and parietal lobe regions with pronounced high-signal areas, indicating significant swelling in the tissues surrounding the lesions
Necrosis: mainly at the center of the lesions in the right frontal lobe region with lower signal intensity and higher heterogeneity
Ventricular compression: indicated by the right ventricle being narrowed, suggesting compression
2026-06-28 22:02:00,802  INFO  
  Case : BraTS20_Training_259
2026-06-28 22:02:00,802  INFO    PRED :
Lesion area: the right frontal and parietal lobes with a mixture of heterogeneous high and low signals, with patchy high signal areas
Edema: significant, mainly observed in the right frontal and parietal lobes, indicating significant swelling in the tissues surrounding the lesions
Necrosis: mainly concentrated in the right frontal and parietal lobes, with low signal intensity and uneven distribution
Ventricular compression: observed with the right lateral ventricle compressed and deformed
2026-06-28 22:02:00,802  INFO    REF  :
Lesion area: the right cerebral region, including the frontal lobe and part of the parietal lobe, with mixed high and low signals and patchy high signal areas
Edema: significant, observed in the right frontal lobe area and parts of the parietal lobe with relatively high intensity, extending over a considerable area
Necrosis: potential, identified in the high-intensity signal region of the right frontal lobe with highly uneven signal intensity, suggesting necrotic tissue more concentrated in the mid to posterior part of the right cerebrum
Ventricular compression: present, with the right ventricle compressed and deformed, indicating pressure exertion by the lesion
2026-06-28 22:02:00,802  INFO  ============================================================
2026-06-28 22:02:00,802  INFO    No improvement (3/12)
2026-06-28 22:02:20,659  INFO  [clinicalt5-hoss] E 60  train=1.5591 (ppl 4.75)  val=1.4513 (ppl 4.27)  gn=2.000
2026-06-28 22:02:23,813  INFO    Content score (lesion): lobe_jacc=0.559  hemi=0.917  -> 0.738
2026-06-28 22:02:26,417  INFO    Hemisphere quick-check (lesion field): 18/20 = 90.0%
2026-06-28 22:02:30,787  INFO    Within-report distinctness: collapse=0%  distinct_ratio=1.00  (0.25=full collapse, 1.0=all differ)
2026-06-28 22:02:33,407  INFO    Cross-patient[lesion]: 4/20 unique = 0.20  (1.0=all differ, low=TEMPLATE COLLAPSE)
2026-06-28 22:02:35,990  INFO    Cross-patient[necrosis]: 10/20 unique = 0.50  (1.0=all differ, low=TEMPLATE COLLAPSE)
2026-06-28 22:02:35,991  INFO  
============================================================  PREVIEW
2026-06-28 22:02:36,433  INFO  
  Case : BraTS20_Training_176
2026-06-28 22:02:36,434  INFO    PRED :
Lesion area: the right frontal and parietal lobes with a mixture of heterogeneous high and low signals
Edema: significant, mainly observed in the right frontal and parietal lobes, indicating significant swelling in the tissues surrounding the lesions
Necrosis: mainly concentrated in the right frontal and parietal lobes, with mixed signal intensity and uneven signal intensity
Ventricular compression: observed with the right lateral ventricle compressed and deformed
2026-06-28 22:02:36,434  INFO    REF  :
Lesion area: the right frontal and parietal lobes with multiple heterogeneous signal intensities, including high signal, iso-signal, and speckled high signal areas
Edema: significant, primarily observed in the right frontal and parietal lobes, with surrounding tissue swollen to a large extent around the lesion area, indicated by high signal intensity
Necrosis: mainly concentrated at the center of the lesion, manifested as mixed low signal regions, primarily located at the center of the lesion in the right parietal lobe, surrounded by high signal areas
Ventricular compression: evident, with compression on the right ventricle suggesting a certain degree of pressure exerted by the lesion area
2026-06-28 22:02:36,872  INFO  
  Case : BraTS20_Training_023
2026-06-28 22:02:36,872  INFO    PRED :
Lesion area: the left frontal and parietal lobes with a mixture of heterogeneous high and low signals
Edema: significant, mainly observed in the left parietal and frontal lobes, indicating significant swelling in the tissues surrounding the lesions
Necrosis: mainly concentrated in the left parietal and occipital lobes, with a mixture of uneven high and low signals
Ventricular compression: observed with the left lateral ventricle compressed and deformed
2026-06-28 22:02:36,872  INFO    REF  :
Lesion area: the left frontal and parietal lobes with multiple mixed high and low signal areas and speckled high signal regions, distributed unevenly with indistinct boundaries
Edema: significant with notable swelling in the tissue around the lesions, surrounding the left frontal and parietal lobes and affecting the normal brain tissue around these areas
Necrosis: observed in the central part of the lesion area as a large low signal region, mainly concentrated within the right frontal lobe
Ventricular compression: observed as the left lateral ventricle is noticeably compressed and deformed, consistent with the location of the lesions, suggesting a certain degree of compression effect on the ventricles caused by the lesions
2026-06-28 22:02:36,872  INFO  ============================================================
2026-06-28 22:02:36,872  INFO    No improvement (4/12)
2026-06-28 22:02:56,746  INFO  [clinicalt5-hoss] E 61  train=1.5513 (ppl 4.72)  val=1.4553 (ppl 4.29)  gn=1.942
2026-06-28 22:02:59,913  INFO    Content score (lesion): lobe_jacc=0.670  hemi=0.875  -> 0.773
2026-06-28 22:02:59,914  INFO  
============================================================  PREVIEW
2026-06-28 22:03:00,379  INFO  
  Case : BraTS20_Training_305
2026-06-28 22:03:00,379  INFO    PRED :
Lesion area: the right frontal and parietal lobes of the brain with a mixture of heterogeneous high and low signals
Edema: significant, mainly observed in the right frontal and parietal lobes, indicating significant swelling in the tissues surrounding the lesions
Necrosis: mainly concentrated in the right frontal and parietal lobes, with mixed signal intensity and low signal intensity
Ventricular compression: observed with the right lateral ventricle compressed and deformed
2026-06-28 22:03:00,379  INFO    REF  :
Lesion area: the right cerebral hemisphere, particularly the parietal and occipital lobes, with a mix of heterogeneous high and low signals, along with speckled high-signal areas
Edema: notable high-signal areas surrounding the lesions mainly concentrated in the right parietal and occipital lobes, with significant swelling of the surrounding tissues, covering a large area
Necrosis: some low-signal areas with uneven signal intensity, with some areas exhibiting extremely low signals, both concentrated and somewhat dispersed
Ventricular compression: the right ventricle subjected to varying degrees of compression, resulting in slight deformation
2026-06-28 22:03:00,828  INFO  
  Case : BraTS20_Training_006
2026-06-28 22:03:00,828  INFO    PRED :
Lesion area: the left frontal and parietal lobes with a mixture of heterogeneous high and low signals
Edema: significant, mainly observed in the left frontal and parietal lobes, indicating significant swelling in the tissues surrounding the lesions
Necrosis: mainly concentrated in the left parietal and frontal lobes, with mixed signal intensity and uneven signal intensity
Ventricular compression: observed with the left lateral ventricle compressed and deformed
2026-06-28 22:03:00,828  INFO    REF  :
Lesion area: the left frontal and parietal lobes with a mixed signal characterized by spotty high-signal areas on the Flair modality
Edema: significant with high signals, suggesting marked swelling in the left frontal and parietal lobes, indicating a fairly extensive range of
edema
Necrosis: observed with low signals in the central parts of the lesions, showing a high degree of heterogeneity, distributed mainly in the left frontal and parietal lobe lesions
Ventricular compression: observed with noticeable reduction and deformation of the left ventricle and relative enlargement of the right ventricle
2026-06-28 22:03:00,828  INFO  ============================================================
2026-06-28 22:03:00,828  INFO    No improvement (5/12)
2026-06-28 22:03:20,683  INFO  [clinicalt5-hoss] E 62  train=1.5534 (ppl 4.73)  val=1.4449 (ppl 4.24)  gn=1.939
2026-06-28 22:03:23,872  INFO    Content score (lesion): lobe_jacc=0.632  hemi=0.917  -> 0.774
2026-06-28 22:03:23,873  INFO  
============================================================  PREVIEW
2026-06-28 22:03:24,301  INFO  
  Case : BraTS20_Training_110
2026-06-28 22:03:24,301  INFO    PRED :
Lesion area: the left frontal and parietal lobes with a mixture of heterogeneous high and low signals and speckled high signal areas
Edema: significant, mainly observed in the left frontal and parietal lobes, indicating significant swelling in the tissues surrounding the lesions
Necrosis: mainly concentrated in the left parietal and frontal lobes, with low signal intensity and a mixture of high and low signals
Ventricular compression: observed with the left lateral ventricle compressed and deformed
2026-06-28 22:03:24,301  INFO    REF  :
Lesion area: the left frontal and occipital lobes with mixed heterogeneous signals and patchy high-signal regions
Edema: significant, primarily observed in the left parietal and frontal lobes, exhibiting considerable swelling and an extensive
edema range
Necrosis: not observed
Ventricular compression: relatively apparent, indicating that the lesion exerts a compressive effect on the ventricles
2026-06-28 22:03:24,735  INFO  
  Case : BraTS20_Training_095
2026-06-28 22:03:24,735  INFO    PRED :
Lesion area: the right frontal and parietal lobes with a mixture of heterogeneous high and low signals
Edema: significant, mainly observed in the right frontal and parietal lobes, indicating significant swelling in the tissues surrounding the lesions
Necrosis: mainly concentrated in the central part of the left parietal and frontal lobes, with mixed signal intensity and uneven signal intensity
Ventricular compression: observed with the left lateral ventricle compressed and deformed
2026-06-28 22:03:24,735  INFO    REF  :
Lesion area: the white matter of both cerebral hemispheres, especially in the bilateral frontal and parietal regions, with mixed high and low heterogeneous signals
Edema: mainly observed in the white matter areas of the frontal and parietal lobes, presenting as diffuse high signals, indicating significant swelling in the surrounding tissue of the lesions. The
edema is extensive, spreading across the entire cerebral hemisphere
Necrosis: suggested by some low-signal areas, appearing as mixed signals, mainly concentrated in the central regions of the high-signal lesions. The necrotic areas are relatively concentrated but also show some localized dispersion
Ventricular compression: partially compressed, particularly evident in the right lateral
ventricular body region
2026-06-28 22:03:24,735  INFO  ============================================================
2026-06-28 22:03:24,735  INFO    No improvement (6/12)
2026-06-28 22:03:44,618  INFO  [clinicalt5-hoss] E 63  train=1.5443 (ppl 4.68)  val=1.4454 (ppl 4.24)  gn=1.943
2026-06-28 22:03:47,767  INFO    Content score (lesion): lobe_jacc=0.618  hemi=0.917  -> 0.767
2026-06-28 22:03:47,768  INFO  
============================================================  PREVIEW
2026-06-28 22:03:48,235  INFO  
  Case : BraTS20_Training_233
2026-06-28 22:03:48,235  INFO    PRED :
Lesion area: the left frontal and parietal lobes with a mixture of heterogeneous high and low signals
Edema: significant, mainly observed in the left frontal and parietal lobes, indicating significant swelling in the tissues surrounding the lesions
Necrosis: mainly concentrated in the left parietal and occipital lobes, with a mixture of uneven high and low signals
Ventricular compression: observed with the left lateral ventricle compressed and deformed
2026-06-28 22:03:48,235  INFO    REF  :
Lesion area: the left temporal and occipital lobes with a mixture of heterogeneous high and low signals, with spotted high signal characteristics
Edema: mainly concentrated near the left temporal lobe region and around the occipital lobe with homogeneous or heterogeneous high signals, indicating significant swelling of the surrounding tissues in these areas, with a considerable range of
edema
Necrosis: present within the left occipital and temporal lobes, showing low signal areas intermixed with some high signal zones in the overall imaging
Ventricular compression: not observed
2026-06-28 22:03:48,701  INFO  
  Case : BraTS20_Training_203
2026-06-28 22:03:48,701  INFO    PRED :
Lesion area: the left frontal and parietal lobes with a mixture of heterogeneous high and low signals
Edema: significant, mainly observed in the left frontal and parietal lobes, indicating significant swelling in the tissues surrounding the lesions
Necrosis: mainly concentrated in the left frontal and parietal lobes, with a mixture of uneven high and low signals
Ventricular compression: observed with the left lateral ventricle compressed and deformed
2026-06-28 22:03:48,701  INFO    REF  :
Lesion area: the left hemisphere, especially in the left frontal and temporal lobes with mixed signals with irregular high and low intensities along with patchy high signal areas, indicating multiple lesions
Edema: observed around the lesions in the left hemisphere, particularly surrounding the left frontal and temporal lobes, a prominent high-signal
edema region is observed. The extent of the
edema is considerable, indicating significant swelling of tissues around the lesions
Necrosis: within the lesion area, several low-signal regions are visible, suggesting the possible presence of
necrosis. These necrotic areas are intermingled with high-signal regions and present an irregular shape, scattered within the lesion areas of the left frontal and temporal lobes
Ventricular compression: the left ventricle is compressed and deformed, suggesting strong compression of the left brain tissues and ventricle by the lesion
2026-06-28 22:03:48,701  INFO  ============================================================
2026-06-28 22:03:48,701  INFO    No improvement (7/12)
2026-06-28 22:04:08,552  INFO  [clinicalt5-hoss] E 64  train=1.5387 (ppl 4.66)  val=1.4446 (ppl 4.24)  gn=2.114
2026-06-28 22:04:11,681  INFO    Content score (lesion): lobe_jacc=0.681  hemi=0.917  -> 0.799
2026-06-28 22:04:11,682  INFO  
============================================================  PREVIEW
2026-06-28 22:04:12,129  INFO  
  Case : BraTS20_Training_313
2026-06-28 22:04:12,129  INFO    PRED :
Lesion area: the right frontal and parietal lobes with a mixture of heterogeneous high and low signals
Edema: significant, mainly observed in the right frontal and parietal lobes, indicating significant swelling in the tissues surrounding the lesions
Necrosis: mainly concentrated in the right frontal and parietal lobes, with low signal intensity and a mixture of mixed high and low signals
Ventricular compression: observed with the right lateral ventricle compressed and deformed
2026-06-28 22:04:12,129  INFO    REF  :
Lesion area: the right frontal and parietal regions with a mix of heterogeneous high and low signals and speckled high-signal areas
Edema: significant, with extensive high-signal regions occupying large portions of the right frontal and parietal lobes
Necrosis: observed with low-signal areas, especially concentrated in the right parietal region, exhibiting signal heterogeneity
Ventricular compression: noticeable on the right lateral ventricle, which appears narrowed
2026-06-28 22:04:12,574  INFO  
  Case : BraTS20_Training_346
2026-06-28 22:04:12,574  INFO    PRED :
Lesion area: the right frontal and parietal lobes with a mixture of heterogeneous high and low signals
Edema: significant, mainly observed in the right frontal and parietal lobes, indicating significant swelling in the tissues surrounding the lesions
Necrosis: mainly concentrated in the right frontal and parietal lobes, characterized by low signal intensity and uneven signal intensity
Ventricular compression: observed with the right lateral ventricle compressed and deformed
2026-06-28 22:04:12,574  INFO    REF  :
Lesion area: the left parietal and temporal lobes with mixed high-signal areas with spotty high signals inside
Edema: particularly around the left parietal and temporal lobe regions, indicating increased swelling in these areas
Necrosis: within the lesion area as low-signal regions, presenting as mixed high and low signals internally, primarily concentrated in the central region of the lesion
Ventricular compression: observed, as the left ventricle is noticeably compressed and deformed, indicating significant compressive effects on the ventricles due to the lesions
2026-06-28 22:04:12,574  INFO  ============================================================
2026-06-28 22:04:12,574  INFO    No improvement (8/12)
2026-06-28 22:04:32,425  INFO  [clinicalt5-hoss] E 65  train=1.5450 (ppl 4.69)  val=1.4415 (ppl 4.23)  gn=2.053
2026-06-28 22:04:35,711  INFO    Content score (lesion): lobe_jacc=0.625  hemi=1.000  -> 0.812
2026-06-28 22:04:38,423  INFO    Hemisphere quick-check (lesion field): 18/20 = 90.0%
2026-06-28 22:04:42,988  INFO    Within-report distinctness: collapse=0%  distinct_ratio=1.00  (0.25=full collapse, 1.0=all differ)
2026-06-28 22:04:45,686  INFO    Cross-patient[lesion]: 5/20 unique = 0.25  (1.0=all differ, low=TEMPLATE COLLAPSE)
2026-06-28 22:04:48,307  INFO    Cross-patient[necrosis]: 12/20 unique = 0.60  (1.0=all differ, low=TEMPLATE COLLAPSE)
2026-06-28 22:04:48,308  INFO  
============================================================  PREVIEW
2026-06-28 22:04:48,755  INFO  
  Case : BraTS20_Training_115
2026-06-28 22:04:48,755  INFO    PRED :
Lesion area: the right frontal and parietal lobes with a mixture of heterogeneous high and low signals
Edema: significant, mainly observed in the right frontal and parietal lobes, indicating significant swelling in the tissues surrounding the lesions
Necrosis: mainly concentrated in the right parietal and frontal lobes, with low signal intensity and a mixture of mixed high and low signals
Ventricular compression: observed with the right lateral ventricle compressed and deformed
2026-06-28 22:04:48,755  INFO    REF  :
Lesion area: the right frontal and parietal lobes with a mixture of heterogeneous high and low signals and speckled high-signal areas
Edema: extensive, visible around the lesions in the parietal and frontal lobes, primarily in the right frontal and parietal regions, extending to the adjacent ventricles
Necrosis: detected in the lesion area of the parietal lobe, presenting as heterogeneous low signals and mixed high signals
Ventricular compression: observed, indicated by pressure on the adjacent ventricles with slight morphological changes
2026-06-28 22:04:49,226  INFO  
  Case : BraTS20_Training_073
2026-06-28 22:04:49,226  INFO    PRED :
Lesion area: the left parietal and occipital lobes with a mixture of heterogeneous high and low signals
Edema: significant, mainly observed in the left parietal and occipital lobes, indicating significant swelling in the tissues surrounding the lesions
Necrosis: mainly concentrated in the left parietal and occipital lobes, characterized by low signal intensity and scattered low signal areas
Ventricular compression: observed with the left lateral ventricle compressed and deformed
2026-06-28 22:04:49,226  INFO    REF  :
Lesion area: the left frontal lobe of the brain with mixed signals of varying intensity and speckled high-signal areas
Edema: observed in the left parietal and frontal regions with high intensity, indicating pronounced swelling around the lesions
Necrosis: observed near the left parietal and frontal lobes, exhibiting mixed signal intensity with some scattered high-signal regions
Ventricular compression: noticeable in the left frontal and parietal areas, with the ventricles becoming deformed
2026-06-28 22:04:49,226  INFO  ============================================================
2026-06-28 22:04:49,227  INFO    No improvement (9/12)
2026-06-28 22:05:09,007  INFO  [clinicalt5-hoss] E 66  train=1.5307 (ppl 4.62)  val=1.4357 (ppl 4.20)  gn=1.992
2026-06-28 22:05:12,111  INFO    Content score (lesion): lobe_jacc=0.667  hemi=0.875  -> 0.771
2026-06-28 22:05:12,112  INFO  
============================================================  PREVIEW
2026-06-28 22:05:12,562  INFO  
  Case : BraTS20_Training_094
2026-06-28 22:05:12,563  INFO    PRED :
Lesion area: the left temporal and parietal lobes with a mixture of heterogeneous high and low signals
Edema: significant, mainly observed in the left temporal and parietal lobes, indicating significant swelling in the tissues surrounding the lesions
Necrosis: mainly concentrated in the left temporal and parietal lobes, with mixed signals of mixed high and low signals
Ventricular compression: observed with the left lateral ventricle compressed and deformed
2026-06-28 22:05:12,563  INFO    REF  :
Lesion area: the left parietal and occipital lobes with heterogeneous mixed signals with spotty high signals
Edema: significant, mainly observed in the left parietal and occipital lobes, with high signal intensity and substantial extent overlapping with lesion areas
Necrosis: observed with low signal intensity mixed with high signal spots, mainly concentrated and scattered in the left parietal and occipital lobes
Ventricular compression: pronounced, especially under the influence of lesions in the left parietal and occipital regions
2026-06-28 22:05:13,015  INFO  
  Case : BraTS20_Training_091
2026-06-28 22:05:13,015  INFO    PRED :
Lesion area: the left frontal and parietal lobes with a mixture of heterogeneous high and low signals
Edema: significant, mainly observed in the left parietal and occipital lobes, indicating significant swelling in the tissues surrounding the lesions
Necrosis: mainly concentrated in the left parietal and occipital lobes, characterized by low signal intensity and uneven signal intensity
Ventricular compression: observed with the left lateral ventricle compressed and deformed
2026-06-28 22:05:13,015  INFO    REF  :
Lesion area: the left hemisphere, especially in the left frontal and temporal lobes, with a mixture of irregular high and low signals, as well as spotty high signal regions
Edema: a high-signal region observable, mainly seen in the left frontal and temporal lobes, indicating significant swelling and a large area of
edema
Necrosis: within the lesion area with mixed signals, particularly within the high-signal area of the left frontal lobe, suggesting possible necrotic regions with a concentrated distribution and uneven signal characteristics
Ventricular compression: in the left ventricle, which appears compressed and deformed with an irregular shape
2026-06-28 22:05:13,015  INFO  ============================================================
2026-06-28 22:05:13,015  INFO    No improvement (10/12)
2026-06-28 22:05:32,843  INFO  [clinicalt5-hoss] E 67  train=1.5199 (ppl 4.57)  val=1.4347 (ppl 4.20)  gn=1.964
2026-06-28 22:05:36,028  INFO    Content score (lesion): lobe_jacc=0.451  hemi=0.917  -> 0.684
2026-06-28 22:05:36,029  INFO  
============================================================  PREVIEW
2026-06-28 22:05:36,474  INFO  
  Case : BraTS20_Training_127
2026-06-28 22:05:36,474  INFO    PRED :
Lesion area: the left frontal and parietal lobes with a mixture of heterogeneous high and low signals, with speckled high signal areas
Edema: significant, mainly observed in the left frontal and parietal lobes, indicating significant swelling in the tissues surrounding the lesions
Necrosis: mainly concentrated in the left parietal and occipital lobes, characterized by low signal intensity and scattered low signal areas
Ventricular compression: observed with the left lateral ventricle compressed and deformed
2026-06-28 22:05:36,474  INFO    REF  :
Lesion area: the left frontal lobe and part of the temporal lobe, exhibiting a higher signal; some regions display mixed signals with distinct speckled high-signal areas, suggesting the possible presence of multiple lesions
Edema: significant in the left frontal and temporal lobe areas, appearing as diffusely high signals
Necrosis: potentially indicated by some low-signal areas in the left parietal lobe, which demonstrate uneven signals, with some regions mixed with other signals
Ventricular compression: slight, with the left lateral ventricle showing some degree of deformation
2026-06-28 22:05:36,915  INFO  
  Case : BraTS20_Training_083
2026-06-28 22:05:36,915  INFO    PRED :
Lesion area: the left frontal and parietal lobes with a mixture of heterogeneous high and low signals
Edema: significant, mainly observed in the left frontal and parietal lobes, indicating significant swelling in the tissues surrounding the lesions
Necrosis: mainly concentrated in the left parietal and occipital lobes, with low signal intensity and uneven signal intensity
Ventricular compression: observed with the left lateral ventricle compressed and deformed
2026-06-28 22:05:36,915  INFO    REF  :
Lesion area: the left parietal lobe and left temporal lobe with a mixed signal of uneven highs and lows with spotted high signal areas, suggesting the presence of multiple lesions
Edema: mainly present around the lesion areas, particularly in the left parietal lobe and the lateral parts of the left temporal lobe, displaying significantly high signal intensity, with a relatively large range of
edema
Necrosis: suggested by irregular regions predominantly showing low signals within the lesion areas, with a higher concentration near infection points in the local left parietal and left temporal lobes
Ventricular compression: observed with the left lateral ventricle compressed and deformed, with the frontal horn narrowed; the third ventricle is displaced
2026-06-28 22:05:36,915  INFO  ============================================================
2026-06-28 22:05:36,915  INFO    No improvement (11/12)
2026-06-28 22:05:56,782  INFO  [clinicalt5-hoss] E 68  train=1.5205 (ppl 4.57)  val=1.4345 (ppl 4.20)  gn=1.939
2026-06-28 22:05:59,999  INFO    Content score (lesion): lobe_jacc=0.625  hemi=0.917  -> 0.771
2026-06-28 22:06:00,001  INFO  
============================================================  PREVIEW
2026-06-28 22:06:00,444  INFO  
  Case : BraTS20_Training_230
2026-06-28 22:06:00,444  INFO    PRED :
Lesion area: the left frontal and parietal lobes with a mixture of heterogeneous high and low signals
Edema: significant, mainly observed in the left frontal and parietal lobes, indicating significant swelling in the tissues surrounding the lesions
Necrosis: mainly concentrated in the left parietal and frontal lobes, with low signal intensity and a mixture of mixed high and low signals
Ventricular compression: observed with the left lateral ventricle compressed and deformed
2026-06-28 22:06:00,444  INFO    REF  :
Lesion area: the left hemisphere, particularly in the parietal lobe region, with a mixture of heterogeneous high and low signals with spotted high-signal areas
Edema: in the parietal lobe region, prominent with significant
edema signals appearing as high signals, suggesting a considerable degree of swelling in the surrounding tissues, with a broad range of
edema
Necrosis: within the lesion area, showing low signals indicating possible necrotic regions with mixed signals and are relatively evenly distributed
Ventricular compression: clear compression of the left ventricle, suggesting a strong compressive effect on the brain tissue and ventricles
2026-06-28 22:06:00,888  INFO  
  Case : BraTS20_Training_348
2026-06-28 22:06:00,888  INFO    PRED :
Lesion area: the left frontal and parietal lobes with a mixture of heterogeneous high and low signals
Edema: significant, mainly observed in the left frontal and parietal lobes, indicating significant swelling in the tissues surrounding the lesions
Necrosis: mainly concentrated in the left parietal and frontal lobes, characterized by low signal intensity, exhibiting mixed signals
Ventricular compression: observed with the left lateral ventricle compressed and deformed
2026-06-28 22:06:00,888  INFO    REF  :
Lesion area: the left hemisphere, particularly in the left parietal and frontal lobe regions, with a mix of heterogeneous signals, including multiple spot-like high signal areas
Edema: indicated by significant high signal areas around the lesions in the left hemisphere, primarily concentrated in the left parietal and frontal lobe regions, and is extensive, enveloping multiple lesion sites
Necrosis: in the region near the center of the lesion in the left parietal lobe, with a low signal area indicative of possible necrotic tissue
Ventricular compression: observed as the left lateral ventricle is compressed and slightly deformed
2026-06-28 22:06:00,888  INFO  ============================================================
2026-06-28 22:06:00,888  INFO    No improvement (12/12)
2026-06-28 22:06:00,888  INFO  Early stopping.
2026-06-28 22:06:00,889  INFO  [clinicalt5-hoss] done in 30.3 min. Best val=1.4677 at epoch 56 (content=0.821)
2026-06-28 22:06:00,926  INFO  
>>> Run 4/6  (elapsed: 85.7 min)
2026-06-28 22:06:00,927  INFO  
######################################################################
2026-06-28 22:06:00,927  INFO  # Training model: clinicalt5-hoss-aug  (hossboll/clinical-t5)
2026-06-28 22:06:00,927  INFO  #   augment=True  aug_preset=tuned  p_swap=0.15  p_shuffle=0.5  shuffle_mode=banded
2026-06-28 22:06:00,927  INFO  #   LoRA r=32  targets=['q', 'v', 'o', 'wi', 'wi_0', 'wi_1', 'wo']  (widen=True)
2026-06-28 22:06:00,927  INFO  #   lobe_rollup=True  select_metric=content
2026-06-28 22:06:00,927  INFO  #   max_input=640  max_target=160
2026-06-28 22:06:00,927  INFO  ######################################################################
2026-06-28 22:06:00,928  INFO  Cases  -> train 294 | val 74
2026-06-28 22:06:00,928  INFO  Examples (x4 fields) -> train 1176 | val 296
2026-06-28 22:06:01,100  INFO  HTTP Request: HEAD https://huggingface.co/hossboll/clinical-t5/resolve/main/config.json "HTTP/1.1 307 Temporary Redirect"
2026-06-28 22:06:01,135  INFO  HTTP Request: HEAD https://huggingface.co/api/resolve-cache/models/hossboll/clinical-t5/c092f34a776c3969d4d86c0ad6f282668280fbf2/config.json "HTTP/1.1 200 OK"
2026-06-28 22:06:01,218  INFO  HTTP Request: HEAD https://huggingface.co/hossboll/clinical-t5/resolve/main/tokenizer_config.json "HTTP/1.1 307 Temporary Redirect"
2026-06-28 22:06:01,327  INFO  HTTP Request: HEAD https://huggingface.co/api/resolve-cache/models/hossboll/clinical-t5/c092f34a776c3969d4d86c0ad6f282668280fbf2/tokenizer_config.json "HTTP/1.1 200 OK"
2026-06-28 22:06:01,586  INFO  HTTP Request: GET https://huggingface.co/api/models/hossboll/clinical-t5/tree/main/additional_chat_templates?recursive=false&expand=false "HTTP/1.1 404 Not Found"
2026-06-28 22:06:01,679  INFO  HTTP Request: GET https://huggingface.co/api/models/hossboll/clinical-t5/tree/main?recursive=true&expand=false "HTTP/1.1 200 OK"
2026-06-28 22:06:01,842  INFO  HTTP Request: HEAD https://huggingface.co/hossboll/clinical-t5/resolve/main/config.json "HTTP/1.1 307 Temporary Redirect"
2026-06-28 22:06:01,878  INFO  HTTP Request: HEAD https://huggingface.co/api/resolve-cache/models/hossboll/clinical-t5/c092f34a776c3969d4d86c0ad6f282668280fbf2/config.json "HTTP/1.1 200 OK"
2026-06-28 22:06:02,013  INFO  HTTP Request: HEAD https://huggingface.co/hossboll/clinical-t5/resolve/main/config.json "HTTP/1.1 307 Temporary Redirect"
2026-06-28 22:06:02,048  INFO  HTTP Request: HEAD https://huggingface.co/api/resolve-cache/models/hossboll/clinical-t5/c092f34a776c3969d4d86c0ad6f282668280fbf2/config.json "HTTP/1.1 200 OK"
2026-06-28 22:06:02,130  INFO  HTTP Request: HEAD https://huggingface.co/hossboll/clinical-t5/resolve/main/model.safetensors "HTTP/1.1 404 Not Found"
2026-06-28 22:06:02,205  INFO  HTTP Request: GET https://huggingface.co/api/models/hossboll/clinical-t5 "HTTP/1.1 200 OK"
2026-06-28 22:06:02,305  INFO  HTTP Request: HEAD https://huggingface.co/hossboll/clinical-t5/resolve/main/generation_config.json "HTTP/1.1 307 Temporary Redirect"
2026-06-28 22:06:02,315  INFO  HTTP Request: GET https://huggingface.co/api/models/hossboll/clinical-t5/commits/main "HTTP/1.1 200 OK"
2026-06-28 22:06:02,366  INFO  HTTP Request: HEAD https://huggingface.co/api/resolve-cache/models/hossboll/clinical-t5/c092f34a776c3969d4d86c0ad6f282668280fbf2/generation_config.json "HTTP/1.1 200 OK"
2026-06-28 22:06:02,403  INFO  HTTP Request: GET https://huggingface.co/api/models/hossboll/clinical-t5/discussions?p=0 "HTTP/1.1 200 OK"
2026-06-28 22:06:02,442  INFO  Using LR: 3e-05  |  label_smoothing: 0.1
2026-06-28 22:06:02,519  INFO  HTTP Request: GET https://huggingface.co/api/models/hossboll/clinical-t5/commits/refs%2Fpr%2F1 "HTTP/1.1 200 OK"
2026-06-28 22:06:02,602  INFO  HTTP Request: HEAD https://huggingface.co/hossboll/clinical-t5/resolve/refs%2Fpr%2F1/model.safetensors.index.json "HTTP/1.1 404 Not Found"
2026-06-28 22:06:02,686  INFO  HTTP Request: HEAD https://huggingface.co/hossboll/clinical-t5/resolve/refs%2Fpr%2F1/model.safetensors "HTTP/1.1 302 Found"
2026-06-28 22:06:24,854  INFO  [clinicalt5-hoss-aug] E  1  train=5.0315 (ppl 153.16)  val=4.9901 (ppl 146.95)  gn=1.517
2026-06-28 22:06:34,079  INFO    Content score (lesion): lobe_jacc=0.329  hemi=0.375  -> 0.352
2026-06-28 22:06:34,081  INFO  
============================================================  PREVIEW
2026-06-28 22:06:35,260  INFO  
  Case : BraTS20_Training_057
2026-06-28 22:06:35,260  INFO    PRED :
Lesion area: : BILATERAL Lobe involvement: other 49%, frontal 41%, parietal 9%, subcortical 1%, occipital
Edema: :: Where is the EDEMA located and how extensive is it? Use only the atlas matrix below. Answer in ONE concise line.
Necrosis: : Describe the NECROSIS (location and signal), if there is none, answer 'not observed'. Use only the atlas matrix below. Answer in ONE concise line.
Ventricular compression: , answer 'not observed'. Use only the atlas matrix below. Answer in ONE concise line.
2026-06-28 22:06:35,261  INFO    REF  :
Lesion area: the left frontal lobe with mixed signals of varying intensities and spot-like high signal areas
Edema: extensive, affecting parts of the parietal and temporal lobes, further illustrating the severity of the lesion
Necrosis: present, with possible signs of
necrosis in the left frontal lobe, showing uneven signal intensity with low signals mixed with high signal zones
Ventricular compression: present, with the left lateral ventricle showing some compression
2026-06-28 22:06:36,404  INFO  
  Case : BraTS20_Training_230
2026-06-28 22:06:36,404  INFO    PRED :
Lesion area: : BILATERAL Lobe involvement: other 66%, frontal 25%, subcortical 5%, parietal 2%, limbic 2% Atlas involvement (values = % of that tumor compartment; * = top-5 region): ONE concise line.
Edema: :: Where is the EDEMA located and how extensive is it? Use only the atlas matrix below. Answer in ONE concise line.
Necrosis: , parietal 2%, limbic 2% Atlas involvement (values = % of that tumor compartment) left [frontal]: ET=1, TC=5, WT=8, region%=14 *- Area 6mp (SMA, lateral dorsal Nucleus), left [parietal]: EXCROSIS (location and signal), if there is none, answer 'not observed'. Use only one concise line.
Ventricular compression: : Describe any VENTRICULAR COMPRESSION (which ventricles, what deformation). If none, answer 'not observed'. Use only atlas matrix below. Answer in ONE concise line.
2026-06-28 22:06:36,404  INFO    REF  :
Lesion area: the left hemisphere, particularly in the parietal lobe region, with a mixture of heterogeneous high and low signals with spotted high-signal areas
Edema: in the parietal lobe region, prominent with significant
edema signals appearing as high signals, suggesting a considerable degree of swelling in the surrounding tissues, with a broad range of
edema
Necrosis: within the lesion area, showing low signals indicating possible necrotic regions with mixed signals and are relatively evenly distributed
Ventricular compression: clear compression of the left ventricle, suggesting a strong compressive effect on the brain tissue and ventricles
2026-06-28 22:06:36,404  INFO  ============================================================
2026-06-28 22:06:36,563  INFO  HTTP Request: HEAD https://huggingface.co/hossboll/clinical-t5/resolve/main/config.json "HTTP/1.1 307 Temporary Redirect"
2026-06-28 22:06:36,597  INFO  HTTP Request: HEAD https://huggingface.co/api/resolve-cache/models/hossboll/clinical-t5/c092f34a776c3969d4d86c0ad6f282668280fbf2/config.json "HTTP/1.1 200 OK"
2026-06-28 22:06:36,678  INFO  HTTP Request: HEAD https://huggingface.co/hossboll/clinical-t5/resolve/main/config.json "HTTP/1.1 307 Temporary Redirect"
2026-06-28 22:06:36,711  INFO  HTTP Request: HEAD https://huggingface.co/api/resolve-cache/models/hossboll/clinical-t5/c092f34a776c3969d4d86c0ad6f282668280fbf2/config.json "HTTP/1.1 200 OK"
2026-06-28 22:06:36,723  INFO    ✓ New best (content=0.352) → checkpoints_multi_v4/clinicalt5-hoss-aug
2026-06-28 22:06:59,179  INFO  [clinicalt5-hoss-aug] E  2  train=4.9978 (ppl 148.09)  val=4.9125 (ppl 135.98)  gn=1.606
2026-06-28 22:07:08,796  INFO    Content score (lesion): lobe_jacc=0.373  hemi=0.458  -> 0.416
2026-06-28 22:07:08,797  INFO  
============================================================  PREVIEW
2026-06-28 22:07:10,105  INFO  
  Case : BraTS20_Training_078
2026-06-28 22:07:10,105  INFO    PRED :
Lesion area: , temporal 11%, occipital 3%, subcortical 2%, insula 2% Answer in ONE concise line.
Edema: :, temporal 11%, occipital 3%, subcortical 2%, insula 2% Question: Where is the EDEMA located and how extensive is it? Use only the atlas matrix below. Answer in ONE concise line.
Necrosis: , occipital 3%, subcortical 2%, insula 2% Question: Describe the NECROSIS (location and signal). If there is none, answer 'not observed'. Use only atlas matrix below. Answer in ONE concise line.
Ventricular compression: , occipital 3%, subcortical 2%, insula 2% Question: Describe any VENTRICULAR COMPRESSION (which ventricles, what deformation). If none, answer 'not observed'. Use only the atlas matrix below. Answer in ONE concise line.
2026-06-28 22:07:10,105  INFO    REF  :
Lesion area: the right temporal and parietal lobes with a mix of heterogeneous signals, including multiple patchy high-signal areas
Edema: pronounced, mainly observed in the right temporal and parietal lobes, and spans extensively as high-signal regions, indicating significant tissue swelling
Necrosis: identified as several low-signal areas within the lesion region, possibly indicating
necrosis, with uneven signal intensity concentrated in the right temporal lobe
Ventricular compression: slightly observed
2026-06-28 22:07:11,581  INFO  
  Case : BraTS20_Training_348
2026-06-28 22:07:11,582  INFO    PRED :
Lesion area: : BILATERAL Lobe involvement: other 57%, frontal 20%, subcortical 11%, occipital 8%, parietal 4%, temporal 0% Atlas involvement (values = % of that tumor compartment; * = top-5 region): "reason": "In which lobe(s) and hemisphere is the tumor LESION, and what are its signal characteristics?
Edema: :: Where is the EDEMA located and how extensive is it? Use only the atlas matrix below. Answer in ONE concise line.
Necrosis: , occipital 8%, parietal 4%, temporal 0% Atlas involvement (values = % of that tumor compartment; * = top-5 region): - WM/unassigned [other]: BraTS20_Training_348 Dominant hemisphere: BILATERAL Lobe involvement
Ventricular compression: , answer 'not observed'. Use only the atlas matrix below. Answer in ONE concise line.
2026-06-28 22:07:11,582  INFO    REF  :
Lesion area: the left hemisphere, particularly in the left parietal and frontal lobe regions, with a mix of heterogeneous signals, including multiple spot-like high signal areas
Edema: indicated by significant high signal areas around the lesions in the left hemisphere, primarily concentrated in the left parietal and frontal lobe regions, and is extensive, enveloping multiple lesion sites
Necrosis: in the region near the center of the lesion in the left parietal lobe, with a low signal area indicative of possible necrotic tissue
Ventricular compression: observed as the left lateral ventricle is compressed and slightly deformed
2026-06-28 22:07:11,582  INFO  ============================================================
2026-06-28 22:07:11,747  INFO  HTTP Request: HEAD https://huggingface.co/hossboll/clinical-t5/resolve/main/config.json "HTTP/1.1 307 Temporary Redirect"
2026-06-28 22:07:11,783  INFO  HTTP Request: HEAD https://huggingface.co/api/resolve-cache/models/hossboll/clinical-t5/c092f34a776c3969d4d86c0ad6f282668280fbf2/config.json "HTTP/1.1 200 OK"
2026-06-28 22:07:11,860  INFO  HTTP Request: HEAD https://huggingface.co/hossboll/clinical-t5/resolve/main/config.json "HTTP/1.1 307 Temporary Redirect"
2026-06-28 22:07:11,895  INFO  HTTP Request: HEAD https://huggingface.co/api/resolve-cache/models/hossboll/clinical-t5/c092f34a776c3969d4d86c0ad6f282668280fbf2/config.json "HTTP/1.1 200 OK"
2026-06-28 22:07:11,915  INFO    ✓ New best (content=0.416) → checkpoints_multi_v4/clinicalt5-hoss-aug
2026-06-28 22:07:34,340  INFO  [clinicalt5-hoss-aug] E  3  train=4.9196 (ppl 136.94)  val=4.7409 (ppl 114.54)  gn=1.465
2026-06-28 22:07:43,464  INFO    Content score (lesion): lobe_jacc=0.458  hemi=0.542  -> 0.500
2026-06-28 22:07:43,465  INFO  
============================================================  PREVIEW
2026-06-28 22:07:44,793  INFO  
  Case : BraTS20_Training_077
2026-06-28 22:07:44,793  INFO    PRED :
Lesion area: : LEFT Lobe involvement: other 45%, temporal 26%, subcortical 16%, frontal 10%, insula 3%, parietal 1%, occipital 0% Atlas involvement (values = % of that tumor compartment; * = top-5 region): - WM/unassigned [other]: ET=1, TC=1, WT=1, region%=54 *- Rt (Thalamus, reticular Nucleus)
Edema: :: Where is the EDEMA located and how extensive is it? Use only the atlas matrix below. Answer in ONE concise line.
Necrosis: , frontal 10%, insula 3%, parietal 1%, occipital 0% Atlas involvement (values = % of that tumor compartment; * = top-5 region):
Ventricular compression: , frontal 10%, insula 3%, parietal 1%, occipital 0% Atlas involvement (values = % of that tumor compartment; * = top-5 region): "visit motivation": "Describe any VENTRICULAR COMPRESSION (which ventricles, what deformation).
2026-06-28 22:07:44,793  INFO    REF  :
Lesion area: the left frontal and parietal lobes with heterogeneous high-signal and low-signal areas, with spotted high-signal regions
Edema: prominent, primarily surrounding the lesions in the left frontal and parietal regions, with severe swelling of the tissues
Necrosis: suggested by low-signal and signal-void regions interspersed among areas of high and iso-signal, with distribution being uneven in the frontal and parietal regions
Ventricular compression: evident as mild deformation and compression of the ventricles, primarily in the left lateral ventricle
2026-06-28 22:07:46,365  INFO  
  Case : BraTS20_Training_047
2026-06-28 22:07:46,365  INFO    PRED :
Lesion area: : BILATERAL Lobe involvement: other 64%, frontal 22%, subcortical 7%, insula 5%, temporal 1%, limbic 1% Atlas involvement (values = % of that tumor compartment; * = top-5 region): - WM/unassigned [other]: ET=1, TC=1, WT=1, region%=34 *- FuP (Ventral Striatum, Fundus of Putamen), right [frontal
Edema: :: Where is the EDEMA located and how extensive is it? Use only the atlas matrix below. Answer in ONE concise line. Atlas matrix for one patient: Patient: BraTS20_Training_047 Dominant hemisphere: BILATERAL Lobe involvement: other 64%, frontal 22%, subcortical 7%, insula 5%, temporal 1%, limbic 1% Atlas involvement (values = % of that tumor compartment; * =
Necrosis: , temporal 1%, limbic 1% Atlas involvement (values = % of that tumor compartment) right [frontal]: ET=1, TC=1, WT=1, region%=34 *- FuP (Ventral Striatum, Fundus of Putamen), right [subcortical]: ETS20_Training_047 Dominant hemisphere: BILATERAL Lobe involvement: other 64%, frontal 22%, subcort
Ventricular compression: , temporal 1%, limbic 1% Atlas involvement (values = % of that tumor compartment; * = top-5 region): "visit motivation": "Describe any VENTRICULAR COMPRESSION (which ventricles, what deformation).
2026-06-28 22:07:46,365  INFO    REF  :
Lesion area: the bilateral frontal lobes and also involves the parietal and temporal lobes with heterogeneous signal characteristics, including mixed high and low signals and speckled high signal areas
Edema: significant, with signals mainly distributed around the lesion areas, particularly at the sites of lesions in the bilateral frontal lobes, spreading to surrounding tissues, indicating extensive swelling of tissues surrounding the lesions
Necrosis: observed with multiple low signal areas within the lesion regions, irregularly distributed and scattered throughout the lesion sites, with some areas concentrated at the core
Ventricular compression: notably observed with the right lateral ventricle appearing narrowed, indicating substantial pressure from the lesions on the ventricles
2026-06-28 22:07:46,365  INFO  ============================================================
2026-06-28 22:07:46,523  INFO  HTTP Request: HEAD https://huggingface.co/hossboll/clinical-t5/resolve/main/config.json "HTTP/1.1 307 Temporary Redirect"
2026-06-28 22:07:46,559  INFO  HTTP Request: HEAD https://huggingface.co/api/resolve-cache/models/hossboll/clinical-t5/c092f34a776c3969d4d86c0ad6f282668280fbf2/config.json "HTTP/1.1 200 OK"
2026-06-28 22:07:46,636  INFO  HTTP Request: HEAD https://huggingface.co/hossboll/clinical-t5/resolve/main/config.json "HTTP/1.1 307 Temporary Redirect"
2026-06-28 22:07:46,670  INFO  HTTP Request: HEAD https://huggingface.co/api/resolve-cache/models/hossboll/clinical-t5/c092f34a776c3969d4d86c0ad6f282668280fbf2/config.json "HTTP/1.1 200 OK"
2026-06-28 22:07:46,689  INFO    ✓ New best (content=0.500) → checkpoints_multi_v4/clinicalt5-hoss-aug
2026-06-28 22:08:08,910  INFO  [clinicalt5-hoss-aug] E  4  train=4.7573 (ppl 116.43)  val=4.4823 (ppl 88.44)  gn=1.638
2026-06-28 22:08:12,782  INFO    Content score (lesion): lobe_jacc=0.087  hemi=0.042  -> 0.064
2026-06-28 22:08:12,783  INFO  
============================================================  PREVIEW
2026-06-28 22:08:13,653  INFO  
  Case : BraTS20_Training_301
2026-06-28 22:08:13,653  INFO    PRED :
Lesion area: ONE concise line: Answer in which lobe(s) and hemisphere is the tumor LESION, and what are its signal characteristics? Use only the atlas matrix below.
Edema: "visit motivation": "Where is the EDEMA located and how extensive is it?"
Necrosis: , parietal 2%, limbic 1%, insula 0%, temporal 0% Atlas involvement (values = % of that tumor compartment; * = top-5 region) right [frontal]: ET=1, WT=1, region%=14 *- Area p24c (pACC) right[frontal], Ethnicity: BILATERAL
Ventricular compression: "visit motivation": "Describe any VENTRICULAR COMPRESSION (which ventricles, what deformation). If none, answer 'not observed'. Use only the atlas matrix below.
2026-06-28 22:08:13,653  INFO    REF  :
Lesion area: the left frontal, parietal, and temporal lobes with a mix of irregular high and low signals along with spotty high signal areas
Edema: significant, primarily located in the left parietal and frontal lobes, indicating considerable swelling of the surrounding tissues near the lesions
Necrosis: suggested by regions with abnormal signal intensity, exhibiting a mix of high and low signals, focusing on the left parietal and frontal lobes
Ventricular compression: observed as the ventricles are deformed and compressed, particularly near the parietal lobe lesion area, showing a notable impact of the lesion on the ventricles
2026-06-28 22:08:14,498  INFO  
  Case : BraTS20_Training_226
2026-06-28 22:08:14,498  INFO    PRED :
Lesion area: ONE concise line. Use only the atlas matrix below. Question: In which lobe(s) and hemisphere is the tumor LESION, and what are its signal characteristics?
Edema: "visit motivation": "Where is the EDEMA located and how extensive is it?"
Necrosis: , temporal 22%, frontal 5%, parietal 1%, occipital 0% Atlas involvement (values = % of that tumor compartment; * = top-5 region) left [subcortical]: ET=1, TC=1, WT=1, region%=55 *- SNR (Midbrain, Substantia Nigra pars reticulata), left [temporal]: Ethnicity: BILATERAL Lobe involvement:
Ventricular compression: "visit motivation": "Describe any VENTRICULAR COMPRESSION (which ventricles, what deformation). If none, answer 'not observed'.
2026-06-28 22:08:14,498  INFO    REF  :
Lesion area: the left cerebral hemisphere with mixed high and low signals, exhibiting a spotted high signal appearance, primarily concentrated in the frontal, temporal, and parietal lobes
Edema: prominent in the left frontal and temporal lobes, appearing as high signals, with significant swelling in the surrounding tissues and an extensive range involving parts of the parietal lobe
Necrosis: presenting as marked high signals mainly in the deep regions of the left frontal lobe, with some extension into the temporal lobe, exhibiting mixed signal intensity with high and low signal spots
Ventricular compression: with the ventricles compressed, the left ventricle notably smaller than the right
2026-06-28 22:08:14,498  INFO  ============================================================
2026-06-28 22:08:14,498  INFO    No improvement (1/12)
2026-06-28 22:08:36,926  INFO  [clinicalt5-hoss-aug] E  5  train=4.5116 (ppl 91.07)  val=4.1551 (ppl 63.76)  gn=1.522
2026-06-28 22:08:39,463  INFO    Content score (lesion): lobe_jacc=0.042  hemi=0.000  -> 0.021
2026-06-28 22:08:41,555  INFO    Hemisphere quick-check (lesion field): 0/20 = 0.0%
2026-06-28 22:08:46,595  INFO    Within-report distinctness: collapse=0%  distinct_ratio=0.90  (0.25=full collapse, 1.0=all differ)
2026-06-28 22:08:48,967  INFO    Cross-patient[lesion]: 5/20 unique = 0.25  (1.0=all differ, low=TEMPLATE COLLAPSE)
2026-06-28 22:08:52,674  INFO    Cross-patient[necrosis]: 9/20 unique = 0.45  (1.0=all differ, low=TEMPLATE COLLAPSE)
2026-06-28 22:08:52,675  INFO  
============================================================  PREVIEW
2026-06-28 22:08:53,194  INFO  
  Case : BraTS20_Training_348
2026-06-28 22:08:53,194  INFO    PRED :
Lesion area: ONE concise line: Answer in which lobe(s) and hemisphere is the tumor LESION, and what are its signal characteristics?
Edema: "visit motivation": "Where is the EDEMA located and how extensive is it?"
Necrosis: "visit motivation": "Describe the NECROSIS (location and signal), answer 'not observed'. Use only one concise line.
Ventricular compression: "visit motivation": "Describe any VENTRICULAR COMPRESSION (which ventricles, what deformation). If none, answer 'not observed'.
2026-06-28 22:08:53,194  INFO    REF  :
Lesion area: the left hemisphere, particularly in the left parietal and frontal lobe regions, with a mix of heterogeneous signals, including multiple spot-like high signal areas
Edema: indicated by significant high signal areas around the lesions in the left hemisphere, primarily concentrated in the left parietal and frontal lobe regions, and is extensive, enveloping multiple lesion sites
Necrosis: in the region near the center of the lesion in the left parietal lobe, with a low signal area indicative of possible necrotic tissue
Ventricular compression: observed as the left lateral ventricle is compressed and slightly deformed
2026-06-28 22:08:53,711  INFO  
  Case : BraTS20_Training_010
2026-06-28 22:08:53,711  INFO    PRED :
Lesion area: ONE concise line. Use only the atlas matrix below.
Edema: "visit motivation": "Where is the EDEMA located and how extensive is it?"
Necrosis: "visit motivation": "Describe the NECROSIS (location and signal), if there is none, answer 'not observed'. Use only the atlas matrix below. Answer in ONE concise line.
Ventricular compression: "visit motivation": "Describe any VENTRICULAR COMPRESSION (which ventricles, what deformation).
2026-06-28 22:08:53,711  INFO    REF  :
Lesion area: the right frontal and occipital lobes with heterogeneous mixed signals and patchy high signals
Edema: significant, mainly observed in the right frontal lobe and part of the occipital lobe with diffuse high signal intensity, extending into surrounding normal tissue
Necrosis: seen in the central part of the right frontal lobe, characterized by low signal mixed with high signal plaques
Ventricular compression: evident in the right lateral ventricle, particularly in the anterior horn region
2026-06-28 22:08:53,711  INFO  ============================================================
2026-06-28 22:08:53,711  INFO    No improvement (2/12)
2026-06-28 22:09:16,276  INFO  [clinicalt5-hoss-aug] E  6  train=4.2041 (ppl 66.96)  val=3.7903 (ppl 44.27)  gn=1.536
2026-06-28 22:09:18,130  INFO    Content score (lesion): lobe_jacc=0.042  hemi=0.083  -> 0.062
2026-06-28 22:09:18,131  INFO  
============================================================  PREVIEW
2026-06-28 22:09:18,444  INFO  
  Case : BraTS20_Training_095
2026-06-28 22:09:18,444  INFO    PRED :
Lesion area: ONE concise line. Use only the atlas matrix below.
Edema: "visit motivation": "Where is the EDEMA located and how extensive is it?"
Necrosis: "visit motivation":
Ventricular compression: "visit motivation": "Describe any VENTRICULAR COMPRESSION (which ventricles, what deformation),
2026-06-28 22:09:18,444  INFO    REF  :
Lesion area: the white matter of both cerebral hemispheres, especially in the bilateral frontal and parietal regions, with mixed high and low heterogeneous signals
Edema: mainly observed in the white matter areas of the frontal and parietal lobes, presenting as diffuse high signals, indicating significant swelling in the surrounding tissue of the lesions. The
edema is extensive, spreading across the entire cerebral hemisphere
Necrosis: suggested by some low-signal areas, appearing as mixed signals, mainly concentrated in the central regions of the high-signal lesions. The necrotic areas are relatively concentrated but also show some localized dispersion
Ventricular compression: partially compressed, particularly evident in the right lateral
ventricular body region
2026-06-28 22:09:18,852  INFO  
  Case : BraTS20_Training_310
2026-06-28 22:09:18,852  INFO    PRED :
Lesion area: ONE concise line. Use only the atlas matrix below.
Edema: ONE concise line. Use only the atlas matrix below.
Necrosis: "visit motivation": "Describe the NECROSIS (location and signal), if there is none, answer 'not observed'
Ventricular compression: "visit motivation": "Describe any VENTRICULAR COMPRESSION (which ventricles, what deformation),
2026-06-28 22:09:18,852  INFO    REF  :
Lesion area: the central image, right frontal lobes, and temporal lobe regions (anterior and middle parts) with mixed signal intensity, with prominent speckled high-signal regions suggesting the presence of multiple lesions
Edema: significant, present around the lesions in the right frontal and temporal lobes, characterized by persistent high signal intensity, with extensive extent indicating pronounced swelling of surrounding tissues
Necrosis: observed in parts of the right parietal and frontal lobes, characterized by alternating regions of diffuse inhomogeneous low and high signal intensities, with unclear boundaries and a high degree of signal mixing
Ventricular compression: mild, with deformation of the right lateral ventricle, suggesting a gradually increasing mass effect
2026-06-28 22:09:18,852  INFO  ============================================================
2026-06-28 22:09:18,852  INFO    No improvement (3/12)
2026-06-28 22:09:41,324  INFO  [clinicalt5-hoss-aug] E  7  train=3.8541 (ppl 47.19)  val=3.3823 (ppl 29.44)  gn=1.366
2026-06-28 22:09:43,018  INFO    Content score (lesion): lobe_jacc=0.111  hemi=0.042  -> 0.076
2026-06-28 22:09:43,019  INFO  
============================================================  PREVIEW
2026-06-28 22:09:43,574  INFO  
  Case : BraTS20_Training_366
2026-06-28 22:09:43,574  INFO    PRED :
Lesion area: "visit motivation": "Left lobe and hemisphere is the tumor LESION, and what are its signal characteristics?"
Edema: "visit motivation": "Atlas matrix for one patient: BraTS20_Training_366 Dominant hemisphere
Necrosis: "visit motivation": "Decrive the NECROSIS (location and signal)
Ventricular compression: "visit motivation": "Describe any VENTRICULAR COMPRESSION (which ventricles, what deformation),
2026-06-28 22:09:43,574  INFO    REF  :
Lesion area: the left temporal and parietal lobes with multiple heterogeneous mixed signals and spotty high-signal areas, suggesting the presence of multiple lesions
Edema: significant, concentrated in the left parietal and temporal regions, with extensive high-signal areas, suggesting noticeable swelling in the tissue surrounding the lesions
Necrosis: located mainly in the left temporal lobe, appearing as low signals with blurred boundaries mixed with the high-signal
Ventricular compression: observed with the left ventricle compressed and deformed, showing slight compression and deformation due to the mass effect of the lesion
2026-06-28 22:09:43,852  INFO  
  Case : BraTS20_Training_026
2026-06-28 22:09:43,852  INFO    PRED :
Lesion area: ONE concise line
Edema: ONE concise line
Necrosis: "visit motivation": "Decrive the NECROSIS (location and signal)
Ventricular compression: "visit motivation": "Describe any VENTRICULAR COMPRESSION (which ventricles, what deformation),
2026-06-28 22:09:43,852  INFO    REF  :
Lesion area: the right frontal and parietal lobes with a mixture of heterogeneous signal intensities and spotted high-signal areas
Edema: significant, particularly in the right parietal lobe, extensive and affects the surrounding brain tissue
Necrosis: in the right frontal lobe, low-signal areas interspersed with high-signal areas
Ventricular compression: significant, especially on the right side
2026-06-28 22:09:43,852  INFO  ============================================================
2026-06-28 22:09:43,852  INFO    No improvement (4/12)
2026-06-28 22:10:06,240  INFO  [clinicalt5-hoss-aug] E  8  train=3.4876 (ppl 32.71)  val=2.9936 (ppl 19.96)  gn=1.382
2026-06-28 22:10:06,989  INFO    Content score (lesion): lobe_jacc=0.042  hemi=0.125  -> 0.083
2026-06-28 22:10:06,990  INFO  
============================================================  PREVIEW
2026-06-28 22:10:07,120  INFO  
  Case : BraTS20_Training_073
2026-06-28 22:10:07,120  INFO    PRED :
Lesion area: occipital
Edema: left [subcortical]:
Necrosis: 'not observed'
Ventricular compression: 'not observed'
2026-06-28 22:10:07,120  INFO    REF  :
Lesion area: the left frontal lobe of the brain with mixed signals of varying intensity and speckled high-signal areas
Edema: observed in the left parietal and frontal regions with high intensity, indicating pronounced swelling around the lesions
Necrosis: observed near the left parietal and frontal lobes, exhibiting mixed signal intensity with some scattered high-signal regions
Ventricular compression: noticeable in the left frontal and parietal areas, with the ventricles becoming deformed
2026-06-28 22:10:07,241  INFO  
  Case : BraTS20_Training_040
2026-06-28 22:10:07,241  INFO    PRED :
Lesion area: ___
Edema: "visit motivation"
Necrosis: 'not observed'
Ventricular compression: 'not observed'
2026-06-28 22:10:07,241  INFO    REF  :
Lesion area: the bilateral frontal and temporal lobes with a mixed signal of uneven high and low intensity with patchy high signal areas
Edema: pronounced, chiefly observed in the bilateral lateral frontal lobes, with significant swelling of surrounding tissues, extensive and extending into the temporal lobes
Necrosis: located at the center of the bilateral lateral frontal lobes, characterized by high signal areas interspersed with low signals, primarily in the aforementioned areas
Ventricular compression: notably present as the right ventricle is compressed and deformed, whereas the left ventricle maintains a normal shape
2026-06-28 22:10:07,241  INFO  ============================================================
2026-06-28 22:10:07,241  INFO    No improvement (5/12)
2026-06-28 22:10:29,802  INFO  [clinicalt5-hoss-aug] E  9  train=3.1884 (ppl 24.25)  val=2.7603 (ppl 15.80)  gn=1.364
2026-06-28 22:10:31,251  INFO    Content score (lesion): lobe_jacc=0.094  hemi=0.083  -> 0.089
2026-06-28 22:10:31,252  INFO  
============================================================  PREVIEW
2026-06-28 22:10:31,448  INFO  
  Case : BraTS20_Training_357
2026-06-28 22:10:31,448  INFO    PRED :
Lesion area: lobe and hemisphere
Edema: "visit motivation"
Necrosis: "visit motivation"
Ventricular compression: "visit motivation": "None", "admission":
2026-06-28 22:10:31,448  INFO    REF  :
Lesion area: the top and side of the right brain, particularly including the peripheral areas of the frontal and parietal lobes, with heterogeneous mixed signals and notable patches of high signal regions
Edema: a clearly visible high signal surrounding the lesion, mainly concentrated in the right frontal and parietal lobes, with a broad range of
edema affecting the nearby brain tissue
Necrosis: patchy areas of low signal and mixed signal primarily concentrated in the central part of the lesion area, characterized by decreased and uneven signals
Ventricular compression: slight, with the right lateral ventricle showing clear signs of compression
2026-06-28 22:10:31,767  INFO  
  Case : BraTS20_Training_077
2026-06-28 22:10:31,767  INFO    PRED :
Lesion area: "visit motivation": "Left lobe and hemisphere
Edema: "visit motivation": "None", "height"
Necrosis: "visit motivation": "None", "admission": [
Ventricular compression: "visit motivation": "None", "admission": [
2026-06-28 22:10:31,767  INFO    REF  :
Lesion area: the left frontal and parietal lobes with heterogeneous high-signal and low-signal areas, with spotted high-signal regions
Edema: prominent, primarily surrounding the lesions in the left frontal and parietal regions, with severe swelling of the tissues
Necrosis: suggested by low-signal and signal-void regions interspersed among areas of high and iso-signal, with distribution being uneven in the frontal and parietal regions
Ventricular compression: evident as mild deformation and compression of the ventricles, primarily in the left lateral ventricle
2026-06-28 22:10:31,767  INFO  ============================================================
2026-06-28 22:10:31,767  INFO    No improvement (6/12)
2026-06-28 22:10:54,318  INFO  [clinicalt5-hoss-aug] E 10  train=2.9917 (ppl 19.92)  val=2.5955 (ppl 13.40)  gn=1.385
2026-06-28 22:10:56,181  INFO    Content score (lesion): lobe_jacc=0.132  hemi=0.333  -> 0.233
2026-06-28 22:10:57,709  INFO    Hemisphere quick-check (lesion field): 9/20 = 45.0%
2026-06-28 22:11:01,143  INFO    Within-report distinctness: collapse=0%  distinct_ratio=0.90  (0.25=full collapse, 1.0=all differ)
2026-06-28 22:11:02,859  INFO    Cross-patient[lesion]: 7/20 unique = 0.35  (1.0=all differ, low=TEMPLATE COLLAPSE)
2026-06-28 22:11:04,634  INFO    Cross-patient[necrosis]: 16/20 unique = 0.80  (1.0=all differ, low=TEMPLATE COLLAPSE)
2026-06-28 22:11:04,635  INFO  
============================================================  PREVIEW
2026-06-28 22:11:04,941  INFO  
  Case : BraTS20_Training_026
2026-06-28 22:11:04,942  INFO    PRED :
Lesion area: the right frontal lobe and hemisphere
Edema: the right frontal lobe
Necrosis: the right frontal hemisphere, with a low signal density
Ventricular compression: the right ventricles, which deformities, and ventricle deformation
2026-06-28 22:11:04,942  INFO    REF  :
Lesion area: the right frontal and parietal lobes with a mixture of heterogeneous signal intensities and spotted high-signal areas
Edema: significant, particularly in the right parietal lobe, extensive and affects the surrounding brain tissue
Necrosis: in the right frontal lobe, low-signal areas interspersed with high-signal areas
Ventricular compression: significant, especially on the right side
2026-06-28 22:11:05,192  INFO  
  Case : BraTS20_Training_078
2026-06-28 22:11:05,193  INFO    PRED :
Lesion area: occipital lobe
Edema: occipital lobe
Necrosis: the right occipital lobe
Ventricular compression: the right ventricles, which deformation
2026-06-28 22:11:05,193  INFO    REF  :
Lesion area: the right temporal and parietal lobes with a mix of heterogeneous signals, including multiple patchy high-signal areas
Edema: pronounced, mainly observed in the right temporal and parietal lobes, and spans extensively as high-signal regions, indicating significant tissue swelling
Necrosis: identified as several low-signal areas within the lesion region, possibly indicating
necrosis, with uneven signal intensity concentrated in the right temporal lobe
Ventricular compression: slightly observed
2026-06-28 22:11:05,193  INFO  ============================================================
2026-06-28 22:11:05,193  INFO    No improvement (7/12)
2026-06-28 22:11:27,707  INFO  [clinicalt5-hoss-aug] E 11  train=2.8459 (ppl 17.22)  val=2.4728 (ppl 11.86)  gn=1.465
2026-06-28 22:11:30,084  INFO    Content score (lesion): lobe_jacc=0.422  hemi=0.958  -> 0.690
2026-06-28 22:11:30,085  INFO  
============================================================  PREVIEW
2026-06-28 22:11:30,562  INFO  
  Case : BraTS20_Training_138
2026-06-28 22:11:30,562  INFO    PRED :
Lesion area: the right parietal lobe and hemisphere
Edema: the right parietal lobe
Necrosis: the right parietal lobe, with a low signal signal, and a high signal density
Ventricular compression: the right ventricle, which deformities and ventricles
2026-06-28 22:11:30,562  INFO    REF  :
Lesion area: the frontal and parietal regions of the right cerebral hemisphere with a mixture of heterogeneous high and low signals, with spotty high-signal areas
Edema: a marked high-signal indication surrounding the frontal and parietal regions of the right cerebral hemisphere, suggesting significant swelling
Necrosis: primarily concentrated in the deep part of the right parietal lobe, resembling a mixed low-signal area
Ventricular compression: present as the
ventricular system is compressed and deformed, with the right lateral ventricle compressed and narrowed
2026-06-28 22:11:30,948  INFO  
  Case : BraTS20_Training_209
2026-06-28 22:11:30,948  INFO    PRED :
Lesion area: the right parietal lobe and hemisphere
Edema: the right parietal hemisphere, temporal 6%, insula 1%
Necrosis: the right parietal hemisphere, temporal 6%, insula 1%
Ventricular compression: the right ventricles, which deformities and ventricle deformation
2026-06-28 22:11:30,948  INFO    REF  :
Lesion area: the right temporal and parietal lobes with a mix of heterogeneous high and low signals with speckled high signal areas
Edema: observed mainly in the right temporal lobe and part of the right parietal lobe, with the surrounding tissue of the right temporal lobe exhibiting significant swelling
Necrosis: concentrated in the right temporal lobe with low and scattered signal intensity
Ventricular compression: observed with compression and deformation of the right ventricle while the left ventricle appears normal
2026-06-28 22:11:30,948  INFO  ============================================================
2026-06-28 22:11:31,125  INFO  HTTP Request: HEAD https://huggingface.co/hossboll/clinical-t5/resolve/main/config.json "HTTP/1.1 307 Temporary Redirect"
2026-06-28 22:11:31,158  INFO  HTTP Request: HEAD https://huggingface.co/api/resolve-cache/models/hossboll/clinical-t5/c092f34a776c3969d4d86c0ad6f282668280fbf2/config.json "HTTP/1.1 200 OK"
2026-06-28 22:11:31,238  INFO  HTTP Request: HEAD https://huggingface.co/hossboll/clinical-t5/resolve/main/config.json "HTTP/1.1 307 Temporary Redirect"
2026-06-28 22:11:31,274  INFO  HTTP Request: HEAD https://huggingface.co/api/resolve-cache/models/hossboll/clinical-t5/c092f34a776c3969d4d86c0ad6f282668280fbf2/config.json "HTTP/1.1 200 OK"
2026-06-28 22:11:31,294  INFO    ✓ New best (content=0.690) → checkpoints_multi_v4/clinicalt5-hoss-aug
2026-06-28 22:11:53,633  INFO  [clinicalt5-hoss-aug] E 12  train=2.7221 (ppl 15.21)  val=2.3733 (ppl 10.73)  gn=1.482
2026-06-28 22:11:56,423  INFO    Content score (lesion): lobe_jacc=0.403  hemi=0.958  -> 0.681
2026-06-28 22:11:56,424  INFO  
============================================================  PREVIEW
2026-06-28 22:11:56,882  INFO  
  Case : BraTS20_Training_233
2026-06-28 22:11:56,882  INFO    PRED :
Lesion area: observed in the left parietal lobe, indicating a wide range of signal characteristics
Edema: observed in the left parietal lobe, indicating a large area of the left frontal and temporal lobosis
Necrosis: observed in the left parietal lobe, indicating a high signal density
Ventricular compression: observed in the left ventricle, indicating a significant deformation in the parietal lobe
2026-06-28 22:11:56,882  INFO    REF  :
Lesion area: the left temporal and occipital lobes with a mixture of heterogeneous high and low signals, with spotted high signal characteristics
Edema: mainly concentrated near the left temporal lobe region and around the occipital lobe with homogeneous or heterogeneous high signals, indicating significant swelling of the surrounding tissues in these areas, with a considerable range of
edema
Necrosis: present within the left occipital and temporal lobes, showing low signal areas intermixed with some high signal zones in the overall imaging
Ventricular compression: not observed
2026-06-28 22:11:57,390  INFO  
  Case : BraTS20_Training_297
2026-06-28 22:11:57,390  INFO    PRED :
Lesion area: the left parietal lobes and hemisphere
Edema: observed in the left parietal lobe, indicating a large area of the left occipital and frontal areas
Necrosis: observed in the left parietal lobe, indicating a high signal density
Ventricular compression: the left parietal hemisphere with a high degree of deformation
2026-06-28 22:11:57,390  INFO    REF  :
Lesion area: the left parietal and occipital lobes with heterogeneous signal intensities and patchy high-signal regions
Edema: significant in portions of the parietal and occipital lobes, suggesting substantial swelling in the tissues surrounding the lesions
Necrosis: within the lesion areas in the parietal and occipital lobes, characterized by some low-signal regions indicating possible
necrosis
Ventricular compression: observed near prominent lesion areas, indicating that the lesions are exerting pressure on the surrounding brain tissue and ventricles
2026-06-28 22:11:57,390  INFO  ============================================================
2026-06-28 22:11:57,390  INFO    No improvement (1/12)
2026-06-28 22:12:19,879  INFO  [clinicalt5-hoss-aug] E 13  train=2.6204 (ppl 13.74)  val=2.2840 (ppl 9.82)  gn=1.521
2026-06-28 22:12:22,992  INFO    Content score (lesion): lobe_jacc=0.417  hemi=0.833  -> 0.625
2026-06-28 22:12:22,993  INFO  
============================================================  PREVIEW
2026-06-28 22:12:23,434  INFO  
  Case : BraTS20_Training_348
2026-06-28 22:12:23,434  INFO    PRED :
Lesion area: observed in the left parietal lobe, with a wide range of signal characteristics
Edema: observed in the left parietal lobe, with a high degree of compression
Necrosis: observed in the left parietal lobe, indicating a lack of signal
Ventricular compression: observed in the left ventricle, mainly due to the deformation of the ventricles
2026-06-28 22:12:23,434  INFO    REF  :
Lesion area: the left hemisphere, particularly in the left parietal and frontal lobe regions, with a mix of heterogeneous signals, including multiple spot-like high signal areas
Edema: indicated by significant high signal areas around the lesions in the left hemisphere, primarily concentrated in the left parietal and frontal lobe regions, and is extensive, enveloping multiple lesion sites
Necrosis: in the region near the center of the lesion in the left parietal lobe, with a low signal area indicative of possible necrotic tissue
Ventricular compression: observed as the left lateral ventricle is compressed and slightly deformed
2026-06-28 22:12:23,937  INFO  
  Case : BraTS20_Training_046
2026-06-28 22:12:23,937  INFO    PRED :
Lesion area: observed in the left parietal lobe, with a wide range of signal characteristics
Edema: observed in the left parietal lobe, with a large area of the left frontal hemisphere
Necrosis: observed in the left parietal lobe, indicating a lack of signal
Ventricular compression: the left parietal hemisphere with a large deformation of the ventricle
2026-06-28 22:12:23,937  INFO    REF  :
Lesion area: the left frontal and parietal lobes with mixed high and low signals with spotty high signal regions, indicating multiple lesions
Edema: significant, primarily observed in the left frontal lobe with marked high signals, suggesting significant swelling in the surrounding tissues, with a large area of
edema that may compress the surrounding normal brain tissue
Necrosis: present in parts of the left parietal and frontal lobes displaying low signal regions, suggesting possible
necrosis with uneven signal intensity, presenting a mix of high and low signals, and showing concentrated presence in the parietal lobe
Ventricular compression: significant, with the left ventricle significantly compressed and appearing narrowed
2026-06-28 22:12:23,938  INFO  ============================================================
2026-06-28 22:12:23,938  INFO    No improvement (2/12)
2026-06-28 22:12:46,350  INFO  [clinicalt5-hoss-aug] E 14  train=2.5305 (ppl 12.56)  val=2.2111 (ppl 9.13)  gn=1.614
2026-06-28 22:12:49,433  INFO    Content score (lesion): lobe_jacc=0.556  hemi=0.958  -> 0.757
2026-06-28 22:12:49,435  INFO  
============================================================  PREVIEW
2026-06-28 22:12:50,012  INFO  
  Case : BraTS20_Training_154
2026-06-28 22:12:50,012  INFO    PRED :
Lesion area: the right parietal and frontal lobes, with a wide range of signals, indicating a high signal pattern
Edema: the right parietal and frontal lobes, with a wide range of areas, including the right frontal and temporal areas
Necrosis: the right parietal and frontal lobes, with low signal intensity
Ventricular compression: the right parietal and frontal lobes, with a high degree of deformation
2026-06-28 22:12:50,012  INFO    REF  :
Lesion area: the right frontal lobe with heterogeneous mixed signal intensity, exhibiting spot-like high signal areas
Edema: significant, observed in the right frontal lobe and part of the parietal lobe, extensive and spreading to the surrounding tissue of the lesion, indicating marked tissue swelling
Necrosis: within the lesion area, with regions of decreased signal primarily concentrated in the center of the right frontal lobe, surrounded by high signal
Ventricular compression: significant in the right lateral ventricle, which has undergone morphological changes, suggesting a substantial compressive effect of the lesion on brain tissue and ventricles
2026-06-28 22:12:50,483  INFO  
  Case : BraTS20_Training_153
2026-06-28 22:12:50,483  INFO    PRED :
Lesion area: observed in the left parietal lobe, indicating a wide range of signals
Edema: observed in the left parietal lobe, indicating a large area of the left temporal and temporal hemisphere
Necrosis: observed in the left parietal lobe, indicating a lack of signal
Ventricular compression: the left parietal lobe, indicating a deformation in the ventricle
2026-06-28 22:12:50,483  INFO    REF  :
Lesion area: the left frontal and parietal lobes with a mix of heterogeneous high and low signals and speckled high-signal areas
Edema: significant in the left frontal and parietal lobes, mainly concentrated around the lesion area, with a broad range of diffusion, suggesting considerable swelling of the surrounding tissues
Necrosis: suggested by high signal intensity within the lesion area, predominantly concentrated in the right frontal and parietal lobes, with a relatively localized distribution
Ventricular compression: exerting some degree of compression on the right lateral ventricle
2026-06-28 22:12:50,483  INFO  ============================================================
2026-06-28 22:12:50,703  INFO  HTTP Request: HEAD https://huggingface.co/hossboll/clinical-t5/resolve/main/config.json "HTTP/1.1 307 Temporary Redirect"
2026-06-28 22:12:50,739  INFO  HTTP Request: HEAD https://huggingface.co/api/resolve-cache/models/hossboll/clinical-t5/c092f34a776c3969d4d86c0ad6f282668280fbf2/config.json "HTTP/1.1 200 OK"
2026-06-28 22:12:50,819  INFO  HTTP Request: HEAD https://huggingface.co/hossboll/clinical-t5/resolve/main/config.json "HTTP/1.1 307 Temporary Redirect"
2026-06-28 22:12:50,854  INFO  HTTP Request: HEAD https://huggingface.co/api/resolve-cache/models/hossboll/clinical-t5/c092f34a776c3969d4d86c0ad6f282668280fbf2/config.json "HTTP/1.1 200 OK"
2026-06-28 22:12:50,874  INFO    ✓ New best (content=0.757) → checkpoints_multi_v4/clinicalt5-hoss-aug
2026-06-28 22:13:13,276  INFO  [clinicalt5-hoss-aug] E 15  train=2.4501 (ppl 11.59)  val=2.1378 (ppl 8.48)  gn=1.612
2026-06-28 22:13:16,513  INFO    Content score (lesion): lobe_jacc=0.448  hemi=0.958  -> 0.703
2026-06-28 22:13:19,230  INFO    Hemisphere quick-check (lesion field): 19/20 = 95.0%
2026-06-28 22:13:23,866  INFO    Within-report distinctness: collapse=0%  distinct_ratio=0.95  (0.25=full collapse, 1.0=all differ)
2026-06-28 22:13:26,607  INFO    Cross-patient[lesion]: 18/20 unique = 0.90  (1.0=all differ, low=TEMPLATE COLLAPSE)
2026-06-28 22:13:28,795  INFO    Cross-patient[necrosis]: 7/20 unique = 0.35  (1.0=all differ, low=TEMPLATE COLLAPSE)
2026-06-28 22:13:28,796  INFO  
============================================================  PREVIEW
2026-06-28 22:13:29,298  INFO  
  Case : BraTS20_Training_203
2026-06-28 22:13:29,298  INFO    PRED :
Lesion area: the left parietal lobe and hemisphere, with a wide range of high signal areas
Edema: observed in the left parietal lobe, with a high degree of heterogeneity
Necrosis: observed in the left parietal lobe, indicating a lack of signal
Ventricular compression: the left parietal lobe with a high degree of deformation
2026-06-28 22:13:29,298  INFO    REF  :
Lesion area: the left hemisphere, especially in the left frontal and temporal lobes with mixed signals with irregular high and low intensities along with patchy high signal areas, indicating multiple lesions
Edema: observed around the lesions in the left hemisphere, particularly surrounding the left frontal and temporal lobes, a prominent high-signal
edema region is observed. The extent of the
edema is considerable, indicating significant swelling of tissues around the lesions
Necrosis: within the lesion area, several low-signal regions are visible, suggesting the possible presence of
necrosis. These necrotic areas are intermingled with high-signal regions and present an irregular shape, scattered within the lesion areas of the left frontal and temporal lobes
Ventricular compression: the left ventricle is compressed and deformed, suggesting strong compression of the left brain tissues and ventricle by the lesion
2026-06-28 22:13:29,743  INFO  
  Case : BraTS20_Training_366
2026-06-28 22:13:29,743  INFO    PRED :
Lesion area: observed in the left parietal lobe, with a wide range of high signal areas
Edema: observed in the left parietal lobe, with a high degree of compression
Necrosis: observed in the left parietal lobe, indicating a lack of signal
Ventricular compression: observed in the left parietal lobe, mainly due to the deformation of the ventricle
2026-06-28 22:13:29,743  INFO    REF  :
Lesion area: the left temporal and parietal lobes with multiple heterogeneous mixed signals and spotty high-signal areas, suggesting the presence of multiple lesions
Edema: significant, concentrated in the left parietal and temporal regions, with extensive high-signal areas, suggesting noticeable swelling in the tissue surrounding the lesions
Necrosis: located mainly in the left temporal lobe, appearing as low signals with blurred boundaries mixed with the high-signal
Ventricular compression: observed with the left ventricle compressed and deformed, showing slight compression and deformation due to the mass effect of the lesion
2026-06-28 22:13:29,743  INFO  ============================================================
2026-06-28 22:13:29,743  INFO    No improvement (1/12)
2026-06-28 22:13:52,120  INFO  [clinicalt5-hoss-aug] E 16  train=2.3804 (ppl 10.81)  val=2.0784 (ppl 7.99)  gn=1.630
2026-06-28 22:13:55,375  INFO    Content score (lesion): lobe_jacc=0.382  hemi=0.875  -> 0.628
2026-06-28 22:13:55,376  INFO  
============================================================  PREVIEW
2026-06-28 22:13:55,903  INFO  
  Case : BraTS20_Training_176
2026-06-28 22:13:55,903  INFO    PRED :
Lesion area: the right parietal and frontal lobes, with a wide range of high signal areas
Edema: the right parietal and frontal lobes, with a high degree of heterogeneity
Necrosis: the right parietal and frontal lobes with low signal intensity
Ventricular compression: the right parietal and frontal lobes with a high degree of deformation
2026-06-28 22:13:55,903  INFO    REF  :
Lesion area: the right frontal and parietal lobes with multiple heterogeneous signal intensities, including high signal, iso-signal, and speckled high signal areas
Edema: significant, primarily observed in the right frontal and parietal lobes, with surrounding tissue swollen to a large extent around the lesion area, indicated by high signal intensity
Necrosis: mainly concentrated at the center of the lesion, manifested as mixed low signal regions, primarily located at the center of the lesion in the right parietal lobe, surrounded by high signal areas
Ventricular compression: evident, with compression on the right ventricle suggesting a certain degree of pressure exerted by the lesion area
2026-06-28 22:13:56,461  INFO  
  Case : BraTS20_Training_346
2026-06-28 22:13:56,461  INFO    PRED :
Lesion area: the right parietal and frontal lobes with a wide range of high signal areas
Edema: the right parietal and frontal lobes, with a high degree of compression
Necrosis: the right parietal and frontal lobes with low signal intensity
Ventricular compression: the right parietal hemisphere, mainly characterized by deformation of the ventricle
2026-06-28 22:13:56,461  INFO    REF  :
Lesion area: the left parietal and temporal lobes with mixed high-signal areas with spotty high signals inside
Edema: particularly around the left parietal and temporal lobe regions, indicating increased swelling in these areas
Necrosis: within the lesion area as low-signal regions, presenting as mixed high and low signals internally, primarily concentrated in the central region of the lesion
Ventricular compression: observed, as the left ventricle is noticeably compressed and deformed, indicating significant compressive effects on the ventricles due to the lesions
2026-06-28 22:13:56,461  INFO  ============================================================
2026-06-28 22:13:56,461  INFO    No improvement (2/12)
2026-06-28 22:14:18,857  INFO  [clinicalt5-hoss-aug] E 17  train=2.3200 (ppl 10.18)  val=2.0218 (ppl 7.55)  gn=1.694
2026-06-28 22:14:21,782  INFO    Content score (lesion): lobe_jacc=0.472  hemi=0.917  -> 0.694
2026-06-28 22:14:21,784  INFO  
============================================================  PREVIEW
2026-06-28 22:14:22,247  INFO  
  Case : BraTS20_Training_046
2026-06-28 22:14:22,247  INFO    PRED :
Lesion area: observed in the left parietal lobe, with a mixture of high and low signals
Edema: observed in the left parietal lobe, with a wide area of high-signal areas, mainly concentrated in the right frontal and temporal regions
Necrosis: observed in the left parietal lobe, indicating a lack of signal
Ventricular compression: observed in the left parietal lobe with a high degree of deformation
2026-06-28 22:14:22,247  INFO    REF  :
Lesion area: the left frontal and parietal lobes with mixed high and low signals with spotty high signal regions, indicating multiple lesions
Edema: significant, primarily observed in the left frontal lobe with marked high signals, suggesting significant swelling in the surrounding tissues, with a large area of
edema that may compress the surrounding normal brain tissue
Necrosis: present in parts of the left parietal and frontal lobes displaying low signal regions, suggesting possible
necrosis with uneven signal intensity, presenting a mix of high and low signals, and showing concentrated presence in the parietal lobe
Ventricular compression: significant, with the left ventricle significantly compressed and appearing narrowed
2026-06-28 22:14:22,776  INFO  
  Case : BraTS20_Training_010
2026-06-28 22:14:22,776  INFO    PRED :
Lesion area: the right parietal and temporal lobes with a mixture of heterogeneous high and low signal areas
Edema: observed in the right parietal lobe, indicating a large area of the edema
Necrosis: observed in the right parietal lobe, indicating a lack of signal
Ventricular compression: the right parietal hemisphere, characterized by deformation of the ventricle
2026-06-28 22:14:22,776  INFO    REF  :
Lesion area: the right frontal and occipital lobes with heterogeneous mixed signals and patchy high signals
Edema: significant, mainly observed in the right frontal lobe and part of the occipital lobe with diffuse high signal intensity, extending into surrounding normal tissue
Necrosis: seen in the central part of the right frontal lobe, characterized by low signal mixed with high signal plaques
Ventricular compression: evident in the right lateral ventricle, particularly in the anterior horn region
2026-06-28 22:14:22,776  INFO  ============================================================
2026-06-28 22:14:22,776  INFO    No improvement (3/12)
2026-06-28 22:14:45,241  INFO  [clinicalt5-hoss-aug] E 18  train=2.2621 (ppl 9.60)  val=1.9713 (ppl 7.18)  gn=1.772
2026-06-28 22:14:48,295  INFO    Content score (lesion): lobe_jacc=0.312  hemi=0.833  -> 0.573
2026-06-28 22:14:48,297  INFO  
============================================================  PREVIEW
2026-06-28 22:14:48,760  INFO  
  Case : BraTS20_Training_078
2026-06-28 22:14:48,760  INFO    PRED :
Lesion area: the right parietal and occipital lobes with a mixture of heterogeneous high and low signals
Edema: observed in the right parietal and occipital lobes
Necrosis: the right parietal and occipital lobes with low signal intensity
Ventricular compression: the right parietal and occipital ventricles are deformed, indicating a large degree of deformation
2026-06-28 22:14:48,760  INFO    REF  :
Lesion area: the right temporal and parietal lobes with a mix of heterogeneous signals, including multiple patchy high-signal areas
Edema: pronounced, mainly observed in the right temporal and parietal lobes, and spans extensively as high-signal regions, indicating significant tissue swelling
Necrosis: identified as several low-signal areas within the lesion region, possibly indicating
necrosis, with uneven signal intensity concentrated in the right temporal lobe
Ventricular compression: slightly observed
2026-06-28 22:14:49,242  INFO  
  Case : BraTS20_Training_176
2026-06-28 22:14:49,242  INFO    PRED :
Lesion area: the right parietal and temporal lobes with a mixture of high and low signals
Edema: observed in the right parietal lobe, mainly concentrated in the frontal and temporal areas
Necrosis: observed in the right parietal lobe, with low signal intensity, indicating a lack of signal
Ventricular compression: the right parietal and temporal lobes with a high degree of deformation
2026-06-28 22:14:49,242  INFO    REF  :
Lesion area: the right frontal and parietal lobes with multiple heterogeneous signal intensities, including high signal, iso-signal, and speckled high signal areas
Edema: significant, primarily observed in the right frontal and parietal lobes, with surrounding tissue swollen to a large extent around the lesion area, indicated by high signal intensity
Necrosis: mainly concentrated at the center of the lesion, manifested as mixed low signal regions, primarily located at the center of the lesion in the right parietal lobe, surrounded by high signal areas
Ventricular compression: evident, with compression on the right ventricle suggesting a certain degree of pressure exerted by the lesion area
2026-06-28 22:14:49,242  INFO  ============================================================
2026-06-28 22:14:49,242  INFO    No improvement (4/12)
2026-06-28 22:15:11,536  INFO  [clinicalt5-hoss-aug] E 19  train=2.2037 (ppl 9.06)  val=1.9270 (ppl 6.87)  gn=1.716
2026-06-28 22:15:14,902  INFO    Content score (lesion): lobe_jacc=0.483  hemi=0.958  -> 0.720
2026-06-28 22:15:14,903  INFO  
============================================================  PREVIEW
2026-06-28 22:15:15,355  INFO  
  Case : BraTS20_Training_115
2026-06-28 22:15:15,355  INFO    PRED :
Lesion area: the right frontal and parietal lobes with a mixture of heterogeneous high and low signal areas
Edema: observed in the right parietal lobe, indicating a large area of the edema
Necrosis: observed in the right parietal lobe, indicating a lack of signal
Ventricular compression: the right frontal and parietal lobes are deformed, indicating a significant deformation of the ventricle
2026-06-28 22:15:15,355  INFO    REF  :
Lesion area: the right frontal and parietal lobes with a mixture of heterogeneous high and low signals and speckled high-signal areas
Edema: extensive, visible around the lesions in the parietal and frontal lobes, primarily in the right frontal and parietal regions, extending to the adjacent ventricles
Necrosis: detected in the lesion area of the parietal lobe, presenting as heterogeneous low signals and mixed high signals
Ventricular compression: observed, indicated by pressure on the adjacent ventricles with slight morphological changes
2026-06-28 22:15:15,853  INFO  
  Case : BraTS20_Training_197
2026-06-28 22:15:15,853  INFO    PRED :
Lesion area: the right frontal and parietal lobes with a mixture of heterogeneous high and low signal areas
Edema: the right frontal and parietal lobes with a large area of high-signal areas
Necrosis: the right frontal and parietal lobes with low signal intensity
Ventricular compression: the right frontal and parietal lobes are deformed, indicating a significant deformation of the ventricle
2026-06-28 22:15:15,853  INFO    REF  :
Lesion area: the right frontal and parietal lobes with heterogeneous mixed high and low signals, and speckled high signal areas suggesting multiple lesions
Edema: marked, predominantly in the right frontal and parietal lobes, with noticeable tissue swelling and a distinct ring-shaped
edema area extending outward from the lesion
Necrosis: observed with very low signal intensity areas that distinctly differ from surrounding tissue, and low signal speckles mixed within high signal regions, mainly concentrated within the lesion but showing a slight dispersal trend
Ventricular compression: quite apparent, with the right lateral ventricle significantly reduced in size, and the left lateral ventricle slightly reduced due to right-side lesion compression, indicating a substantial impact on the
ventricular system
2026-06-28 22:15:15,853  INFO  ============================================================
2026-06-28 22:15:15,853  INFO    No improvement (5/12)
2026-06-28 22:15:38,220  INFO  [clinicalt5-hoss-aug] E 20  train=2.1608 (ppl 8.68)  val=1.8940 (ppl 6.65)  gn=1.939
2026-06-28 22:15:41,727  INFO    Content score (lesion): lobe_jacc=0.538  hemi=0.875  -> 0.707
2026-06-28 22:15:44,676  INFO    Hemisphere quick-check (lesion field): 17/20 = 85.0%
2026-06-28 22:15:49,682  INFO    Within-report distinctness: collapse=0%  distinct_ratio=1.00  (0.25=full collapse, 1.0=all differ)
2026-06-28 22:15:52,651  INFO    Cross-patient[lesion]: 11/20 unique = 0.55  (1.0=all differ, low=TEMPLATE COLLAPSE)
2026-06-28 22:15:54,651  INFO    Cross-patient[necrosis]: 11/20 unique = 0.55  (1.0=all differ, low=TEMPLATE COLLAPSE)
2026-06-28 22:15:54,653  INFO  
============================================================  PREVIEW
2026-06-28 22:15:55,137  INFO  
  Case : BraTS20_Training_006
2026-06-28 22:15:55,137  INFO    PRED :
Lesion area: the left frontal and parietal lobes with a mixture of heterogeneous high and low signal areas
Edema: observed in the left parietal lobe, with a wide area of high and low signal areas
Necrosis: the left parietal lobe with a mixture of high and low signal areas
Ventricular compression: the left parietal lobe and ventricles are deformed, indicating a significant degree of compression
2026-06-28 22:15:55,137  INFO    REF  :
Lesion area: the left frontal and parietal lobes with a mixed signal characterized by spotty high-signal areas on the Flair modality
Edema: significant with high signals, suggesting marked swelling in the left frontal and parietal lobes, indicating a fairly extensive range of
edema
Necrosis: observed with low signals in the central parts of the lesions, showing a high degree of heterogeneity, distributed mainly in the left frontal and parietal lobe lesions
Ventricular compression: observed with noticeable reduction and deformation of the left ventricle and relative enlargement of the right ventricle
2026-06-28 22:15:55,561  INFO  
  Case : BraTS20_Training_204
2026-06-28 22:15:55,561  INFO    PRED :
Lesion area: the right parietal and temporal lobes with a mixture of heterogeneous high and low signals
Edema: observed in the right parietal and temporal lobes
Necrosis: the right parietal and temporal lobes with low signal intensity
Ventricular compression: the right parietal and temporal lobes with deformation
2026-06-28 22:15:55,561  INFO    REF  :
Lesion area: the right side of the brain, specifically in the frontal, temporal, and parietal lobes, with heterogeneous mixed high and low signals and patchy high signal areas
Edema: primarily seen in the right temporal and parietal lobes, with an extent that is extensive, suggesting marked swelling in the tissues surrounding the lesion
Necrosis: interspersed in small patches among the lesion areas in the right side of the brain, featuring uneven signal intensity
Ventricular compression: significant on the right ventricle, indicating a degree of pressure exerted by the lesions on the brain tissue and ventricles
2026-06-28 22:15:55,561  INFO  ============================================================
2026-06-28 22:15:55,561  INFO    No improvement (6/12)
2026-06-28 22:16:17,823  INFO  [clinicalt5-hoss-aug] E 21  train=2.1127 (ppl 8.27)  val=1.8603 (ppl 6.43)  gn=1.808
2026-06-28 22:16:21,454  INFO    Content score (lesion): lobe_jacc=0.535  hemi=0.875  -> 0.705
2026-06-28 22:16:21,456  INFO  
============================================================  PREVIEW
2026-06-28 22:16:21,934  INFO  
  Case : BraTS20_Training_006
2026-06-28 22:16:21,934  INFO    PRED :
Lesion area: the left frontal and parietal lobes with a mixture of heterogeneous high and low signal areas
Edema: observed in the left parietal lobe, with a wide area of high and low signal areas
Necrosis: the left parietal lobe with a mixture of high and low signal areas
Ventricular compression: the left parietal lobe with a mixture of compression and deformation
2026-06-28 22:16:21,934  INFO    REF  :
Lesion area: the left frontal and parietal lobes with a mixed signal characterized by spotty high-signal areas on the Flair modality
Edema: significant with high signals, suggesting marked swelling in the left frontal and parietal lobes, indicating a fairly extensive range of
edema
Necrosis: observed with low signals in the central parts of the lesions, showing a high degree of heterogeneity, distributed mainly in the left frontal and parietal lobe lesions
Ventricular compression: observed with noticeable reduction and deformation of the left ventricle and relative enlargement of the right ventricle
2026-06-28 22:16:22,419  INFO  
  Case : BraTS20_Training_056
2026-06-28 22:16:22,419  INFO    PRED :
Lesion area: the right frontal and parietal lobes with a mixture of heterogeneous high and low signal areas
Edema: observed in the right parietal lobe, mainly concentrated in the frontal and occipital regions
Necrosis: the right parietal lobe with a mixture of heterogeneous high and low signal areas
Ventricular compression: the right frontal lobe with a mixture of compression and deformation
2026-06-28 22:16:22,419  INFO    REF  :
Lesion area: the right parietal and temporal lobes with heterogeneous high and low signal areas accompanied by patchy high signal regions
Edema: extensive, covering the peripheral regions of the lesions, suggesting significant swelling of the surrounding tissue. The area of
edema extends inward from the right cortex, affecting the white matter, resulting in widespread
edema
Necrosis: in regions displaying lower signal intensity, primarily concentrated in the deep lesion areas of the right parietal lobe
Ventricular compression: evident, with compression and deformation of the right ventricle, leading to a reduction in its volume
2026-06-28 22:16:22,419  INFO  ============================================================
2026-06-28 22:16:22,419  INFO    No improvement (7/12)
2026-06-28 22:16:44,895  INFO  [clinicalt5-hoss-aug] E 22  train=2.0815 (ppl 8.02)  val=1.8317 (ppl 6.24)  gn=1.949
2026-06-28 22:16:48,482  INFO    Content score (lesion): lobe_jacc=0.569  hemi=0.833  -> 0.701
2026-06-28 22:16:48,483  INFO  
============================================================  PREVIEW
2026-06-28 22:16:48,966  INFO  
  Case : BraTS20_Training_153
2026-06-28 22:16:48,966  INFO    PRED :
Lesion area: the left temporal and parietal lobes with a mixture of heterogeneous high and low signal areas
Edema: observed in the left parietal lobe, mainly concentrated in the frontal and occipital regions
Necrosis: observed in the left parietal lobe, with low signal intensity, indicating a lack of signal
Ventricular compression: the left frontal and parietal lobes are compressed and deformed
2026-06-28 22:16:48,966  INFO    REF  :
Lesion area: the left frontal and parietal lobes with a mix of heterogeneous high and low signals and speckled high-signal areas
Edema: significant in the left frontal and parietal lobes, mainly concentrated around the lesion area, with a broad range of diffusion, suggesting considerable swelling of the surrounding tissues
Necrosis: suggested by high signal intensity within the lesion area, predominantly concentrated in the right frontal and parietal lobes, with a relatively localized distribution
Ventricular compression: exerting some degree of compression on the right lateral ventricle
2026-06-28 22:16:49,441  INFO  
  Case : BraTS20_Training_115
2026-06-28 22:16:49,441  INFO    PRED :
Lesion area: the right frontal and parietal lobes with a mixture of heterogeneous high and low signal areas
Edema: the right frontal and parietal lobes with a large area of high and low signal areas
Necrosis: the right frontal and parietal lobes with low signal intensity, indicating a lack of signal
Ventricular compression: the right frontal and parietal lobes are compressed and deformed
2026-06-28 22:16:49,441  INFO    REF  :
Lesion area: the right frontal and parietal lobes with a mixture of heterogeneous high and low signals and speckled high-signal areas
Edema: extensive, visible around the lesions in the parietal and frontal lobes, primarily in the right frontal and parietal regions, extending to the adjacent ventricles
Necrosis: detected in the lesion area of the parietal lobe, presenting as heterogeneous low signals and mixed high signals
Ventricular compression: observed, indicated by pressure on the adjacent ventricles with slight morphological changes
2026-06-28 22:16:49,441  INFO  ============================================================
2026-06-28 22:16:49,441  INFO    No improvement (8/12)
2026-06-28 22:17:11,969  INFO  [clinicalt5-hoss-aug] E 23  train=2.0430 (ppl 7.71)  val=1.8051 (ppl 6.08)  gn=1.868
2026-06-28 22:17:15,639  INFO    Content score (lesion): lobe_jacc=0.521  hemi=0.833  -> 0.677
2026-06-28 22:17:15,640  INFO  
============================================================  PREVIEW
2026-06-28 22:17:16,133  INFO  
  Case : BraTS20_Training_220
2026-06-28 22:17:16,133  INFO    PRED :
Lesion area: the right frontal and parietal lobes with a mixture of heterogeneous high and low signal areas
Edema: observed in the right parietal lobe, with a large area of high-signal areas, indicating significant swelling of the edema
Necrosis: the right parietal and frontal lobes with low signal intensity, indicating a lack of signal intensity
Ventricular compression: the right frontal and parietal lobes are compressed and deformed
2026-06-28 22:17:16,133  INFO    REF  :
Lesion area: the right frontal lobe, right temporal lobe, and right occipital lobe with a mixed pattern of heterogeneous high and low signals, with patchy high-signal regions, suggesting multiple lesions
Edema: significant, primarily concentrated in the junction area of the right temporal lobe and frontal lobe, and in the right parietal lobe, spanning multiple brain lobes
Necrosis: visible with low signal intensity areas mainly concentrated in the junction of the right frontal and temporal lobes, with mixed signal characteristics
Ventricular compression: observed in the right frontal, temporal, and parietal lobes
2026-06-28 22:17:16,635  INFO  
  Case : BraTS20_Training_115
2026-06-28 22:17:16,635  INFO    PRED :
Lesion area: the right frontal and parietal lobes with a mixture of heterogeneous high and low signal areas
Edema: the right frontal and parietal lobes with a large area of high-signal areas
Necrosis: the right frontal and parietal lobes with a mixture of low and low signal areas
Ventricular compression: the right frontal and parietal lobes are compressed and deformed
2026-06-28 22:17:16,635  INFO    REF  :
Lesion area: the right frontal and parietal lobes with a mixture of heterogeneous high and low signals and speckled high-signal areas
Edema: extensive, visible around the lesions in the parietal and frontal lobes, primarily in the right frontal and parietal regions, extending to the adjacent ventricles
Necrosis: detected in the lesion area of the parietal lobe, presenting as heterogeneous low signals and mixed high signals
Ventricular compression: observed, indicated by pressure on the adjacent ventricles with slight morphological changes
2026-06-28 22:17:16,635  INFO  ============================================================
2026-06-28 22:17:16,635  INFO    No improvement (9/12)
2026-06-28 22:17:39,169  INFO  [clinicalt5-hoss-aug] E 24  train=2.0166 (ppl 7.51)  val=1.7779 (ppl 5.92)  gn=1.816
2026-06-28 22:17:42,821  INFO    Content score (lesion): lobe_jacc=0.722  hemi=0.708  -> 0.715
2026-06-28 22:17:42,823  INFO  
============================================================  PREVIEW
2026-06-28 22:17:43,322  INFO  
  Case : BraTS20_Training_310
2026-06-28 22:17:43,323  INFO    PRED :
Lesion area: the right frontal and parietal lobes with a mixture of heterogeneous high and low signal areas
Edema: the right frontal and parietal lobes with a large area of high-signal areas
Necrosis: the right frontal and parietal lobes with a mixture of low and low signal areas
Ventricular compression: the right frontal and parietal lobes are compressed and deformed
2026-06-28 22:17:43,323  INFO    REF  :
Lesion area: the central image, right frontal lobes, and temporal lobe regions (anterior and middle parts) with mixed signal intensity, with prominent speckled high-signal regions suggesting the presence of multiple lesions
Edema: significant, present around the lesions in the right frontal and temporal lobes, characterized by persistent high signal intensity, with extensive extent indicating pronounced swelling of surrounding tissues
Necrosis: observed in parts of the right parietal and frontal lobes, characterized by alternating regions of diffuse inhomogeneous low and high signal intensities, with unclear boundaries and a high degree of signal mixing
Ventricular compression: mild, with deformation of the right lateral ventricle, suggesting a gradually increasing mass effect
2026-06-28 22:17:43,811  INFO  
  Case : BraTS20_Training_120
2026-06-28 22:17:43,811  INFO    PRED :
Lesion area: the right frontal and parietal lobes with a mixture of heterogeneous high and low signal areas
Edema: observed in the right parietal lobe, with a large area of high-signal areas, indicating significant swelling of the edema
Necrosis: the right parietal lobe with a mixture of low and low signal areas
Ventricular compression: not observed, with the right ventricle being compressed and deformed
2026-06-28 22:17:43,811  INFO    REF  :
Lesion area: parts of the bilateral frontal and parietal lobes with a heterogeneous mix of high and low signals, accompanied by patchy high signal areas
Edema: significant, primarily surrounding the bilateral frontal and parietal lobes, indicating severe swelling in the tissues
Necrosis: suggested by multiple low-signal areas, primarily concentrated around the bilateral lesion sites, exhibiting a mixed signal appearance
Ventricular compression: not evident, indicating that the current lesions have a limited compressive effect on the brain tissue and ventricles
2026-06-28 22:17:43,811  INFO  ============================================================
2026-06-28 22:17:43,811  INFO    No improvement (10/12)
2026-06-28 22:18:06,432  INFO  [clinicalt5-hoss-aug] E 25  train=1.9952 (ppl 7.35)  val=1.7548 (ppl 5.78)  gn=1.981
2026-06-28 22:18:10,118  INFO    Content score (lesion): lobe_jacc=0.615  hemi=0.833  -> 0.724
2026-06-28 22:18:13,186  INFO    Hemisphere quick-check (lesion field): 19/20 = 95.0%
2026-06-28 22:18:18,049  INFO    Within-report distinctness: collapse=0%  distinct_ratio=1.00  (0.25=full collapse, 1.0=all differ)
2026-06-28 22:18:21,107  INFO    Cross-patient[lesion]: 9/20 unique = 0.45  (1.0=all differ, low=TEMPLATE COLLAPSE)
2026-06-28 22:18:23,303  INFO    Cross-patient[necrosis]: 17/20 unique = 0.85  (1.0=all differ, low=TEMPLATE COLLAPSE)
2026-06-28 22:18:23,304  INFO  
============================================================  PREVIEW
2026-06-28 22:18:23,833  INFO  
  Case : BraTS20_Training_357
2026-06-28 22:18:23,833  INFO    PRED :
Lesion area: the right frontal and parietal lobes with a mixture of heterogeneous high and low signal areas
Edema: observed in the right parietal and frontal lobes, with a large area of heterogeneous high and low signal areas
Necrosis: observed in the right parietal and frontal lobes with low signal intensity, indicating a lack of signal intensity
Ventricular compression: the right frontal and parietal lobes are compressed and deformed
2026-06-28 22:18:23,833  INFO    REF  :
Lesion area: the top and side of the right brain, particularly including the peripheral areas of the frontal and parietal lobes, with heterogeneous mixed signals and notable patches of high signal regions
Edema: a clearly visible high signal surrounding the lesion, mainly concentrated in the right frontal and parietal lobes, with a broad range of
edema affecting the nearby brain tissue
Necrosis: patchy areas of low signal and mixed signal primarily concentrated in the central part of the lesion area, characterized by decreased and uneven signals
Ventricular compression: slight, with the right lateral ventricle showing clear signs of compression
2026-06-28 22:18:24,323  INFO  
  Case : BraTS20_Training_341
2026-06-28 22:18:24,323  INFO    PRED :
Lesion area: the left temporal and parietal lobes with a mixture of heterogeneous high and low signals, indicating a mix of heteroteneous low signals and high signal areas
Edema: observed in the left parietal lobe, with a large area of high and low signal areas
Necrosis: observed in the left parietal lobe, indicating a lack of signal intensity
Ventricular compression: the left parietal lateral ventricle is compressed and deformed
2026-06-28 22:18:24,323  INFO    REF  :
Lesion area: the left side of the brain with a mixed pattern of high and low signals
Edema: significant, concentrated in the left frontal and temporal lobes, with extension into parts of the parietal lobe
Necrosis: observed with noticeable low signal areas in the left frontal and temporal lobes, displaying uneven signal intensity
Ventricular compression: significantly compressed, especially the deformation of the left ventricle
2026-06-28 22:18:24,323  INFO  ============================================================
2026-06-28 22:18:24,323  INFO    No improvement (11/12)
2026-06-28 22:18:46,697  INFO  [clinicalt5-hoss-aug] E 26  train=1.9519 (ppl 7.04)  val=1.7328 (ppl 5.66)  gn=1.865
2026-06-28 22:18:50,329  INFO    Content score (lesion): lobe_jacc=0.514  hemi=0.750  -> 0.632
2026-06-28 22:18:50,330  INFO  
============================================================  PREVIEW
2026-06-28 22:18:50,813  INFO  
  Case : BraTS20_Training_194
2026-06-28 22:18:50,813  INFO    PRED :
Lesion area: the left frontal and parietal lobes with a mixture of heterogeneous high and low signal areas
Edema: observed in the left frontal and parietal lobes, with a large area of high-signal areas
Necrosis: observed in the left frontal and parietal lobes with low signal intensity
Ventricular compression: observed with the left ventricle being compressed and deformed
2026-06-28 22:18:50,813  INFO    REF  :
Lesion area: multiple areas of the left brain (frontal lobe, temporal lobe, parietal lobe, occipital lobe) with irregular signal patterns characterized by mixed high and low signals and spotty high-signal areas
Edema: significant with a substantial amount of high-signal areas indicating marked
edema, primarily concentrated in the frontal and parietal regions of the left brain
Necrosis: characterized by several low-signal areas showing potential signs of
necrosis, with uneven low signals demonstrating the mixed nature of the necrotic tissue scattered without showing any obvious concentration
Ventricular compression: observed in certain areas of the left lateral ventricle, particularly in regions where the lesions are more concentrated
2026-06-28 22:18:51,317  INFO  
  Case : BraTS20_Training_197
2026-06-28 22:18:51,317  INFO    PRED :
Lesion area: the right frontal and parietal lobes with a mixture of heterogeneous high and low signal areas
Edema: observed in the right frontal and parietal lobes, with a large area of high-signal areas
Necrosis: observed in the right frontal and parietal lobes with low signal intensity, indicating a lack of signal intensity
Ventricular compression: the right frontal and parietal lobes are compressed and deformed
2026-06-28 22:18:51,317  INFO    REF  :
Lesion area: the right frontal and parietal lobes with heterogeneous mixed high and low signals, and speckled high signal areas suggesting multiple lesions
Edema: marked, predominantly in the right frontal and parietal lobes, with noticeable tissue swelling and a distinct ring-shaped
edema area extending outward from the lesion
Necrosis: observed with very low signal intensity areas that distinctly differ from surrounding tissue, and low signal speckles mixed within high signal regions, mainly concentrated within the lesion but showing a slight dispersal trend
Ventricular compression: quite apparent, with the right lateral ventricle significantly reduced in size, and the left lateral ventricle slightly reduced due to right-side lesion compression, indicating a substantial impact on the
ventricular system
2026-06-28 22:18:51,317  INFO  ============================================================
2026-06-28 22:18:51,317  INFO    No improvement (12/12)
2026-06-28 22:18:51,317  INFO  Early stopping.
2026-06-28 22:18:51,317  INFO  [clinicalt5-hoss-aug] done in 12.8 min. Best val=2.2111 at epoch 14 (content=0.757)
2026-06-28 22:18:51,353  INFO  
>>> Run 5/6  (elapsed: 98.6 min)
2026-06-28 22:18:51,354  INFO  
######################################################################
2026-06-28 22:18:51,354  INFO  # Training model: scifive-large  (razent/SciFive-large-Pubmed)
2026-06-28 22:18:51,354  INFO  #   augment=False  aug_preset=tuned  p_swap=0.15  p_shuffle=0.5  shuffle_mode=banded
2026-06-28 22:18:51,354  INFO  #   LoRA r=32  targets=['q', 'v', 'o', 'wi', 'wi_0', 'wi_1', 'wo']  (widen=True)
2026-06-28 22:18:51,354  INFO  #   lobe_rollup=True  select_metric=content
2026-06-28 22:18:51,354  INFO  #   max_input=640  max_target=160
2026-06-28 22:18:51,354  INFO  ######################################################################
2026-06-28 22:18:51,355  INFO  Cases  -> train 294 | val 74
2026-06-28 22:18:51,355  INFO  Examples (x4 fields) -> train 1176 | val 296
2026-06-28 22:18:51,538  INFO  HTTP Request: HEAD https://huggingface.co/razent/SciFive-large-Pubmed/resolve/main/config.json "HTTP/1.1 307 Temporary Redirect"
2026-06-28 22:18:51,619  INFO  HTTP Request: HEAD https://huggingface.co/api/resolve-cache/models/razent/SciFive-large-Pubmed/7dec1ea577acf357ee0f809fc0f7eeefb45aa42d/config.json "HTTP/1.1 200 OK"
2026-06-28 22:18:51,717  INFO  HTTP Request: HEAD https://huggingface.co/razent/SciFive-large-Pubmed/resolve/main/tokenizer_config.json "HTTP/1.1 404 Not Found"
2026-06-28 22:18:51,801  INFO  HTTP Request: HEAD https://huggingface.co/razent/SciFive-large-Pubmed/resolve/main/tokenizer_config.json "HTTP/1.1 404 Not Found"
2026-06-28 22:18:51,976  INFO  HTTP Request: GET https://huggingface.co/api/models/razent/SciFive-large-Pubmed/tree/main/additional_chat_templates?recursive=false&expand=false "HTTP/1.1 404 Not Found"
2026-06-28 22:18:52,088  INFO  HTTP Request: GET https://huggingface.co/api/models/razent/SciFive-large-Pubmed/tree/main?recursive=true&expand=false "HTTP/1.1 200 OK"
2026-06-28 22:18:52,208  INFO  HTTP Request: HEAD https://huggingface.co/razent/SciFive-large-Pubmed/resolve/main/spiece.model "HTTP/1.1 302 Found"
2026-06-28 22:18:52,451  INFO  HTTP Request: HEAD https://huggingface.co/razent/SciFive-large-Pubmed/resolve/main/config.json "HTTP/1.1 307 Temporary Redirect"
2026-06-28 22:18:52,513  INFO  HTTP Request: HEAD https://huggingface.co/api/resolve-cache/models/razent/SciFive-large-Pubmed/7dec1ea577acf357ee0f809fc0f7eeefb45aa42d/config.json "HTTP/1.1 200 OK"
2026-06-28 22:18:52,601  INFO  HTTP Request: HEAD https://huggingface.co/razent/SciFive-large-Pubmed/resolve/main/config.json "HTTP/1.1 307 Temporary Redirect"
2026-06-28 22:18:52,634  INFO  HTTP Request: HEAD https://huggingface.co/api/resolve-cache/models/razent/SciFive-large-Pubmed/7dec1ea577acf357ee0f809fc0f7eeefb45aa42d/config.json "HTTP/1.1 200 OK"
2026-06-28 22:18:52,981  INFO  HTTP Request: HEAD https://huggingface.co/razent/SciFive-large-Pubmed/resolve/main/generation_config.json "HTTP/1.1 404 Not Found"
2026-06-28 22:18:53,058  INFO  HTTP Request: HEAD https://huggingface.co/razent/SciFive-large-Pubmed/resolve/main/config.json "HTTP/1.1 307 Temporary Redirect"
2026-06-28 22:18:53,100  INFO  HTTP Request: HEAD https://huggingface.co/api/resolve-cache/models/razent/SciFive-large-Pubmed/7dec1ea577acf357ee0f809fc0f7eeefb45aa42d/config.json "HTTP/1.1 200 OK"
2026-06-28 22:18:54,703  INFO  Using LR: 1e-05  |  label_smoothing: 0.1
2026-06-28 22:21:12,943  INFO  [scifive-large] E  1  train=4.2302 (ppl 68.73)  val=4.2554 (ppl 70.49)  gn=1.325
2026-06-28 22:21:47,753  INFO    Content score (lesion): lobe_jacc=0.111  hemi=0.375  -> 0.243
2026-06-28 22:21:47,758  INFO  
============================================================  PREVIEW
2026-06-28 22:21:53,556  INFO  
  Case : BraTS20_Training_023
2026-06-28 22:21:53,556  INFO    PRED :
Lesion area: if any, is the tumor located?mediodorsal Nucleus) left [subcortical]: WT=0, region%=1 - Area hOc1 (V1, 17, CalcS) right [occipital]: ET=1,if any?lateral medial nucleuslaterallaterallaterallateral?OTHER Otherright0 * * * *0000
Edema: EDEMA is located and how extensive is it? Use the atlas matrix for one patient:EDEMA]: ET=1, WT=0, region%=1 Where is the it is located?EMA? What is its extent? Where is it located? Answer in ONE concise line. Where are theEMA located? ED? Answer: Answer:,-- * * *- *- *-*-]:
Necrosis: If there is a NECROSIS, answer 'not observed'. If yes, answer "observed". If no, describe the location and signal. the NECROCSIS. if there is one. if present. If absent, describe it. If present, answeral Nucleus) left [other]: ET=,.. Answer.. *- *- * : *
Ventricular compression: If yes, answer 'observed'. If no, describe any VENTRICULAR COMPRESSION (which ventricles, what deformation). if so, if yes:alamus, medial nucleus) left [subcortical]: WT=0, region%=0ala:if::.: *- *- * * *: ***al
2026-06-28 22:21:53,556  INFO    REF  :
Lesion area: the left frontal and parietal lobes with multiple mixed high and low signal areas and speckled high signal regions, distributed unevenly with indistinct boundaries
Edema: significant with notable swelling in the tissue around the lesions, surrounding the left frontal and parietal lobes and affecting the normal brain tissue around these areas
Necrosis: observed in the central part of the lesion area as a large low signal region, mainly concentrated within the right frontal lobe
Ventricular compression: observed as the left lateral ventricle is noticeably compressed and deformed, consistent with the location of the lesions, suggesting a certain degree of compression effect on the ventricles caused by the lesions
2026-06-28 22:21:59,450  INFO  
  Case : BraTS20_Training_178
2026-06-28 22:21:59,450  INFO    PRED :
Lesion area: In which lobe(s) and hemisphere is the tumor LESION, and what signal characteristics are present? right [temporal]: ET=0, WT=1, region%=2 - Area PF (IPL) right [parietal]: or right [occipital]: Et=2, WT, and Answer: Left 00 * * * **
Edema: EDEMA and how extensive is it?, WT=0, region%=2 Answer in ONE concise line:EDEMA located? What is its extent?EMA right [occipital]: ET=1, TC=4, WT =0, area%=3 - Area hOc4d (IPS) right [temporal]:0? Where?: Answer 1,1, *:,
Necrosis: If there is one, answer 'not observed'. If there are two or more, answer the question 'observed'.G) right [occipital]:).G1) right [temporal]: ET=0, WT=1, region%=2 - Area FG2 (FusG)G and.::. region%1, * * : **GG)
Ventricular compression: If yes, answer 'observed'. If no, answer "not observed'.Describe any VENTRICULAR COMPRESSION (which ventricles, what deformation).?: Describe anyDescribe any? Answer in a concise line.if observed.:?if any.if any: ET=1, TC=4, WT= region%0---------
2026-06-28 22:21:59,450  INFO    REF  :
Lesion area: the right frontal and parietal lobes with heterogeneous signal, including high signal intensity and spot-like high signal intensities indicating multiple lesions
Edema: significant, mainly concentrated in the right frontal and parietal lobes, extending over a large area including the tissues surrounding the lesion, suggesting notable swelling of the surrounding tissue
Necrosis: located at the center of the lesion, characterized by lower signal intensity and highly heterogeneous, displaying uneven signals and is relatively concentrated
Ventricular compression: evident, particularly on the right side, as the ventricles appear deformed due to the pressure from surrounding
2026-06-28 22:21:59,450  INFO  ============================================================
2026-06-28 22:21:59,628  INFO  HTTP Request: HEAD https://huggingface.co/razent/SciFive-large-Pubmed/resolve/main/config.json "HTTP/1.1 307 Temporary Redirect"
2026-06-28 22:21:59,663  INFO  HTTP Request: HEAD https://huggingface.co/api/resolve-cache/models/razent/SciFive-large-Pubmed/7dec1ea577acf357ee0f809fc0f7eeefb45aa42d/config.json "HTTP/1.1 200 OK"
2026-06-28 22:21:59,747  INFO  HTTP Request: HEAD https://huggingface.co/razent/SciFive-large-Pubmed/resolve/main/config.json "HTTP/1.1 307 Temporary Redirect"
2026-06-28 22:21:59,782  INFO  HTTP Request: HEAD https://huggingface.co/api/resolve-cache/models/razent/SciFive-large-Pubmed/7dec1ea577acf357ee0f809fc0f7eeefb45aa42d/config.json "HTTP/1.1 200 OK"
2026-06-28 22:21:59,858  INFO    ✓ New best (content=0.243) → checkpoints_multi_v4/scifive-large
2026-06-28 22:24:18,020  INFO  [scifive-large] E  2  train=4.2014 (ppl 66.78)  val=4.2252 (ppl 68.39)  gn=1.655
2026-06-28 22:24:52,750  INFO    Content score (lesion): lobe_jacc=0.111  hemi=0.417  -> 0.264
2026-06-28 22:24:52,755  INFO  
============================================================  PREVIEW
2026-06-28 22:24:58,535  INFO  
  Case : BraTS20_Training_125
2026-06-28 22:24:58,535  INFO    PRED :
Lesion area: In which lobe(s) and hemisphere is the tumor LESION, and what are its signal characteristics? right [other]: ET=2, TC=1, WT=0, region%=74 - Area hIP6 (IPS) right [temporal]: and and WT, RIGHT Answer::65%,- -: * *:*:*
Edema: EDEMA is located and how extensive is it?T=0, region%=74 - Area hIP3 (IPS) right [other]: ET=2, TC=4, WT=3, region%1: T=1, region%>75. Where is theEMA located? Where is it? Answer: What:, Area ------:==
Necrosis: If there is a NECROSIS, answer 'not observed'. If yes, answer "observed". right [temporal]: ET=2, TC=1, WT=0, region%=74 Answer: If present, describe the signal. If absent, describe it. If not, answer Location and signal. Answer:. Area1-------=
Ventricular compression: If yes, answer 'observed'. If no, describe any VENTRICULAR COMPRESSION (which ventricles, what deformation). If yes: if so, explain why. COMPLESSION: Describe any 'not observed'.:if any.:::: : region%=-------=----%-
2026-06-28 22:24:58,535  INFO    REF  :
Lesion area: the frontal and parietal lobes of the right cerebral hemisphere with a mix of heterogeneous high and low signals with speckled high-intensity signals
Edema: primarily located around the lesions, especially in the frontal and parietal lobes of the right cerebral hemisphere, presenting as notably high intensity
Necrosis: primarily located in the deeper structures of the right frontal and parietal lobes with lower signal intensity compared to the higher signal intensity areas of
Ventricular compression: some compression effect on the ventricles by the right hemisphere lesions, but no significant changes in the shape of the ventricles have been observed
2026-06-28 22:25:04,254  INFO  
  Case : BraTS20_Training_233
2026-06-28 22:25:04,254  INFO    PRED :
Lesion area: is the tumor LESION, and what are its signal characteristics?: Patient: BraTS20_Training_233 Dominant hemisphere: LEFT Lobe involvement: area(s)? In which lobe(s), and in which hemispheric region is the Answer: In which? Answer:RIGHT,-0--000::00-
Edema: EDEMA is located and how extensive is it? Use only the atlas matrix for one patient: Where is the edema located and what extent is it extensive? ED EDEMA? Where is it located? How extensive? Answer in ONE concise line. Where is ED located? Answer in one concise line: What:,-1, region%=-----: * *
Necrosis: If there is one, answer 'observed'. If there are two or more, answer the question 'not observed'. If yes, describe the NECROSIS Location and signal. If no, answer "not observed". Answer: Describe the location and signal of the Answer: What is the? Answer: Yes/No. Answer:-------::= *
Ventricular compression: If yes, answer 'observed'. If no, describe any VENTRICULAR COMPRESSION (which ventricles, what deformation). if observed, if present, describe the deformation. If none, answer "not observed". If observed, describe it. If not, answer yes.:Describe any.: Answer:,----0-: **
2026-06-28 22:25:04,254  INFO    REF  :
Lesion area: the left temporal and occipital lobes with a mixture of heterogeneous high and low signals, with spotted high signal characteristics
Edema: mainly concentrated near the left temporal lobe region and around the occipital lobe with homogeneous or heterogeneous high signals, indicating significant swelling of the surrounding tissues in these areas, with a considerable range of
edema
Necrosis: present within the left occipital and temporal lobes, showing low signal areas intermixed with some high signal zones in the overall imaging
Ventricular compression: not observed
2026-06-28 22:25:04,254  INFO  ============================================================
2026-06-28 22:25:04,439  INFO  HTTP Request: HEAD https://huggingface.co/razent/SciFive-large-Pubmed/resolve/main/config.json "HTTP/1.1 307 Temporary Redirect"
2026-06-28 22:25:04,477  INFO  HTTP Request: HEAD https://huggingface.co/api/resolve-cache/models/razent/SciFive-large-Pubmed/7dec1ea577acf357ee0f809fc0f7eeefb45aa42d/config.json "HTTP/1.1 200 OK"
2026-06-28 22:25:04,560  INFO  HTTP Request: HEAD https://huggingface.co/razent/SciFive-large-Pubmed/resolve/main/config.json "HTTP/1.1 307 Temporary Redirect"
2026-06-28 22:25:04,598  INFO  HTTP Request: HEAD https://huggingface.co/api/resolve-cache/models/razent/SciFive-large-Pubmed/7dec1ea577acf357ee0f809fc0f7eeefb45aa42d/config.json "HTTP/1.1 200 OK"
2026-06-28 22:25:04,733  INFO    ✓ New best (content=0.264) → checkpoints_multi_v4/scifive-large
2026-06-28 22:27:22,652  INFO  [scifive-large] E  3  train=4.1676 (ppl 64.56)  val=4.1653 (ppl 64.41)  gn=1.572
2026-06-28 22:27:57,403  INFO    Content score (lesion): lobe_jacc=0.122  hemi=0.458  -> 0.290
2026-06-28 22:27:57,407  INFO  
============================================================  PREVIEW
2026-06-28 22:28:03,247  INFO  
  Case : BraTS20_Training_057
2026-06-28 22:28:03,247  INFO    PRED :
Lesion area: In which brain region(s) is the tumor LESION, and what are its signal characteristics? region%=11 - LP right [other]: WT=0, region%9 - Area hPO1 (IPS) right [subcortical]: What area(s), and region% Region and region Answer::.:,,,--- *- * **
Edema: EDEMA and how extensive is it?sial prefrontal Nucleus) right [subcortical]: WT=0, region%=85 -sencephalon)?siodistal nucleus of the thalamus) left [other]:solimbic ED?? Where and? Answer Area1,---- * ***
Necrosis: If there is a NECROSIS, answer 'not observed'. If yes, answer "observed". If no, describe the location and signal. If not observed, answer either question. Answer: Answer: Describe the NECROCSIS (location and signal). If not, answer yes or Answer: Answer: Answer: Answer: Answer:1, region%,---- * * *
Ventricular compression: Describe any VENTRICULAR COMPRESSION (which ventricles, what deformation). If none, answer 'observed'. If observed, describe any deformation. if observed, if present:? If yes, describe it. If not, answer no. Answer:?:::.:, region%= region----- *:=,-0
2026-06-28 22:28:03,247  INFO    REF  :
Lesion area: the left frontal lobe with mixed signals of varying intensities and spot-like high signal areas
Edema: extensive, affecting parts of the parietal and temporal lobes, further illustrating the severity of the lesion
Necrosis: present, with possible signs of
necrosis in the left frontal lobe, showing uneven signal intensity with low signals mixed with high signal zones
Ventricular compression: present, with the left lateral ventricle showing some compression
2026-06-28 22:28:09,068  INFO  
  Case : BraTS20_Training_074
2026-06-28 22:28:09,068  INFO    PRED :
Lesion area: In which lobe(s) and hemisphere is the tumor LESION, and what signal characteristics are present?: ET=1, TC=0, WT=1, region%=81 - Area 7M (PhG) left [temporal]: and What is the signal characteristics? Answer in one line: Patient:;;;?:,,00 * * *- **-
Edema: EDEMA and how extensive is it?0, region%=81 - Area 7M (SPL) left [temporal]: ET=1, TC=0, WT=0; the EMA and where is it located? Where is itEDEDEMA is located? Answer in one line: patient? Patient: patient:2, region%0 * *1, region%
Necrosis: If there is a NECROSIS, answer 'not observed'. If there are, answer the question 'observed'. Otherwise, describe the location and signal. Answer::) left [temporal]: ET=1, TC=0, WT=1, region%=81 - Area) left and Answer yes Answer. *-30---- *- *=-
Ventricular compression: Describe any VENTRICULAR COMPRESSION (which ventricles, what deformation). If none, answer 'observed'. If yes, describe any deformation. If no, answer "not observed". if any: COMPRESTION? Answer: 'any'. If yes: describe any.?..:.:.0---- *- **-
2026-06-28 22:28:09,069  INFO    REF  :
Lesion area: the left parietal lobe with a mix of high and low signals, exhibiting an uneven signal pattern and spotty high-signal areas, suggesting multiple lesions
Edema: mainly located around the left parietal lobe with notable swelling and moderate extent, affecting some adjacent tissues
Necrosis: some low-signal areas concentrated in the central region of the lesions with a mixed signal appearance, with some regions accompanying high-signal edges, suggesting progressive
necrosis
Ventricular compression: not observed
2026-06-28 22:28:09,069  INFO  ============================================================
2026-06-28 22:28:09,238  INFO  HTTP Request: HEAD https://huggingface.co/razent/SciFive-large-Pubmed/resolve/main/config.json "HTTP/1.1 307 Temporary Redirect"
2026-06-28 22:28:09,271  INFO  HTTP Request: HEAD https://huggingface.co/api/resolve-cache/models/razent/SciFive-large-Pubmed/7dec1ea577acf357ee0f809fc0f7eeefb45aa42d/config.json "HTTP/1.1 200 OK"
2026-06-28 22:28:09,354  INFO  HTTP Request: HEAD https://huggingface.co/razent/SciFive-large-Pubmed/resolve/main/config.json "HTTP/1.1 307 Temporary Redirect"
2026-06-28 22:28:09,389  INFO  HTTP Request: HEAD https://huggingface.co/api/resolve-cache/models/razent/SciFive-large-Pubmed/7dec1ea577acf357ee0f809fc0f7eeefb45aa42d/config.json "HTTP/1.1 200 OK"
2026-06-28 22:28:09,525  INFO    ✓ New best (content=0.290) → checkpoints_multi_v4/scifive-large
2026-06-28 22:30:27,392  INFO  [scifive-large] E  4  train=4.1063 (ppl 60.72)  val=4.0595 (ppl 57.94)  gn=1.160
2026-06-28 22:31:02,452  INFO    Content score (lesion): lobe_jacc=0.205  hemi=0.417  -> 0.311
2026-06-28 22:31:02,457  INFO  
============================================================  PREVIEW
2026-06-28 22:31:08,308  INFO  
  Case : BraTS20_Training_016
2026-06-28 22:31:08,308  INFO    PRED :
Lesion area: -TC=1, WT=1, region%=46 - Area hIP3 (IPS) right [other]: ET=0, TC=2, WT(s)=1,--What is the signal characteristics of the tumor?TC=3, WT2, region%60 - Region hIPS- Answer- Which?65%,11, * * * ****
Edema: EDEMA and how extensive is it?- Area hIP3 (IPS) right [other]: ET=0, TC=1, WT=1, region%=75 - Area Te 2.2 (STG) right it is located?EMA? Where is it located? How extensive? Where are they located? ED? Answer: Area region%--------
Necrosis: If there is one, answer 'not observed'. If there are two or more, describe the NECROSIS (location and signal)., WT=1, region%=46 - Area hIP3 (IPS) right [other]: ET=0, Answer:, TC=, or Answer: Answer: Answer Answer ,1,,------, region-
Ventricular compression: Describe any VENTRICULAR COMPRESSION (which ventricles, what deformation). If none, answer 'not observed'. If one, describe any deformation. If two, answer yes. If three, answer no. Answer:)?? If yes, describe it. If no, answer.?if any.:?.,,1, region%=--------
2026-06-28 22:31:08,308  INFO    REF  :
Lesion area: the right frontal lobe, parietal lobe, and temporal lobe with heterogeneous, mixed high and low signals forming multiple spot-like high signal regions
Edema: clearly concentrated in the right frontal lobe, parietal lobe, and temporal lobe with a significant high signal indicating pronounced swelling, covering a large extent of these brain regions
Necrosis: characterized by an uneven mixture of high and low signals with significant possibility in the right frontal and parietal regions, predominantly as a central region of high signal surrounded by uneven low signal dispersions
Ventricular compression: noticeable, primarily concentrated on the right ventricle, with the right lateral ventricle visibly deformed due to pressure
2026-06-28 22:31:14,135  INFO  
  Case : BraTS20_Training_233
2026-06-28 22:31:14,135  INFO    PRED :
Lesion area: hOc3d (Cuneus) left [occipital]: WT=0, region%=0? area(s) is the LESION, and what are its signal characteristics? In which lobe(s), and in which hemisphere? Answer in ONE concise line: In which is tumor? Answer: :-00000: * **
Edema: EDEMA is located and how extensive is it? Use only the atlas matrix for one patient: Where is the edema located and what extent is it extensive? EDETA is located? EDEMA? Where is it located? How extensive? Answer in ONE concise line. Where is ED located? Answer: where? Where? -------, region%=--
Necrosis: If there is one, answer 'observed'. If there are two or more, answer in ONE concise line. If one is observed, answer only 'not observed'. Describe the location and signal. Answer: Describe NECROSIS (location and signal). If none, answer not observed. Answer: What is observed? Answer Answer:1, region%=2-----:--
Ventricular compression: If yes, answer 'observed'. If no, describe any VENTRICULAR COMPRESSION (which ventricles, what deformation). if present, describe the deformation. If not observed, describe none. Describe any 'not observed'. Answer in ONE line.?Describe any.:::,------=0, region * *
2026-06-28 22:31:14,135  INFO    REF  :
Lesion area: the left temporal and occipital lobes with a mixture of heterogeneous high and low signals, with spotted high signal characteristics
Edema: mainly concentrated near the left temporal lobe region and around the occipital lobe with homogeneous or heterogeneous high signals, indicating significant swelling of the surrounding tissues in these areas, with a considerable range of
edema
Necrosis: present within the left occipital and temporal lobes, showing low signal areas intermixed with some high signal zones in the overall imaging
Ventricular compression: not observed
2026-06-28 22:31:14,135  INFO  ============================================================
2026-06-28 22:31:14,361  INFO  HTTP Request: HEAD https://huggingface.co/razent/SciFive-large-Pubmed/resolve/main/config.json "HTTP/1.1 307 Temporary Redirect"
2026-06-28 22:31:14,394  INFO  HTTP Request: HEAD https://huggingface.co/api/resolve-cache/models/razent/SciFive-large-Pubmed/7dec1ea577acf357ee0f809fc0f7eeefb45aa42d/config.json "HTTP/1.1 200 OK"
2026-06-28 22:31:14,469  INFO  HTTP Request: HEAD https://huggingface.co/razent/SciFive-large-Pubmed/resolve/main/config.json "HTTP/1.1 307 Temporary Redirect"
2026-06-28 22:31:14,502  INFO  HTTP Request: HEAD https://huggingface.co/api/resolve-cache/models/razent/SciFive-large-Pubmed/7dec1ea577acf357ee0f809fc0f7eeefb45aa42d/config.json "HTTP/1.1 200 OK"
2026-06-28 22:31:14,641  INFO    ✓ New best (content=0.311) → checkpoints_multi_v4/scifive-large
2026-06-28 22:33:32,675  INFO  [scifive-large] E  5  train=4.0013 (ppl 54.67)  val=3.9267 (ppl 50.74)  gn=1.223
2026-06-28 22:34:07,686  INFO    Content score (lesion): lobe_jacc=0.337  hemi=0.542  -> 0.439
2026-06-28 22:34:36,812  INFO    Hemisphere quick-check (lesion field): 11/20 = 55.0%
2026-06-28 22:35:34,797  INFO    Within-report distinctness: collapse=0%  distinct_ratio=1.00  (0.25=full collapse, 1.0=all differ)
2026-06-28 22:36:03,733  INFO    Cross-patient[lesion]: 20/20 unique = 1.00  (1.0=all differ, low=TEMPLATE COLLAPSE)
2026-06-28 22:36:32,675  INFO    Cross-patient[necrosis]: 20/20 unique = 1.00  (1.0=all differ, low=TEMPLATE COLLAPSE)
2026-06-28 22:36:32,679  INFO  
============================================================  PREVIEW
2026-06-28 22:36:38,562  INFO  
  Case : BraTS20_Training_043
2026-06-28 22:36:38,562  INFO    PRED :
Lesion area: Right [temporal]: WT=1, region%=66 - Area Te 2.2 (STG) right [other]: ET=0, TC=1, WT =0, 2.1 (HESCHL) right12.1 (Hippocampus) right[temporal], WT2, region%> 2.1,; Answer: , 4, * * *- *- * * *
Edema: EDEMA is located and how extensive is it? Answer in ONE concise line.=1, region%=66 - Area Te 2.2 (HESCHL) right [other]: ET=1, TC=1, WT=2,?EMA=0, region%67 - Where is theEMA located? The matrix for one patient: where? region%--- ---
Necrosis: Right [temporal]: WT=1, region%=66 - Area Te 2.1 (HESCHL) right [tertiary]:STG) right[temporal):STG).HESCHl) left [temporally]:2.2 (STG), right and If there is, answer 'not observed' Answer: Answer Yes Answer region------,-
Ventricular compression: Describe any VENTRICULAR COMPRESSION (which ventricles, what deformation). If none, answer 'observed'. If observed, describe any deformation. If not observed, answer "not observed". Observed:? What deformation? Answer: Deformation of the ventricle. Which??if any.:.. 1,--- ---
2026-06-28 22:36:38,562  INFO    REF  :
Lesion area: the right frontal and parietal regions with mixed high and low signals with patchy high-signal areas
Edema: prominent, concentrated in the right frontal and parietal lobes, with a minor extension to the temporal lobe, showing significant high signals
Necrosis: mostly observed in the right parietal and occipital lobes, appearing as low signals interspersed with some high-signal areas
Ventricular compression: notable on the lateral ventricles, with the lesion areas exerting a certain compressive effect on the ventricles
2026-06-28 22:36:44,324  INFO  
  Case : BraTS20_Training_094
2026-06-28 22:36:44,324  INFO    PRED :
Lesion area: Area FG3 (FusG) left [temporal]: ET=49, TC=4, WT=4, region%=68 - Area hOc4v (Hippocampus, Subicular complex) left? and in which lobe(s) and hemisphere is the tumor LESION? The matrix Answer: Right rightright00001::0 -
Edema: EDEMA is located and how extensive is it? Use only the atlas matrix for one patient: ED edema is located? What extent is it extensive?EMA: Where is it located and to what extent? Answer in ONE concise line. Where is theEMA located? Answer Area ED located? Patient: 33%,5%,------:= *--
Necrosis: If there is no NECROSIS, answer 'not observed'. If there are, answer in ONE concise line. If not observed, answer "observed". Describe the location and signal. If present, describe the signal. Answer: Where is it located? If not, describe it. If absent, answer not observed. and Answer yes or no... Left,----:: *
Ventricular compression: Describe any VENTRICULAR COMPRESSION (which ventricles, what deformation). If none, answer 'not observed'. If yes, describe any deformation. If no, answer "observed". if present, describe it. if any: Which ventricle? What deformation? Which?.Describe any.. Answer: Left----- *: *-
2026-06-28 22:36:44,324  INFO    REF  :
Lesion area: the left parietal and occipital lobes with heterogeneous mixed signals with spotty high signals
Edema: significant, mainly observed in the left parietal and occipital lobes, with high signal intensity and substantial extent overlapping with lesion areas
Necrosis: observed with low signal intensity mixed with high signal spots, mainly concentrated and scattered in the left parietal and occipital lobes
Ventricular compression: pronounced, especially under the influence of lesions in the left parietal and occipital regions
2026-06-28 22:36:44,324  INFO  ============================================================
2026-06-28 22:36:44,500  INFO  HTTP Request: HEAD https://huggingface.co/razent/SciFive-large-Pubmed/resolve/main/config.json "HTTP/1.1 307 Temporary Redirect"
2026-06-28 22:36:44,537  INFO  HTTP Request: HEAD https://huggingface.co/api/resolve-cache/models/razent/SciFive-large-Pubmed/7dec1ea577acf357ee0f809fc0f7eeefb45aa42d/config.json "HTTP/1.1 200 OK"
2026-06-28 22:36:44,616  INFO  HTTP Request: HEAD https://huggingface.co/razent/SciFive-large-Pubmed/resolve/main/config.json "HTTP/1.1 307 Temporary Redirect"
2026-06-28 22:36:44,652  INFO  HTTP Request: HEAD https://huggingface.co/api/resolve-cache/models/razent/SciFive-large-Pubmed/7dec1ea577acf357ee0f809fc0f7eeefb45aa42d/config.json "HTTP/1.1 200 OK"
2026-06-28 22:36:44,785  INFO    ✓ New best (content=0.439) → checkpoints_multi_v4/scifive-large
2026-06-28 22:39:02,695  INFO  [scifive-large] E  6  train=3.8544 (ppl 47.20)  val=3.7684 (ppl 43.31)  gn=1.184
2026-06-28 22:39:37,578  INFO    Content score (lesion): lobe_jacc=0.274  hemi=0.458  -> 0.366
2026-06-28 22:39:37,583  INFO  
============================================================  PREVIEW
2026-06-28 22:39:43,388  INFO  
  Case : BraTS20_Training_120
2026-06-28 22:39:43,388  INFO    PRED :
Lesion area: mc) right [subcortical]: ET=1, TC=1, WT=0, region%=33 *- VA (Thalamus, ventral anterior Nucleus, magnocellular part) left [other]:0, area%=37 *- if any,0. 0 00 ? Answer: and------ *- * *
Edema: , ventral lateral posterior Nucleus) right [subcortical]: ET=1, TC=1, WT=0, region%=33 *- VAmc (Thalamus,ventral)EDEMA?Thalamis, ventrolateral nucleus,mus,VLP, EDEMA Answer: Answer: ------ *--
Necrosis: ) right [subcortical]: ET=1, TC=1, WT=0, region%=33 - VAmc (Thalamus, ventral anterior Nucleus, magnocellular part) right%=38 -=37%=37 - VAN (Thals,, ventral,). Answer: Answer: Answer: ----- *- *-
Ventricular compression: WT=0, region%=33 - VAmc (Thalamus, ventral anterior Nucleus, magnocellular part) right [other]: ET=1, TC=1, WT =0, WT WT: WT1, ET=2, WT WT Describe any.:.: COMPRESSION: Answer--------
2026-06-28 22:39:43,388  INFO    REF  :
Lesion area: parts of the bilateral frontal and parietal lobes with a heterogeneous mix of high and low signals, accompanied by patchy high signal areas
Edema: significant, primarily surrounding the bilateral frontal and parietal lobes, indicating severe swelling in the tissues
Necrosis: suggested by multiple low-signal areas, primarily concentrated around the bilateral lesion sites, exhibiting a mixed signal appearance
Ventricular compression: not evident, indicating that the current lesions have a limited compressive effect on the brain tissue and ventricles
2026-06-28 22:39:48,620  INFO  
  Case : BraTS20_Training_204
2026-06-28 22:39:48,620  INFO    PRED :
Lesion area: is the tumor LESION, and what signal characteristics are associated with it?: In which lobe(s) and hemisphere(s), and in which regions? What is the AREA(S) of the tumor? Answer in ONE concise line. In which is the matrix: Answer in one line. Which? . -- * *---= *--
Edema: EDEMA is located and how extensive is it? Where is the TC located and necrosis? What is the extent of the edema? ED EDEMA Location and extent: Where is it located and where is it extensive? Answer in ONE concise line. Where is ED ED? ED located?: OTHEROTHEROTHEROTHER---=0 *--
Necrosis: Describe the NECROSIS (location and signal). If there is none, answer 'not observed'. Describe if there is any, describe the location and signal. If not observed, describe it. Location and signal in one line. If no, answer "observed". If not, answer yes. and signal or). . =----:-= *
Ventricular compression: Describe any VENTRICULAR COMPRESSION (which ventricles, what deformation). If none, answer 'not observed'. Observe and which ventricle? What deformation)? If yes, describe it.: Describe the presence of any.?if any. if present.ION?.? Answer:RIGHT-- --- *-= *
2026-06-28 22:39:48,620  INFO    REF  :
Lesion area: the right side of the brain, specifically in the frontal, temporal, and parietal lobes, with heterogeneous mixed high and low signals and patchy high signal areas
Edema: primarily seen in the right temporal and parietal lobes, with an extent that is extensive, suggesting marked swelling in the tissues surrounding the lesion
Necrosis: interspersed in small patches among the lesion areas in the right side of the brain, featuring uneven signal intensity
Ventricular compression: significant on the right ventricle, indicating a degree of pressure exerted by the lesions on the brain tissue and ventricles
2026-06-28 22:39:48,620  INFO  ============================================================
2026-06-28 22:39:48,620  INFO    No improvement (1/12)
2026-06-28 22:42:06,601  INFO  [scifive-large] E  7  train=3.7009 (ppl 40.48)  val=3.5753 (ppl 35.71)  gn=1.240
2026-06-28 22:42:41,592  INFO    Content score (lesion): lobe_jacc=0.340  hemi=0.417  -> 0.378
2026-06-28 22:42:41,596  INFO  
============================================================  PREVIEW
2026-06-28 22:42:47,468  INFO  
  Case : BraTS20_Training_077
2026-06-28 22:42:47,468  INFO    PRED :
Lesion area: 1) left [temporal]: ET=1, TC=0, WT=1, region%=80 *- CM (Amygdala) left [other]:ET=2, TC =8, WT85 *-8684 *- Rt (Thalamus) left86 *-> and>? Right, right0-----*00-
Edema: left [subcortical]: ET=2, TC=8, WT=1, region%=56 *- Tl (Thalamus, thalamic nucleus) left [temporal]:na), left [other]:na) leftta) right [other], leftta and;: Answer:, --------0--
Necrosis: -Rt (Amygdala) left [subcortical]: ET=1, TC=0, WT=1, region%=84 *- SN (Splenium) left--- Rt (Thalamus) left[temporal]:-/ and.: Answer: rightother------------%
Ventricular compression: ET=1, TC=0, WT=1, region%=80 *- VP (Hippocampus) left [temporal]: ET=2, TC =0,1, region%)=84 *- Describe any Answer: All ventricles are compressed. If none, answer 'not observed'. Answer yes??.?.: COMPRESION ---- right, **
2026-06-28 22:42:47,468  INFO    REF  :
Lesion area: the left frontal and parietal lobes with heterogeneous high-signal and low-signal areas, with spotted high-signal regions
Edema: prominent, primarily surrounding the lesions in the left frontal and parietal regions, with severe swelling of the tissues
Necrosis: suggested by low-signal and signal-void regions interspersed among areas of high and iso-signal, with distribution being uneven in the frontal and parietal regions
Ventricular compression: evident as mild deformation and compression of the ventricles, primarily in the left lateral ventricle
2026-06-28 22:42:53,269  INFO  
  Case : BraTS20_Training_074
2026-06-28 22:42:53,269  INFO    PRED :
Lesion area: Left [temporal]: ET=1, TC=0, WT=1, region%=0 - Area 7M (PhG) left [temporary]: WT =0,- - - Right [parietal]: - 1, region%1 - Left - - 30---------
Edema: TC=1, WT=0, region%=81 - Area 7M (SPL) right [parietal]: ET=1, TC=0 and WT =0, regions%=80 and 82 -1, region%1?1, region1 - ET=2, region%0 ED?? Where? ,-- -*,, region-,%
Necrosis: Left [temporal]: ET=1, TC=0, WT=1, region%=0 - Area 7M (SPL) left [temporary]: WT =0, - Answer:) right [parietal]: Et=1, WT0, region%,> and. Answer: Answer: *- -----=,,
Ventricular compression: ET=1, TC=0, WT=1, region%=0 - Area Ph3 (PhG) left [temporal]: ET=2, TF=1, - Answer: if present. If not, answer 'not observed'. If yes, describe.: Which???.:.: Answer1------=0---% *
2026-06-28 22:42:53,269  INFO    REF  :
Lesion area: the left parietal lobe with a mix of high and low signals, exhibiting an uneven signal pattern and spotty high-signal areas, suggesting multiple lesions
Edema: mainly located around the left parietal lobe with notable swelling and moderate extent, affecting some adjacent tissues
Necrosis: some low-signal areas concentrated in the central region of the lesions with a mixed signal appearance, with some regions accompanying high-signal edges, suggesting progressive
necrosis
Ventricular compression: not observed
2026-06-28 22:42:53,269  INFO  ============================================================
2026-06-28 22:42:53,269  INFO    No improvement (2/12)
2026-06-28 22:45:11,216  INFO  [scifive-large] E  8  train=3.4951 (ppl 32.95)  val=3.3272 (ppl 27.86)  gn=1.273
2026-06-28 22:45:46,308  INFO    Content score (lesion): lobe_jacc=0.205  hemi=0.375  -> 0.290
2026-06-28 22:45:46,312  INFO  
============================================================  PREVIEW
2026-06-28 22:45:52,173  INFO  
  Case : BraTS20_Training_233
2026-06-28 22:45:52,173  INFO    PRED :
Lesion area: Area hOc3d (Cuneus) left [occipital]: ET=84, TC=10, WT=90, region%=0 - Area pOc4d (PhG) left: In which lobe(s) is the LESION, and what signal characteristics
Edema: EDEMA is located and how extensive is it? Use only the atlas matrix for one patient: Where is the edema located and where is it extensive? Answer in ONE concise line?EDEDEMA located?Where is it located? How extensive? What extent? Where is it located? Where are they located?
Necrosis: If there is no NECROSIS, answer 'not observed'. Otherwise, describe the location and signal (location and signal) of the necrosis. Describe the location, signal, and signal of the lesion if present Location and signal in one line. If absent, answer not observed. If present, answer yes or yes. Answer:1, region%=1,--- *=*,
Ventricular compression: If none, answer 'not observed'. If one, describe any VENTRICULAR COMPRESSION (which ventricles, what deformation). If two, describe one. If three, describe another. Describe any any deformation. Describe whether there is any evidence of compression. If not, describe it. If yes, describetraction andif?...:,1, region%=0 Left-
2026-06-28 22:45:52,173  INFO    REF  :
Lesion area: the left temporal and occipital lobes with a mixture of heterogeneous high and low signals, with spotted high signal characteristics
Edema: mainly concentrated near the left temporal lobe region and around the occipital lobe with homogeneous or heterogeneous high signals, indicating significant swelling of the surrounding tissues in these areas, with a considerable range of
edema
Necrosis: present within the left occipital and temporal lobes, showing low signal areas intermixed with some high signal zones in the overall imaging
Ventricular compression: not observed
2026-06-28 22:45:57,986  INFO  
  Case : BraTS20_Training_001
2026-06-28 22:45:57,986  INFO    PRED :
Lesion area: Right [temporal]: ET=1, TC=0, WT=1, region%=52 *- Area Id3 (Insula) right [temporally]:ET=2,%=42 *-,%=28 *- Rt right [subcortical]:,, and;: left, 1------,,
Edema: right [temporal]: ET=1, TC=0, WT=1, region%=85 - Area Te 1.0 (HESCHL) right [subcortical]: Et=1,- right right [parietal], left [other]:,, and Answer: Where is the EDEMA located?:,,1,------=,--right%
Necrosis: , WT=0, region%=85 *- Area Id1 (Insula) right [temporal]: ET=1, TC=1, *- Rt right [subcortical]:ET=1,, *-Rt left [other]: Et=2,,, and). Answer: 1,,------=,---% *
Ventricular compression: 0, WT=0, region%=17 *- Rt (Thalamus, reticular Nucleus) right [subcortical]: ET=1, TC=1, WT =0,, WP=0, WB=0, WF=0 WT????.: COMPRESION ------,=,
2026-06-28 22:45:57,986  INFO    REF  :
Lesion area: the right frontal and parietal lobes with a mixed pattern of high and low signals with speckled high signal regions
Edema: mainly observed in the right parietal lobe, partially extending to the frontal lobe, presenting as high signal, indicating significant tissue swelling around the lesion
Necrosis: within the lesions of the right parietal and frontal lobes, appearing as mixed, with alternating high and low signal regions
Ventricular compression: seen in the lateral ventricles with significant compressive effects on the brain tissue and ventricles
2026-06-28 22:45:57,986  INFO  ============================================================
2026-06-28 22:45:57,987  INFO    No improvement (3/12)
2026-06-28 22:48:15,913  INFO  [scifive-large] E  9  train=3.2479 (ppl 25.73)  val=3.0315 (ppl 20.73)  gn=1.416
2026-06-28 22:48:51,227  INFO    Content score (lesion): lobe_jacc=0.201  hemi=0.292  -> 0.247
2026-06-28 22:48:51,232  INFO  
============================================================  PREVIEW
2026-06-28 22:48:57,100  INFO  
  Case : BraTS20_Training_176
2026-06-28 22:48:57,101  INFO    PRED :
Lesion area: 1, region%=93 *- Area PFcm (IPL) right [parietal]: ET=0, TC=2, WT=1, area%=66, region%=2, region%14, W=3, region%>0=1, region0%=0,,, right-----------%===
Edema: , WT=0, region%=50 *- Area PFcm (IPL) right [parietal]: ET=1, TC=2,,,CG) left [other]:CG), right [other], right [frontal]:, and, Answer: Answer: 14%, left, left1-----------%=CGCG
Necrosis: , region%=93 *- Area PFm (IPL) right [parietal]: ET=0, TC=3, WT=1, region%100 region%>100 *- Region PF left [other]: region% region%+ region%+1 and or . Answer: Area ------------%= region region
Ventricular compression: TC=0, WT=1, region%=93 *- Area PF (IPL) right [parietal]: ET=5, TC=4, WT =2, region%100TC=6, WT>0DescribeTC=3, WT0, region%TC=8, region%? Any??.: COMPRESION -----*=0
2026-06-28 22:48:57,101  INFO    REF  :
Lesion area: the right frontal and parietal lobes with multiple heterogeneous signal intensities, including high signal, iso-signal, and speckled high signal areas
Edema: significant, primarily observed in the right frontal and parietal lobes, with surrounding tissue swollen to a large extent around the lesion area, indicated by high signal intensity
Necrosis: mainly concentrated at the center of the lesion, manifested as mixed low signal regions, primarily located at the center of the lesion in the right parietal lobe, surrounded by high signal areas
Ventricular compression: evident, with compression on the right ventricle suggesting a certain degree of pressure exerted by the lesion area
2026-06-28 22:49:03,057  INFO  
  Case : BraTS20_Training_006
2026-06-28 22:49:03,057  INFO    PRED :
Lesion area: right [frontal]: WT=0, region%=35 *- WM/unassigned left [subcortical]: ET=1, TC=6, WT =0, area%=1- , insula]:,, and, 12%, limbic 3%,, 1,------, region,--,,ical
Edema: left [subcortical]: WT=1, region%=79 *- Area 6ma (SMA, anterior intralaminar nucleus) right [frontal]: ET=1, TC=2, WT =0, region%1- -----? Answer: ,,,- --------=-si
Necrosis: ) right [frontal]: ET=1, TC=5, WT=0, region%=35 *-- ET=2, TC6, WT0, area%=17 *- ET=3, TC>8, WT =0, regions%=20 *-right, and. Answer: *,, , * *,,,,,,,- ET
Ventricular compression: left [frontal]: ET=1, TC=2, WT=0, region%=17 *- ACC (pACC) right [frontotemporal]: WT =0, WT1, region%1 *- if present? and????.: COMPRESSION: ------------- right [
2026-06-28 22:49:03,057  INFO    REF  :
Lesion area: the left frontal and parietal lobes with a mixed signal characterized by spotty high-signal areas on the Flair modality
Edema: significant with high signals, suggesting marked swelling in the left frontal and parietal lobes, indicating a fairly extensive range of
edema
Necrosis: observed with low signals in the central parts of the lesions, showing a high degree of heterogeneity, distributed mainly in the left frontal and parietal lobe lesions
Ventricular compression: observed with noticeable reduction and deformation of the left ventricle and relative enlargement of the right ventricle
2026-06-28 22:49:03,057  INFO  ============================================================
2026-06-28 22:49:03,057  INFO    No improvement (4/12)
2026-06-28 22:51:21,036  INFO  [scifive-large] E 10  train=2.9849 (ppl 19.78)  val=2.8174 (ppl 16.73)  gn=1.413
2026-06-28 22:51:55,960  INFO    Content score (lesion): lobe_jacc=0.271  hemi=0.458  -> 0.365
2026-06-28 22:52:25,274  INFO    Hemisphere quick-check (lesion field): 6/20 = 30.0%
2026-06-28 22:53:23,281  INFO    Within-report distinctness: collapse=0%  distinct_ratio=1.00  (0.25=full collapse, 1.0=all differ)
2026-06-28 22:53:52,488  INFO    Cross-patient[lesion]: 20/20 unique = 1.00  (1.0=all differ, low=TEMPLATE COLLAPSE)
2026-06-28 22:54:21,663  INFO    Cross-patient[necrosis]: 20/20 unique = 1.00  (1.0=all differ, low=TEMPLATE COLLAPSE)
2026-06-28 22:54:21,667  INFO  
============================================================  PREVIEW
2026-06-28 22:54:27,449  INFO  
  Case : BraTS20_Training_077
2026-06-28 22:54:27,449  INFO    PRED :
Lesion area: 1, TC=0, WT=1, region%=68 *- CM (Amygdala) left [temporal]: ET=2, TC =8, WT1, region%)=66 *-, TC>1, region0%=0 *-1, region2%=1 *-,,,,,,,, left----- -*
Edema: left [subcortical]: ET=2, TC=8, WT=1, region%=52 *- CM (Amygdala) left [temporal]: left,a) right, leftta), left, right,ta,, and, Answer::, 16%, left-----------%=tat
Necrosis: left [subcortical]: ET=2, TC=1, WT=1, region%=68 *- CM (Amygdala) left [temporal]:- , W- Rt (Thalamus, reticular nucleus) left, and ,, and. Answer: , left-----------%
Ventricular compression: 2, TC=1, region%=80 *- VP (Amygdala) left [temporal]: ET=2, TF=1, WT=1, area%=70, region%1, region0%=66 *-Describe any Any deformation of the ventricles, what deformation? and, What?:.: COMPRESION ----,,,
2026-06-28 22:54:27,449  INFO    REF  :
Lesion area: the left frontal and parietal lobes with heterogeneous high-signal and low-signal areas, with spotted high-signal regions
Edema: prominent, primarily surrounding the lesions in the left frontal and parietal regions, with severe swelling of the tissues
Necrosis: suggested by low-signal and signal-void regions interspersed among areas of high and iso-signal, with distribution being uneven in the frontal and parietal regions
Ventricular compression: evident as mild deformation and compression of the ventricles, primarily in the left lateral ventricle
2026-06-28 22:54:33,349  INFO  
  Case : BraTS20_Training_197
2026-06-28 22:54:33,350  INFO    PRED :
Lesion area: right [frontal]: ET=1, TC=2, WT=1, region%=80 *- Area IFS1 (IFS) right, left, and rightS, IFG) right [left], right right, rightS), right [other], rightS,right,right,right 39%, other 13% left , ,,,,
Edema: , WT=1, region%=80 *- Area Id6 (Insula) right [frontal]: ET=2, TC=2, WT =0, area%=77, region% WT WT WT region%>70 and,, Answer: Answer: right,,,-----,,,,, region,%= WT W
Necrosis: right [frontal]: ET=1, TC=2, WT=1, region%=80 *- Area IFS1 (IFS) right [other]: CT=0, WT =0,left, right, left, left, right,, and,. Answer: yes or no. If yes, answer yes,----- ,,,,,,, [
Ventricular compression: right [frontal]: ET=1, TC=2, WT=1, region%=80 *- Area Op9 (Frontal Operculum) right [other]:ET=2,TC=1, WT or Compression of the left ventricle and right,? What???? COMPRESSION--- - ,,,,,, Op9 I
2026-06-28 22:54:33,350  INFO    REF  :
Lesion area: the right frontal and parietal lobes with heterogeneous mixed high and low signals, and speckled high signal areas suggesting multiple lesions
Edema: marked, predominantly in the right frontal and parietal lobes, with noticeable tissue swelling and a distinct ring-shaped
edema area extending outward from the lesion
Necrosis: observed with very low signal intensity areas that distinctly differ from surrounding tissue, and low signal speckles mixed within high signal regions, mainly concentrated within the lesion but showing a slight dispersal trend
Ventricular compression: quite apparent, with the right lateral ventricle significantly reduced in size, and the left lateral ventricle slightly reduced due to right-side lesion compression, indicating a substantial impact on the
ventricular system
2026-06-28 22:54:33,350  INFO  ============================================================
2026-06-28 22:54:33,350  INFO    No improvement (5/12)
2026-06-28 22:56:51,309  INFO  [scifive-large] E 11  train=2.7977 (ppl 16.41)  val=2.6718 (ppl 14.47)  gn=1.379
2026-06-28 22:57:25,759  INFO    Content score (lesion): lobe_jacc=0.385  hemi=0.333  -> 0.359
2026-06-28 22:57:25,763  INFO  
============================================================  PREVIEW
2026-06-28 22:57:31,696  INFO  
  Case : BraTS20_Training_031
2026-06-28 22:57:31,696  INFO    PRED :
Lesion area: right [occipital]: ET=0, TC=1, WT=2, region%=22 *- Area hOc1 (V1, 17, CalcS) right [parietal]:,, pulvinar,) right,,, and,, 13%, and temporal 12% ---------%- pul
Edema: , region%=20 *- Area hOc1 (V1, 17, CalcS) right [parietal]: ET=0, TC=1, WT=2, regions%=18- Area,0, WT1, region%12 *- Region,,,,,,,,, ,,,4, region,, region,%=0,=
Necrosis: left [occipital]: ET=0, TC=1, WT=2, region%=22 *- Area hOc1 (V1, 17, CalcS) right [other]:ar) right,ar) left [other],ar), left [medial], and. Answer: yes or no and,, ----,,,-%arar
Ventricular compression: , lateral pulvinar) right [occipital]: ET=0, TC=1, WT=2, region%=22 *- Area hOc1 (V1, 17, CalcS) rightright?medianamus, medial) right???:? Deformation: -----,,,,, region,-,amus
2026-06-28 22:57:31,696  INFO    REF  :
Lesion area: the left frontal lobe region with a mixed signal of heterogeneous high and low intensities, accompanied by speckled high signal areas
Edema: a marked increase in signal intensity, indicating extensive brain tissue
edema mainly concentrated around the left frontal lobe near the lesions, with a relatively uniform signal intensity suggesting a wide extent of
edema
Necrosis: suggested by central regions of lower signal, located at the core of the lesion, with a moderate mixed degree of low signal areas surrounded by high signal regions
Ventricular compression: observed with the left ventricle deformed due to compression by the lesion, showing significant compression
2026-06-28 22:57:37,123  INFO  
  Case : BraTS20_Training_001
2026-06-28 22:57:37,123  INFO    PRED :
Lesion area: Right parietal, occipital, and temporal lobes, with a high signal in the right frontal and temporo-parietal regions, with low signal in other regions, including the left insula, and right temporal regions, and low%=2,1, region%=1,,,,,,,, left,, ,
Edema: right [temporal]: ET=1, TC=0, WT=1, region%=85 *- Area Te 1.1 (HESCHL) right [parietal]: Et=1,-, right [subcortical]:,,,,, and,, 8%, left,, , right,, region,, region%right,%= right right [
Necrosis: , WT=0, region%=85 *- Area Te 2.2 (STG) right [temporal]: ET=2, TC=1, WT1, region%1, and,, and area%=2 *- Regions of high signal intensity in the rightparietal,,,,,,,,, Right, Left,,,,,,
Ventricular compression: 0, WT=0, region%=17 *- Ventricles right [temporal]: ET=2, TC=1, WT =0, regions%=1 and 2 *- The left ventricle:,, Wt=0, area%=2 *- Right,,??.:? COMPRESS
2026-06-28 22:57:37,123  INFO    REF  :
Lesion area: the right frontal and parietal lobes with a mixed pattern of high and low signals with speckled high signal regions
Edema: mainly observed in the right parietal lobe, partially extending to the frontal lobe, presenting as high signal, indicating significant tissue swelling around the lesion
Necrosis: within the lesions of the right parietal and frontal lobes, appearing as mixed, with alternating high and low signal regions
Ventricular compression: seen in the lateral ventricles with significant compressive effects on the brain tissue and ventricles
2026-06-28 22:57:37,123  INFO  ============================================================
2026-06-28 22:57:37,123  INFO    No improvement (6/12)
2026-06-28 22:59:55,066  INFO  [scifive-large] E 12  train=2.6604 (ppl 14.30)  val=2.5503 (ppl 12.81)  gn=1.303
2026-06-28 23:00:24,735  INFO    Content score (lesion): lobe_jacc=0.351  hemi=0.625  -> 0.488
2026-06-28 23:00:24,740  INFO  
============================================================  PREVIEW
2026-06-28 23:00:28,762  INFO  
  Case : BraTS20_Training_077
2026-06-28 23:00:28,762  INFO    PRED :
Lesion area: 2, TC=0, WT=1, region%=68, and a high signal area in the left frontal lobe, with high signal intensity and low signal intensity
Edema: left [subcortical]: ET=2, TC=4, WT=1, region%=68, and a large area of heterogeneous enhancement, indicating extensive EDEMA lefta) left [temporal]:a) right [subdural,a] left [central] and,,,,,, --------%tat
Necrosis: left [subcortical]: ET=2, TC=8, WT=1, region%=68, with high signal in the left temporal and parietal lobes, and low signal elsewhere, with low signal
Ventricular compression: , region%=66 *- LV (Ventral Plexus) left [subcortical]: ET=2, TC=8, WT=1, deformation, deformation, and deformation of the left ventricle
2026-06-28 23:00:28,762  INFO    REF  :
Lesion area: the left frontal and parietal lobes with heterogeneous high-signal and low-signal areas, with spotted high-signal regions
Edema: prominent, primarily surrounding the lesions in the left frontal and parietal regions, with severe swelling of the tissues
Necrosis: suggested by low-signal and signal-void regions interspersed among areas of high and iso-signal, with distribution being uneven in the frontal and parietal regions
Ventricular compression: evident as mild deformation and compression of the ventricles, primarily in the left lateral ventricle
2026-06-28 23:00:33,762  INFO  
  Case : BraTS20_Training_209
2026-06-28 23:00:33,762  INFO    PRED :
Lesion area: , region%=5 *- Area Te 2.1 (STG) right [temporal]: ET=59, TC=17, WT=2, region%, and a large area of high signal intensity with low signal intensity
Edema: The EDEMA is located in the right parietal and temporal lobes of the right hemisphere with extensive edema and necrosis, extending to the entire lesion, and is extensive extensive and extensive extensive, extensive, and extensive the right side of the lesion, extensive the right the left and the right, right right Area right Right , ,
Necrosis: , region%=2 *- Area Te 2.1 (STG) right [temporal]: ET=59, TC=17, WT=2, region%, and the lesion located in the right parietal lobe, with high signal intensity, and low signal the right and high signal and high signal and,,, , , ,
Ventricular compression: The left ventricle is compressed, causing deformation, and the right ventricles are deformed. There is no evidence of ventricular deformation. If present, describe it. If not, describe its deformation
2026-06-28 23:00:33,762  INFO    REF  :
Lesion area: the right temporal and parietal lobes with a mix of heterogeneous high and low signals with speckled high signal areas
Edema: observed mainly in the right temporal lobe and part of the right parietal lobe, with the surrounding tissue of the right temporal lobe exhibiting significant swelling
Necrosis: concentrated in the right temporal lobe with low and scattered signal intensity
Ventricular compression: observed with compression and deformation of the right ventricle while the left ventricle appears normal
2026-06-28 23:00:33,762  INFO  ============================================================
2026-06-28 23:00:33,929  INFO  HTTP Request: HEAD https://huggingface.co/razent/SciFive-large-Pubmed/resolve/main/config.json "HTTP/1.1 307 Temporary Redirect"
2026-06-28 23:00:33,967  INFO  HTTP Request: HEAD https://huggingface.co/api/resolve-cache/models/razent/SciFive-large-Pubmed/7dec1ea577acf357ee0f809fc0f7eeefb45aa42d/config.json "HTTP/1.1 200 OK"
2026-06-28 23:00:34,047  INFO  HTTP Request: HEAD https://huggingface.co/razent/SciFive-large-Pubmed/resolve/main/config.json "HTTP/1.1 307 Temporary Redirect"
2026-06-28 23:00:34,084  INFO  HTTP Request: HEAD https://huggingface.co/api/resolve-cache/models/razent/SciFive-large-Pubmed/7dec1ea577acf357ee0f809fc0f7eeefb45aa42d/config.json "HTTP/1.1 200 OK"
2026-06-28 23:00:34,215  INFO    ✓ New best (content=0.488) → checkpoints_multi_v4/scifive-large
2026-06-28 23:02:52,287  INFO  [scifive-large] E 13  train=2.5479 (ppl 12.78)  val=2.4415 (ppl 11.49)  gn=1.413
2026-06-28 23:03:15,535  INFO    Content score (lesion): lobe_jacc=0.438  hemi=0.667  -> 0.552
2026-06-28 23:03:15,540  INFO  
============================================================  PREVIEW
2026-06-28 23:03:19,108  INFO  
  Case : BraTS20_Training_341
2026-06-28 23:03:19,108  INFO    PRED :
Lesion area: , region%=10, and a low signal area in the left temporal lobe, with a high signal intensity, indicating a mixed pattern of low and high signal
Edema: , region%=10, with a high signal in the left temporal lobe, indicating extensive EDEMA, extending to the left frontal and parietal regions
Necrosis: left [temporal]: ET=2, TC=4, WT=3, region%=28, and high signal intensity, with a high signal area in the left frontal and parietal lobes
Ventricular compression: left lateral ventricle, with deformation and compression of the ventricles, resulting in significant deformation of the left ventricular cavity, causing severe deformation, region%=10, and, with no evidence of compression or compression with no signs of compression, suggesting that there is no compression. The lefttricle compressed and compressed.:, Compression ,,,,
2026-06-28 23:03:19,108  INFO    REF  :
Lesion area: the left side of the brain with a mixed pattern of high and low signals
Edema: significant, concentrated in the left frontal and temporal lobes, with extension into parts of the parietal lobe
Necrosis: observed with noticeable low signal areas in the left frontal and temporal lobes, displaying uneven signal intensity
Ventricular compression: significantly compressed, especially the deformation of the left ventricle
2026-06-28 23:03:22,882  INFO  
  Case : BraTS20_Training_102
2026-06-28 23:03:22,882  INFO    PRED :
Lesion area: , region%=2 *- Area hOc1 (V1, 17, CalcS) right [occipital]: ET=50, TC=52, WT=29, region5%=11- The largest the right frontal lobe, with high signal intensity in the left frontal region, with low signal intensity
Edema: The EDEMA is located in the right frontal and parietal lobes of the lesion, extending to the entire lesion area, with extensive areas of edema and necrosis
Necrosis: mainly in the right frontal and parietal lobes, with a high signal intensity, indicating necrosis, with some areas of low signal
Ventricular compression: The ventricles of the right ventricle were compressed, causing deformation of the ventricular walls, resulting in a significant increase in size and deformation. There was no evidence of ventricular deformation or compression
2026-06-28 23:03:22,882  INFO    REF  :
Lesion area: the left frontal lobe with a heterogeneous mix of high and low signals
Edema: pronounced
edema signals primarily concentrated in the left frontal lobe, followed by the parietal lobe, exhibiting high signals
Necrosis: potential necrotic areas mainly concentrated in the left frontal lobe, appearing as low signals mixed with high signal regions
Ventricular compression: no evident sign of
ventricular compression
2026-06-28 23:03:22,882  INFO  ============================================================
2026-06-28 23:03:23,069  INFO  HTTP Request: HEAD https://huggingface.co/razent/SciFive-large-Pubmed/resolve/main/config.json "HTTP/1.1 307 Temporary Redirect"
2026-06-28 23:03:23,105  INFO  HTTP Request: HEAD https://huggingface.co/api/resolve-cache/models/razent/SciFive-large-Pubmed/7dec1ea577acf357ee0f809fc0f7eeefb45aa42d/config.json "HTTP/1.1 200 OK"
2026-06-28 23:03:23,185  INFO  HTTP Request: HEAD https://huggingface.co/razent/SciFive-large-Pubmed/resolve/main/config.json "HTTP/1.1 307 Temporary Redirect"
2026-06-28 23:03:23,223  INFO  HTTP Request: HEAD https://huggingface.co/api/resolve-cache/models/razent/SciFive-large-Pubmed/7dec1ea577acf357ee0f809fc0f7eeefb45aa42d/config.json "HTTP/1.1 200 OK"
2026-06-28 23:03:23,353  INFO    ✓ New best (content=0.552) → checkpoints_multi_v4/scifive-large
2026-06-28 23:05:41,240  INFO  [scifive-large] E 14  train=2.4561 (ppl 11.66)  val=2.3429 (ppl 10.41)  gn=1.569
2026-06-28 23:05:56,130  INFO    Content score (lesion): lobe_jacc=0.410  hemi=0.750  -> 0.580
2026-06-28 23:05:56,134  INFO  
============================================================  PREVIEW
2026-06-28 23:05:58,739  INFO  
  Case : BraTS20_Training_083
2026-06-28 23:05:58,739  INFO    PRED :
Lesion area: , with high signal intensity in the left frontal and temporal lobes, indicating a high degree of heterogeneity of the lesion area
Edema: left frontal, temporal, and parietal lobes, with a high degree of heterogeneity, indicating extensive EDEMA, mainly involving the left temporal and frontal regions
Necrosis: , with high signal in the left frontal and parietal lobes, indicating a high degree of heterogeneity, suggesting a mixed pattern of low and high signal
Ventricular compression: , and deformation of the left ventricle, resulting in compression of the ventricles, causing compression of their walls, and compressing them: WT=1, region%=100
2026-06-28 23:05:58,739  INFO    REF  :
Lesion area: the left parietal lobe and left temporal lobe with a mixed signal of uneven highs and lows with spotted high signal areas, suggesting the presence of multiple lesions
Edema: mainly present around the lesion areas, particularly in the left parietal lobe and the lateral parts of the left temporal lobe, displaying significantly high signal intensity, with a relatively large range of
edema
Necrosis: suggested by irregular regions predominantly showing low signals within the lesion areas, with a higher concentration near infection points in the local left parietal and left temporal lobes
Ventricular compression: observed with the left lateral ventricle compressed and deformed, with the frontal horn narrowed; the third ventricle is displaced
2026-06-28 23:06:01,224  INFO  
  Case : BraTS20_Training_346
2026-06-28 23:06:01,224  INFO    PRED :
Lesion area: , WT=1, region%=30, and a high signal area in the right parietal lobe with mixed signals, indicating heterogeneous signal distribution
Edema: , and the right parietal and temporal lobes are surrounded by a large amount of heterogeneous high-signal areas
Necrosis: , with a high signal intensity in the right parietal and temporal lobes, characterized by a mixture of heterogeneous high and low signals
Ventricular compression: , TC=1, WT=0, region%=30, and, tetrahedral, with deformation of the right ventricle, indicating compression of the ventricles
2026-06-28 23:06:01,224  INFO    REF  :
Lesion area: the left parietal and temporal lobes with mixed high-signal areas with spotty high signals inside
Edema: particularly around the left parietal and temporal lobe regions, indicating increased swelling in these areas
Necrosis: within the lesion area as low-signal regions, presenting as mixed high and low signals internally, primarily concentrated in the central region of the lesion
Ventricular compression: observed, as the left ventricle is noticeably compressed and deformed, indicating significant compressive effects on the ventricles due to the lesions
2026-06-28 23:06:01,224  INFO  ============================================================
2026-06-28 23:06:01,462  INFO  HTTP Request: HEAD https://huggingface.co/razent/SciFive-large-Pubmed/resolve/main/config.json "HTTP/1.1 307 Temporary Redirect"
2026-06-28 23:06:01,536  INFO  HTTP Request: HEAD https://huggingface.co/api/resolve-cache/models/razent/SciFive-large-Pubmed/7dec1ea577acf357ee0f809fc0f7eeefb45aa42d/config.json "HTTP/1.1 200 OK"
2026-06-28 23:06:01,614  INFO  HTTP Request: HEAD https://huggingface.co/razent/SciFive-large-Pubmed/resolve/main/config.json "HTTP/1.1 307 Temporary Redirect"
2026-06-28 23:06:01,654  INFO  HTTP Request: HEAD https://huggingface.co/api/resolve-cache/models/razent/SciFive-large-Pubmed/7dec1ea577acf357ee0f809fc0f7eeefb45aa42d/config.json "HTTP/1.1 200 OK"
2026-06-28 23:06:01,788  INFO    ✓ New best (content=0.580) → checkpoints_multi_v4/scifive-large
2026-06-28 23:08:19,801  INFO  [scifive-large] E 15  train=2.3707 (ppl 10.71)  val=2.2493 (ppl 9.48)  gn=1.418
2026-06-28 23:08:34,092  INFO    Content score (lesion): lobe_jacc=0.566  hemi=0.708  -> 0.637
2026-06-28 23:08:45,890  INFO    Hemisphere quick-check (lesion field): 16/20 = 80.0%
2026-06-28 23:09:09,904  INFO    Within-report distinctness: collapse=0%  distinct_ratio=1.00  (0.25=full collapse, 1.0=all differ)
2026-06-28 23:09:21,656  INFO    Cross-patient[lesion]: 20/20 unique = 1.00  (1.0=all differ, low=TEMPLATE COLLAPSE)
2026-06-28 23:09:33,766  INFO    Cross-patient[necrosis]: 20/20 unique = 1.00  (1.0=all differ, low=TEMPLATE COLLAPSE)
2026-06-28 23:09:33,771  INFO  
============================================================  PREVIEW
2026-06-28 23:09:36,156  INFO  
  Case : BraTS20_Training_230
2026-06-28 23:09:36,157  INFO    PRED :
Lesion area: , region%=50, and high signal intensity in the left frontal and parietal lobes with a mixed pattern of high and low signals
Edema: , with a high signal intensity in the left frontal and parietal lobes, indicating extensive EDEMAextending to the right frontal region and surrounding the lesion area
Necrosis: , with a high signal intensity in the left frontal and parietal lobes, characterized by a mixture of heterogeneous high and low signals
Ventricular compression: , region%=35, and deformation of the left ventricle, indicating compression of the ventricles
2026-06-28 23:09:36,157  INFO    REF  :
Lesion area: the left hemisphere, particularly in the parietal lobe region, with a mixture of heterogeneous high and low signals with spotted high-signal areas
Edema: in the parietal lobe region, prominent with significant
edema signals appearing as high signals, suggesting a considerable degree of swelling in the surrounding tissues, with a broad range of
edema
Necrosis: within the lesion area, showing low signals indicating possible necrotic regions with mixed signals and are relatively evenly distributed
Ventricular compression: clear compression of the left ventricle, suggesting a strong compressive effect on the brain tissue and ventricles
2026-06-28 23:09:38,543  INFO  
  Case : BraTS20_Training_034
2026-06-28 23:09:38,543  INFO    PRED :
Lesion area: right frontal lobe with mixed high and low signals, characterized by a mixture of heterogeneous high- and low-signal areas
Edema: 0, WT=0, region%=3 *- Frontal lobe lesions, mainly located in the left frontal gyrus, with a large amount of heterogeneous signal
Necrosis: , region%=2 *- Areas of high signal intensity in the right frontal and parietal lobes, with a mixed pattern of high and low signals
Ventricular compression: right lateral ventricle is compressed, causing deformation and compression of the ventricles
2026-06-28 23:09:38,543  INFO    REF  :
Lesion area: the region of the left parietal lobe with a heterogeneous mix of high and low signals, along with speckled high signals
Edema: visible around the lesion, mainly focused in the left parietal lobe, presenting as regions of high signal intensity and indicating a large range of
edema with significant swelling of the surrounding tissue
Necrosis: observed in the lesion of the left parietal lobe, appearing with mixed signals and unclear borders, indicating scattered and mixed
necrosis with the surrounding high signal
Ventricular compression: observed with noticeable deformation of the third ventricle and lateral ventricles on the left side
2026-06-28 23:09:38,543  INFO  ============================================================
2026-06-28 23:09:38,791  INFO  HTTP Request: HEAD https://huggingface.co/razent/SciFive-large-Pubmed/resolve/main/config.json "HTTP/1.1 307 Temporary Redirect"
2026-06-28 23:09:38,826  INFO  HTTP Request: HEAD https://huggingface.co/api/resolve-cache/models/razent/SciFive-large-Pubmed/7dec1ea577acf357ee0f809fc0f7eeefb45aa42d/config.json "HTTP/1.1 200 OK"
2026-06-28 23:09:38,900  INFO  HTTP Request: HEAD https://huggingface.co/razent/SciFive-large-Pubmed/resolve/main/config.json "HTTP/1.1 307 Temporary Redirect"
2026-06-28 23:09:38,936  INFO  HTTP Request: HEAD https://huggingface.co/api/resolve-cache/models/razent/SciFive-large-Pubmed/7dec1ea577acf357ee0f809fc0f7eeefb45aa42d/config.json "HTTP/1.1 200 OK"
2026-06-28 23:09:39,078  INFO    ✓ New best (content=0.637) → checkpoints_multi_v4/scifive-large
2026-06-28 23:11:57,080  INFO  [scifive-large] E 16  train=2.2633 (ppl 9.62)  val=2.1666 (ppl 8.73)  gn=1.750
2026-06-28 23:12:10,966  INFO    Content score (lesion): lobe_jacc=0.528  hemi=0.792  -> 0.660
2026-06-28 23:12:10,970  INFO  
============================================================  PREVIEW
2026-06-28 23:12:13,425  INFO  
  Case : BraTS20_Training_058
2026-06-28 23:12:13,425  INFO    PRED :
Lesion area: , with a high signal intensity in the left frontal and parietal lobes, characterized by a mixture of heterogeneous high and low signals
Edema: to-Occipital (GapMap) right frontal and parietal lobes, with a large amount of heterogeneous high signal areas
Necrosis: , with a high signal in the left frontal and parietal lobes, characterized by a mixture of high and low signals
Ventricular compression: the left lateral ventricle is compressed, causing deformation and compression of the ventricles
2026-06-28 23:12:13,425  INFO    REF  :
Lesion area: the left frontal, temporal, and parietal lobes with mixed signals of varying intensity and patchy high-signal areas
Edema: observed in the left parietal lobe, indicating significant swelling of the surrounding tissues, with a wide range of
edema
Necrosis: characterized by low-signal areas with some mixed signals in the left parietal lobe, indicating that the necrotic area is rather concentrated
Ventricular compression: observed, indicating that the lesions exert a certain level of pressure on the brain tissue and ventricles
2026-06-28 23:12:15,619  INFO  
  Case : BraTS20_Training_078
2026-06-28 23:12:15,620  INFO    PRED :
Lesion area: - the right frontal and parietal lobes with mixed high and low signals, indicating heterogeneous high-signal areas
Edema: mainly located in the right parietal and temporal lobes, with a large amount of heterogeneous high-signal areas
Necrosis: the right parietal and temporal lobes, with a mixed pattern of high and low signals, indicating the presence of heterogeneous high-signal areas
Ventricular compression: , region%=25, and deformation of the right ventricle, indicating compression of the ventricles
2026-06-28 23:12:15,620  INFO    REF  :
Lesion area: the right temporal and parietal lobes with a mix of heterogeneous signals, including multiple patchy high-signal areas
Edema: pronounced, mainly observed in the right temporal and parietal lobes, and spans extensively as high-signal regions, indicating significant tissue swelling
Necrosis: identified as several low-signal areas within the lesion region, possibly indicating
necrosis, with uneven signal intensity concentrated in the right temporal lobe
Ventricular compression: slightly observed
2026-06-28 23:12:15,620  INFO  ============================================================
2026-06-28 23:12:15,804  INFO  HTTP Request: HEAD https://huggingface.co/razent/SciFive-large-Pubmed/resolve/main/config.json "HTTP/1.1 307 Temporary Redirect"
2026-06-28 23:12:15,842  INFO  HTTP Request: HEAD https://huggingface.co/api/resolve-cache/models/razent/SciFive-large-Pubmed/7dec1ea577acf357ee0f809fc0f7eeefb45aa42d/config.json "HTTP/1.1 200 OK"
2026-06-28 23:12:15,944  INFO  HTTP Request: HEAD https://huggingface.co/razent/SciFive-large-Pubmed/resolve/main/config.json "HTTP/1.1 307 Temporary Redirect"
2026-06-28 23:12:15,978  INFO  HTTP Request: HEAD https://huggingface.co/api/resolve-cache/models/razent/SciFive-large-Pubmed/7dec1ea577acf357ee0f809fc0f7eeefb45aa42d/config.json "HTTP/1.1 200 OK"
2026-06-28 23:12:16,117  INFO    ✓ New best (content=0.660) → checkpoints_multi_v4/scifive-large
2026-06-28 23:14:34,061  INFO  [scifive-large] E 17  train=2.1793 (ppl 8.84)  val=2.0838 (ppl 8.04)  gn=1.469
2026-06-28 23:14:47,170  INFO    Content score (lesion): lobe_jacc=0.538  hemi=0.917  -> 0.727
2026-06-28 23:14:47,174  INFO  
============================================================  PREVIEW
2026-06-28 23:14:49,338  INFO  
  Case : BraTS20_Training_026
2026-06-28 23:14:49,338  INFO    PRED :
Lesion area: 1, TC=2, WT=1, region%=50, and a high signal area in the right frontal and parietal lobes with mixed signals
Edema: , mainly concentrated in the right frontal and parietal lobes, with a large amount of heterogeneous high-signal areas
Necrosis: TC=1, WT=0, region%=50, with a high signal in the right parietal and frontal lobes
Ventricular compression: the right lateral ventricle is compressed, causing deformation and compression of the ventricles
2026-06-28 23:14:49,338  INFO    REF  :
Lesion area: the right frontal and parietal lobes with a mixture of heterogeneous signal intensities and spotted high-signal areas
Edema: significant, particularly in the right parietal lobe, extensive and affects the surrounding brain tissue
Necrosis: in the right frontal lobe, low-signal areas interspersed with high-signal areas
Ventricular compression: significant, especially on the right side
2026-06-28 23:14:51,510  INFO  
  Case : BraTS20_Training_292
2026-06-28 23:14:51,510  INFO    PRED :
Lesion area: , with a high signal intensity in the right parietal and temporal lobes, with mixed high and low signals
Edema: mainly located in the right parietal and temporal lobes, with a large amount of heterogeneous high-signal areas
Necrosis: , with a high signal intensity in the right frontal and parietal lobes, characterized by a mixture of high and low signals
Ventricular compression: the right lateral ventricle is compressed, resulting in deformation and compression of the ventricles
2026-06-28 23:14:51,510  INFO    REF  :
Lesion area: the right cerebral region, particularly involving the frontal and temporal lobes, with a mix of heterogeneous high and low signals, along with some spotty high signal areas
Edema: significant with signals around the right frontal and temporal lobes, suggesting a high degree of tissue swelling in these areas, and covers the main lesion areas
Necrosis: present within the lesion areas of the right frontal and temporal lobes, with regions showing significantly reduced signal intensity, mixed with both low signals and localized high signals scattered throughout
Ventricular compression: not observed
2026-06-28 23:14:51,510  INFO  ============================================================
2026-06-28 23:14:51,965  INFO  HTTP Request: HEAD https://huggingface.co/razent/SciFive-large-Pubmed/resolve/main/config.json "HTTP/1.1 307 Temporary Redirect"
2026-06-28 23:14:52,002  INFO  HTTP Request: HEAD https://huggingface.co/api/resolve-cache/models/razent/SciFive-large-Pubmed/7dec1ea577acf357ee0f809fc0f7eeefb45aa42d/config.json "HTTP/1.1 200 OK"
2026-06-28 23:14:52,170  INFO  HTTP Request: HEAD https://huggingface.co/razent/SciFive-large-Pubmed/resolve/main/config.json "HTTP/1.1 307 Temporary Redirect"
2026-06-28 23:14:52,208  INFO  HTTP Request: HEAD https://huggingface.co/api/resolve-cache/models/razent/SciFive-large-Pubmed/7dec1ea577acf357ee0f809fc0f7eeefb45aa42d/config.json "HTTP/1.1 200 OK"
2026-06-28 23:14:52,359  INFO    ✓ New best (content=0.727) → checkpoints_multi_v4/scifive-large
2026-06-28 23:17:10,290  INFO  [scifive-large] E 18  train=2.1039 (ppl 8.20)  val=2.0066 (ppl 7.44)  gn=1.664
2026-06-28 23:17:23,338  INFO    Content score (lesion): lobe_jacc=0.667  hemi=0.833  -> 0.750
2026-06-28 23:17:23,343  INFO  
============================================================  PREVIEW
2026-06-28 23:17:25,376  INFO  
  Case : BraTS20_Training_301
2026-06-28 23:17:25,376  INFO    PRED :
Lesion area: mainly concentrated in the right frontal and parietal lobes, with mixed high and low signals
Edema: mainly concentrated in the right frontal and parietal lobes, with a large amount of heterogeneous high-signal areas
Necrosis: , with high signal intensity in the right frontal and parietal lobes
Ventricular compression: the right lateral ventricle is compressed, resulting in deformation and compression of the ventricles
2026-06-28 23:17:25,376  INFO    REF  :
Lesion area: the left frontal, parietal, and temporal lobes with a mix of irregular high and low signals along with spotty high signal areas
Edema: significant, primarily located in the left parietal and frontal lobes, indicating considerable swelling of the surrounding tissues near the lesions
Necrosis: suggested by regions with abnormal signal intensity, exhibiting a mix of high and low signals, focusing on the left parietal and frontal lobes
Ventricular compression: observed as the ventricles are deformed and compressed, particularly near the parietal lobe lesion area, showing a notable impact of the lesion on the ventricles
2026-06-28 23:17:27,438  INFO  
  Case : BraTS20_Training_197
2026-06-28 23:17:27,438  INFO    PRED :
Lesion area: right frontal and parietal lobes with heterogeneous high-signal areas, characterized by a mixture of high and low signals
Edema: , and the right frontal lobe is surrounded by a large amount of necrotic tissue with extensive edema
Necrosis: the right frontal and parietal lobes of the brain with a mixture of heterogeneous high and low signals, indicating the presence of necrotic tissue
Ventricular compression: right lateral ventricle is compressed and deformed, resulting in significant deformation of the ventricles
2026-06-28 23:17:27,438  INFO    REF  :
Lesion area: the right frontal and parietal lobes with heterogeneous mixed high and low signals, and speckled high signal areas suggesting multiple lesions
Edema: marked, predominantly in the right frontal and parietal lobes, with noticeable tissue swelling and a distinct ring-shaped
edema area extending outward from the lesion
Necrosis: observed with very low signal intensity areas that distinctly differ from surrounding tissue, and low signal speckles mixed within high signal regions, mainly concentrated within the lesion but showing a slight dispersal trend
Ventricular compression: quite apparent, with the right lateral ventricle significantly reduced in size, and the left lateral ventricle slightly reduced due to right-side lesion compression, indicating a substantial impact on the
ventricular system
2026-06-28 23:17:27,438  INFO  ============================================================
2026-06-28 23:17:27,631  INFO  HTTP Request: HEAD https://huggingface.co/razent/SciFive-large-Pubmed/resolve/main/config.json "HTTP/1.1 307 Temporary Redirect"
2026-06-28 23:17:27,666  INFO  HTTP Request: HEAD https://huggingface.co/api/resolve-cache/models/razent/SciFive-large-Pubmed/7dec1ea577acf357ee0f809fc0f7eeefb45aa42d/config.json "HTTP/1.1 200 OK"
2026-06-28 23:17:27,745  INFO  HTTP Request: HEAD https://huggingface.co/razent/SciFive-large-Pubmed/resolve/main/config.json "HTTP/1.1 307 Temporary Redirect"
2026-06-28 23:17:27,783  INFO  HTTP Request: HEAD https://huggingface.co/api/resolve-cache/models/razent/SciFive-large-Pubmed/7dec1ea577acf357ee0f809fc0f7eeefb45aa42d/config.json "HTTP/1.1 200 OK"
2026-06-28 23:17:27,907  INFO    ✓ New best (content=0.750) → checkpoints_multi_v4/scifive-large
2026-06-28 23:19:45,763  INFO  [scifive-large] E 19  train=2.0279 (ppl 7.60)  val=1.9337 (ppl 6.91)  gn=1.614
2026-06-28 23:19:58,558  INFO    Content score (lesion): lobe_jacc=0.562  hemi=0.792  -> 0.677
2026-06-28 23:19:58,562  INFO  
============================================================  PREVIEW
2026-06-28 23:20:00,674  INFO  
  Case : BraTS20_Training_256
2026-06-28 23:20:00,674  INFO    PRED :
Lesion area: the right frontal and parietal lobes with mixed high and low signals, indicating heterogeneous high-signal areas
Edema: the right frontal and parietal lobes of the right hemisphere with a large amount of heterogeneous high-signal areas
Necrosis: the right frontal and parietal lobes of the right hemisphere with a mixture of heterogeneous high and low signals
Ventricular compression: the right lateral ventricle is compressed and deformed, resulting in significant deformation of the right ventricles
2026-06-28 23:20:00,674  INFO    REF  :
Lesion area: the right frontal lobe and partially in the parietal lobe with a mix of heterogeneous high and low signals, including multiple spotted high signal areas, indicating the presence of multiple lesion foci
Edema: significant, surrounding the entire lesion region, particularly prominent in the right frontal lobe area, characterized by diffuse high signals and covering most of the right frontal lobe area
Necrosis: observed with low signal regions at the center of the lesion area, indicating potential
necrosis with low signal intensity and a high degree of heterogeneity, and the necrotic areas within the lesion foci are scattered and not centralized
Ventricular compression: observed, with the right lateral ventricle appearing compressed and deformed, suggesting that the lesion exerts a certain degree of pressure on the brain tissue and
ventricular system
2026-06-28 23:20:02,699  INFO  
  Case : BraTS20_Training_026
2026-06-28 23:20:02,699  INFO    PRED :
Lesion area: , mainly concentrated in the right frontal and parietal lobes, with a mixture of heterogeneous high and low signals
Edema: , mainly concentrated in the right frontal and parietal lobes, with a large amount of heterogeneous high-signal areas
Necrosis: mainly concentrated in the right frontal and parietal lobes, with mixed high and low signals
Ventricular compression: the right lateral ventricle is compressed and deformed, resulting in significant deformation of the right ventricles
2026-06-28 23:20:02,699  INFO    REF  :
Lesion area: the right frontal and parietal lobes with a mixture of heterogeneous signal intensities and spotted high-signal areas
Edema: significant, particularly in the right parietal lobe, extensive and affects the surrounding brain tissue
Necrosis: in the right frontal lobe, low-signal areas interspersed with high-signal areas
Ventricular compression: significant, especially on the right side
2026-06-28 23:20:02,699  INFO  ============================================================
2026-06-28 23:20:02,699  INFO    No improvement (1/12)
2026-06-28 23:22:20,546  INFO  [scifive-large] E 20  train=1.9753 (ppl 7.21)  val=1.8608 (ppl 6.43)  gn=1.569
2026-06-28 23:22:33,508  INFO    Content score (lesion): lobe_jacc=0.611  hemi=0.792  -> 0.701
2026-06-28 23:22:44,368  INFO    Hemisphere quick-check (lesion field): 18/20 = 90.0%
2026-06-28 23:23:04,648  INFO    Within-report distinctness: collapse=0%  distinct_ratio=1.00  (0.25=full collapse, 1.0=all differ)
2026-06-28 23:23:15,459  INFO    Cross-patient[lesion]: 18/20 unique = 0.90  (1.0=all differ, low=TEMPLATE COLLAPSE)
2026-06-28 23:23:26,251  INFO    Cross-patient[necrosis]: 19/20 unique = 0.95  (1.0=all differ, low=TEMPLATE COLLAPSE)
2026-06-28 23:23:26,256  INFO  
============================================================  PREVIEW
2026-06-28 23:23:28,213  INFO  
  Case : BraTS20_Training_110
2026-06-28 23:23:28,213  INFO    PRED :
Lesion area: mainly concentrated in the right frontal and parietal lobes, with a mixture of heterogeneous high and low signals
Edema: mainly concentrated in the frontal and parietal lobes of the right hemisphere, extending to the surrounding tissue and extending into the adjacent brain tissue
Necrosis: mainly observed in the right frontal and parietal lobes, with a mix of high and low signals
Ventricular compression: the right lateral ventricle is compressed and deformed, resulting in a deformation of the ventricles
2026-06-28 23:23:28,213  INFO    REF  :
Lesion area: the left frontal and occipital lobes with mixed heterogeneous signals and patchy high-signal regions
Edema: significant, primarily observed in the left parietal and frontal lobes, exhibiting considerable swelling and an extensive
edema range
Necrosis: not observed
Ventricular compression: relatively apparent, indicating that the lesion exerts a compressive effect on the ventricles
2026-06-28 23:23:30,253  INFO  
  Case : BraTS20_Training_127
2026-06-28 23:23:30,253  INFO    PRED :
Lesion area: mainly concentrated in the left frontal and parietal lobes, with a mix of heterogeneous high and low signals
Edema: mainly concentrated in the left frontal and parietal lobes, with a high degree of heterogeneity, extending to the surrounding tissue
Necrosis: mainly concentrated in the left frontal and parietal lobes, with a high signal intensity, indicating necrosis, with some areas showing mixed signals
Ventricular compression: the left lateral ventricle is compressed and deformed, resulting in significant deformation of the ventricles
2026-06-28 23:23:30,253  INFO    REF  :
Lesion area: the left frontal lobe and part of the temporal lobe, exhibiting a higher signal; some regions display mixed signals with distinct speckled high-signal areas, suggesting the possible presence of multiple lesions
Edema: significant in the left frontal and temporal lobe areas, appearing as diffusely high signals
Necrosis: potentially indicated by some low-signal areas in the left parietal lobe, which demonstrate uneven signals, with some regions mixed with other signals
Ventricular compression: slight, with the left lateral ventricle showing some degree of deformation
2026-06-28 23:23:30,253  INFO  ============================================================
2026-06-28 23:23:30,253  INFO    No improvement (2/12)
2026-06-28 23:25:48,292  INFO  [scifive-large] E 21  train=1.8868 (ppl 6.60)  val=1.7858 (ppl 5.96)  gn=1.720
2026-06-28 23:26:01,193  INFO    Content score (lesion): lobe_jacc=0.615  hemi=0.875  -> 0.745
2026-06-28 23:26:01,198  INFO  
============================================================  PREVIEW
2026-06-28 23:26:03,153  INFO  
  Case : BraTS20_Training_230
2026-06-28 23:26:03,153  INFO    PRED :
Lesion area: mainly concentrated in the left frontal and parietal lobes, with a mix of heterogeneous high and low signals
Edema: mainly concentrated in the left frontal and parietal lobes, with a large amount of edema surrounding the lesion area
Necrosis: observed in the left frontal and parietal lobes, mainly concentrated in the central part of the lesion area, indicating necrosis
Ventricular compression: the left lateral ventricle is compressed and deformed, resulting in a deformation of the ventricles
2026-06-28 23:26:03,153  INFO    REF  :
Lesion area: the left hemisphere, particularly in the parietal lobe region, with a mixture of heterogeneous high and low signals with spotted high-signal areas
Edema: in the parietal lobe region, prominent with significant
edema signals appearing as high signals, suggesting a considerable degree of swelling in the surrounding tissues, with a broad range of
edema
Necrosis: within the lesion area, showing low signals indicating possible necrotic regions with mixed signals and are relatively evenly distributed
Ventricular compression: clear compression of the left ventricle, suggesting a strong compressive effect on the brain tissue and ventricles
2026-06-28 23:26:04,988  INFO  
  Case : BraTS20_Training_001
2026-06-28 23:26:04,988  INFO    PRED :
Lesion area: the right frontal and parietal lobes with mixed high and low signals, indicating heterogeneous high-signal areas
Edema: mainly concentrated in the right frontal and parietal lobes, with a large area of high signal intensity
Necrosis: the right frontal and parietal lobes of the brain with a mixture of heterogeneous high and low signals
Ventricular compression: the right lateral ventricle is compressed and deformed, resulting in significant deformation of the ventricles
2026-06-28 23:26:04,988  INFO    REF  :
Lesion area: the right frontal and parietal lobes with a mixed pattern of high and low signals with speckled high signal regions
Edema: mainly observed in the right parietal lobe, partially extending to the frontal lobe, presenting as high signal, indicating significant tissue swelling around the lesion
Necrosis: within the lesions of the right parietal and frontal lobes, appearing as mixed, with alternating high and low signal regions
Ventricular compression: seen in the lateral ventricles with significant compressive effects on the brain tissue and ventricles
2026-06-28 23:26:04,988  INFO  ============================================================
2026-06-28 23:26:04,988  INFO    No improvement (3/12)
2026-06-28 23:28:22,959  INFO  [scifive-large] E 22  train=1.8197 (ppl 6.17)  val=1.7057 (ppl 5.51)  gn=1.686
2026-06-28 23:28:35,986  INFO    Content score (lesion): lobe_jacc=0.562  hemi=0.917  -> 0.740
2026-06-28 23:28:35,990  INFO  
============================================================  PREVIEW
2026-06-28 23:28:37,858  INFO  
  Case : BraTS20_Training_342
2026-06-28 23:28:37,859  INFO    PRED :
Lesion area: mainly concentrated in the right frontal and parietal lobes, with a mix of heterogeneous high and low signals
Edema: mainly concentrated in the right frontal and parietal lobes, extending to the surrounding tissue
Necrosis: the right frontal and parietal lobes of the brain with mixed high and low signals, indicating necrotic areas
Ventricular compression: the right lateral ventricle is compressed and deformed, resulting in significant deformation of the ventricles
2026-06-28 23:28:37,859  INFO    REF  :
Lesion area: the frontal, parietal, and occipital regions of the right hemisphere with mixed signals of varying intensities and spot-like high signal areas
Edema: mainly in the right hemisphere, where the lesions are present, particularly in the surrounding tissues near the lesions, and is extensive, covering the frontal lobe, parietal lobe, and part of the occipital lobe
Necrosis: located in the right hemisphere, especially at the center of the lesion, showing mixed, uneven signals and mostly concentrated
Ventricular compression: observed with the right lateral ventricle compressed and reduced in size
2026-06-28 23:28:39,733  INFO  
  Case : BraTS20_Training_110
2026-06-28 23:28:39,733  INFO    PRED :
Lesion area: concentrated in the right frontal and parietal lobes, with a mixture of heterogeneous high and low signals
Edema: mainly concentrated in the frontal and parietal lobes of the right hemisphere, extending to the surrounding tissue and extending into the surrounding tissues
Necrosis: mainly observed in the left frontal and parietal lobes, with a mix of heterogeneous high and low signals
Ventricular compression: the right lateral ventricle is compressed and deformed
2026-06-28 23:28:39,733  INFO    REF  :
Lesion area: the left frontal and occipital lobes with mixed heterogeneous signals and patchy high-signal regions
Edema: significant, primarily observed in the left parietal and frontal lobes, exhibiting considerable swelling and an extensive
edema range
Necrosis: not observed
Ventricular compression: relatively apparent, indicating that the lesion exerts a compressive effect on the ventricles
2026-06-28 23:28:39,733  INFO  ============================================================
2026-06-28 23:28:39,733  INFO    No improvement (4/12)
2026-06-28 23:30:57,809  INFO  [scifive-large] E 23  train=1.7341 (ppl 5.66)  val=1.6071 (ppl 4.99)  gn=1.674
2026-06-28 23:31:10,243  INFO    Content score (lesion): lobe_jacc=0.622  hemi=1.000  -> 0.811
2026-06-28 23:31:10,247  INFO  
============================================================  PREVIEW
2026-06-28 23:31:12,088  INFO  
  Case : BraTS20_Training_292
2026-06-28 23:31:12,088  INFO    PRED :
Lesion area: the right frontal and parietal lobes with a mix of heterogeneous high and low signals
Edema: mainly concentrated in the right frontal and parietal lobes, extending into the surrounding tissue, indicating extensive swelling
Necrosis: the right frontal and parietal lobes of the brain with mixed high and low signals, indicating necrotic areas
Ventricular compression: with the right lateral ventricle compressed and deformed
2026-06-28 23:31:12,088  INFO    REF  :
Lesion area: the right cerebral region, particularly involving the frontal and temporal lobes, with a mix of heterogeneous high and low signals, along with some spotty high signal areas
Edema: significant with signals around the right frontal and temporal lobes, suggesting a high degree of tissue swelling in these areas, and covers the main lesion areas
Necrosis: present within the lesion areas of the right frontal and temporal lobes, with regions showing significantly reduced signal intensity, mixed with both low signals and localized high signals scattered throughout
Ventricular compression: not observed
2026-06-28 23:31:14,000  INFO  
  Case : BraTS20_Training_120
2026-06-28 23:31:14,000  INFO    PRED :
Lesion area: the right frontal and parietal lobes with mixed high and low signals, indicating heterogeneous lesions
Edema: the right parietal and occipital lobes of the right hemisphere, mainly concentrated in the central part of the lesion area
Necrosis: the right parietal and occipital lobes with mixed high and low signals, indicating necrotic areas
Ventricular compression: the right lateral ventricle is compressed and deformed
2026-06-28 23:31:14,000  INFO    REF  :
Lesion area: parts of the bilateral frontal and parietal lobes with a heterogeneous mix of high and low signals, accompanied by patchy high signal areas
Edema: significant, primarily surrounding the bilateral frontal and parietal lobes, indicating severe swelling in the tissues
Necrosis: suggested by multiple low-signal areas, primarily concentrated around the bilateral lesion sites, exhibiting a mixed signal appearance
Ventricular compression: not evident, indicating that the current lesions have a limited compressive effect on the brain tissue and ventricles
2026-06-28 23:31:14,000  INFO  ============================================================
2026-06-28 23:31:14,189  INFO  HTTP Request: HEAD https://huggingface.co/razent/SciFive-large-Pubmed/resolve/main/config.json "HTTP/1.1 307 Temporary Redirect"
2026-06-28 23:31:14,229  INFO  HTTP Request: HEAD https://huggingface.co/api/resolve-cache/models/razent/SciFive-large-Pubmed/7dec1ea577acf357ee0f809fc0f7eeefb45aa42d/config.json "HTTP/1.1 200 OK"
2026-06-28 23:31:14,318  INFO  HTTP Request: HEAD https://huggingface.co/razent/SciFive-large-Pubmed/resolve/main/config.json "HTTP/1.1 307 Temporary Redirect"
2026-06-28 23:31:14,356  INFO  HTTP Request: HEAD https://huggingface.co/api/resolve-cache/models/razent/SciFive-large-Pubmed/7dec1ea577acf357ee0f809fc0f7eeefb45aa42d/config.json "HTTP/1.1 200 OK"
2026-06-28 23:31:14,482  INFO    ✓ New best (content=0.811) → checkpoints_multi_v4/scifive-large
2026-06-28 23:33:32,673  INFO  [scifive-large] E 24  train=1.6222 (ppl 5.06)  val=1.4992 (ppl 4.48)  gn=1.987
2026-06-28 23:33:46,073  INFO    Content score (lesion): lobe_jacc=0.663  hemi=0.958  -> 0.811
2026-06-28 23:33:46,078  INFO  
============================================================  PREVIEW
2026-06-28 23:33:47,875  INFO  
  Case : BraTS20_Training_297
2026-06-28 23:33:47,875  INFO    PRED :
Lesion area: the left frontal and parietal lobes with a mix of heterogeneous high- and low-signal regions, characterized by a mixture of high and low signals
Edema: mainly concentrated in the left frontal and parietal lobes, extending into the surrounding tissue
Necrosis: mainly concentrated in the left frontal and parietal lobes, with a mixture of high and low signal areas
Ventricular compression: characterized by compression and deformation of the left ventricle
2026-06-28 23:33:47,875  INFO    REF  :
Lesion area: the left parietal and occipital lobes with heterogeneous signal intensities and patchy high-signal regions
Edema: significant in portions of the parietal and occipital lobes, suggesting substantial swelling in the tissues surrounding the lesions
Necrosis: within the lesion areas in the parietal and occipital lobes, characterized by some low-signal regions indicating possible
necrosis
Ventricular compression: observed near prominent lesion areas, indicating that the lesions are exerting pressure on the surrounding brain tissue and ventricles
2026-06-28 23:33:49,590  INFO  
  Case : BraTS20_Training_348
2026-06-28 23:33:49,590  INFO    PRED :
Lesion area: mainly concentrated in the left frontal and parietal lobes, with a mix of heterogeneous high and low signals
Edema: mainly concentrated in the left parietal and frontal lobes, with a large area of high signal intensity
Necrosis: mainly observed in the left parietal and frontal lobes, with a mix of heterogeneous high and low signals
Ventricular compression: characterized by compression and deformation of the right ventricle
2026-06-28 23:33:49,590  INFO    REF  :
Lesion area: the left hemisphere, particularly in the left parietal and frontal lobe regions, with a mix of heterogeneous signals, including multiple spot-like high signal areas
Edema: indicated by significant high signal areas around the lesions in the left hemisphere, primarily concentrated in the left parietal and frontal lobe regions, and is extensive, enveloping multiple lesion sites
Necrosis: in the region near the center of the lesion in the left parietal lobe, with a low signal area indicative of possible necrotic tissue
Ventricular compression: observed as the left lateral ventricle is compressed and slightly deformed
2026-06-28 23:33:49,590  INFO  ============================================================
2026-06-28 23:33:49,590  INFO    No improvement (1/12)
2026-06-28 23:36:07,522  INFO  [scifive-large] E 25  train=1.5549 (ppl 4.73)  val=1.4599 (ppl 4.31)  gn=1.863
2026-06-28 23:36:20,254  INFO    Content score (lesion): lobe_jacc=0.549  hemi=0.917  -> 0.733
2026-06-28 23:36:30,164  INFO    Hemisphere quick-check (lesion field): 17/20 = 85.0%
2026-06-28 23:36:47,229  INFO    Within-report distinctness: collapse=0%  distinct_ratio=0.93  (0.25=full collapse, 1.0=all differ)
2026-06-28 23:36:57,391  INFO    Cross-patient[lesion]: 12/20 unique = 0.60  (1.0=all differ, low=TEMPLATE COLLAPSE)
2026-06-28 23:37:06,285  INFO    Cross-patient[necrosis]: 15/20 unique = 0.75  (1.0=all differ, low=TEMPLATE COLLAPSE)
2026-06-28 23:37:06,290  INFO  
============================================================  PREVIEW
2026-06-28 23:37:07,993  INFO  
  Case : BraTS20_Training_176
2026-06-28 23:37:07,993  INFO    PRED :
Lesion area: observed in the right frontal and parietal lobes with a mix of heterogeneous high and low signals
Edema: mainly concentrated in the right frontal and parietal lobes, with a high degree of edema
Necrosis: observed in the right frontal and parietal lobes, with a mix of high and low signals
Ventricular compression: observed with the right lateral ventricle being compressed and deformed
2026-06-28 23:37:07,993  INFO    REF  :
Lesion area: the right frontal and parietal lobes with multiple heterogeneous signal intensities, including high signal, iso-signal, and speckled high signal areas
Edema: significant, primarily observed in the right frontal and parietal lobes, with surrounding tissue swollen to a large extent around the lesion area, indicated by high signal intensity
Necrosis: mainly concentrated at the center of the lesion, manifested as mixed low signal regions, primarily located at the center of the lesion in the right parietal lobe, surrounded by high signal areas
Ventricular compression: evident, with compression on the right ventricle suggesting a certain degree of pressure exerted by the lesion area
2026-06-28 23:37:09,654  INFO  
  Case : BraTS20_Training_348
2026-06-28 23:37:09,654  INFO    PRED :
Lesion area: observed in the left frontal and parietal lobes with a mix of heterogeneous high and low signals, indicating multiple lesions
Edema: mainly concentrated in the left parietal and frontal lobes, with a high degree of heterogeneity
Necrosis: mainly observed in the left parietal and frontal lobes, with a mix of high and low signals
Ventricular compression: observed with the right lateral ventricle compressed and deformed
2026-06-28 23:37:09,654  INFO    REF  :
Lesion area: the left hemisphere, particularly in the left parietal and frontal lobe regions, with a mix of heterogeneous signals, including multiple spot-like high signal areas
Edema: indicated by significant high signal areas around the lesions in the left hemisphere, primarily concentrated in the left parietal and frontal lobe regions, and is extensive, enveloping multiple lesion sites
Necrosis: in the region near the center of the lesion in the left parietal lobe, with a low signal area indicative of possible necrotic tissue
Ventricular compression: observed as the left lateral ventricle is compressed and slightly deformed
2026-06-28 23:37:09,654  INFO  ============================================================
2026-06-28 23:37:09,654  INFO    No improvement (2/12)
2026-06-28 23:39:27,588  INFO  [scifive-large] E 26  train=1.5185 (ppl 4.57)  val=1.4357 (ppl 4.20)  gn=1.727
2026-06-28 23:39:39,688  INFO    Content score (lesion): lobe_jacc=0.604  hemi=0.875  -> 0.740
2026-06-28 23:39:39,692  INFO  
============================================================  PREVIEW
2026-06-28 23:39:41,291  INFO  
  Case : BraTS20_Training_342
2026-06-28 23:39:41,291  INFO    PRED :
Lesion area: the right frontal and parietal lobes with a mix of heterogeneous high and low signals
Edema: observed in the right frontal and parietal lobes with a high degree of edema
Necrosis: observed in the right frontal and parietal lobes with mixed high and low signals
Ventricular compression: observed with the right lateral ventricle compressed and deformed
2026-06-28 23:39:41,291  INFO    REF  :
Lesion area: the frontal, parietal, and occipital regions of the right hemisphere with mixed signals of varying intensities and spot-like high signal areas
Edema: mainly in the right hemisphere, where the lesions are present, particularly in the surrounding tissues near the lesions, and is extensive, covering the frontal lobe, parietal lobe, and part of the occipital lobe
Necrosis: located in the right hemisphere, especially at the center of the lesion, showing mixed, uneven signals and mostly concentrated
Ventricular compression: observed with the right lateral ventricle compressed and reduced in size
2026-06-28 23:39:43,136  INFO  
  Case : BraTS20_Training_094
2026-06-28 23:39:43,136  INFO    PRED :
Lesion area: observed in the left frontal and parietal lobes, with a mix of heterogeneous high and low signals
Edema: observed in the left frontal and parietal lobes with a high degree of edema
Necrosis: observed in the left frontal and parietal lobes, with a mix of heterogeneous high and low signals
Ventricular compression: the left lateral ventricle is compressed and deformed
2026-06-28 23:39:43,136  INFO    REF  :
Lesion area: the left parietal and occipital lobes with heterogeneous mixed signals with spotty high signals
Edema: significant, mainly observed in the left parietal and occipital lobes, with high signal intensity and substantial extent overlapping with lesion areas
Necrosis: observed with low signal intensity mixed with high signal spots, mainly concentrated and scattered in the left parietal and occipital lobes
Ventricular compression: pronounced, especially under the influence of lesions in the left parietal and occipital regions
2026-06-28 23:39:43,136  INFO  ============================================================
2026-06-28 23:39:43,136  INFO    No improvement (3/12)
2026-06-28 23:42:01,216  INFO  [scifive-large] E 27  train=1.4804 (ppl 4.39)  val=1.4174 (ppl 4.13)  gn=1.838
2026-06-28 23:42:13,128  INFO    Content score (lesion): lobe_jacc=0.646  hemi=0.917  -> 0.781
2026-06-28 23:42:13,133  INFO  
============================================================  PREVIEW
2026-06-28 23:42:14,933  INFO  
  Case : BraTS20_Training_366
2026-06-28 23:42:14,933  INFO    PRED :
Lesion area: the left parietal and occipital lobes with a mix of heterogeneous high and low signals
Edema: observed in the left parietal and occipital lobes, indicating significant swelling of the tissue surrounding the lesions
Necrosis: the left parietal and occipital lobes with a mix of heterogeneous high and low signals
Ventricular compression: observed with the left lateral ventricle compressed and deformed
2026-06-28 23:42:14,933  INFO    REF  :
Lesion area: the left temporal and parietal lobes with multiple heterogeneous mixed signals and spotty high-signal areas, suggesting the presence of multiple lesions
Edema: significant, concentrated in the left parietal and temporal regions, with extensive high-signal areas, suggesting noticeable swelling in the tissue surrounding the lesions
Necrosis: located mainly in the left temporal lobe, appearing as low signals with blurred boundaries mixed with the high-signal
Ventricular compression: observed with the left ventricle compressed and deformed, showing slight compression and deformation due to the mass effect of the lesion
2026-06-28 23:42:16,630  INFO  
  Case : BraTS20_Training_079
2026-06-28 23:42:16,630  INFO    PRED :
Lesion area: the right frontal and parietal lobes with a mix of heterogeneous high and low signals, indicating multiple lesions
Edema: the right frontal and parietal lobes with extensive edema
Necrosis: the right frontal and parietal lobes with a mix of heterogeneous high and low signals
Ventricular compression: observed with the right lateral ventricle being compressed and deformed
2026-06-28 23:42:16,630  INFO    REF  :
Lesion area: the right parietal lobe with mixed high and low signal intensity, along with spotted high signal regions
Edema: significant within the right parietal lobe area, indicating some degree of swelling in the surrounding tissues of the lesion
Necrosis: potential with mixed signal intensity in the right region, scattered throughout
Ventricular compression: not observed
2026-06-28 23:42:16,630  INFO  ============================================================
2026-06-28 23:42:16,630  INFO    No improvement (4/12)
2026-06-28 23:44:34,659  INFO  [scifive-large] E 28  train=1.4616 (ppl 4.31)  val=1.4023 (ppl 4.06)  gn=1.814
2026-06-28 23:44:46,541  INFO    Content score (lesion): lobe_jacc=0.625  hemi=0.875  -> 0.750
2026-06-28 23:44:46,546  INFO  
============================================================  PREVIEW
2026-06-28 23:44:48,384  INFO  
  Case : BraTS20_Training_228
2026-06-28 23:44:48,384  INFO    PRED :
Lesion area: the right frontal and parietal lobes with a mix of heterogeneous high and low signals
Edema: the right frontal and parietal lobes with a high degree of edema
Necrosis: the right frontal and parietal lobes with a mix of heterogeneous high and low signals
Ventricular compression: observed with the right lateral ventricle compressed and deformed
2026-06-28 23:44:48,384  INFO    REF  :
Lesion area: the right temporal and frontal lobes with a mixture of heterogeneous high and low signals, with some areas showing speckled high signals
Edema: extensive, mainly concentrated in the right temporal lobe and part of the frontal lobe, indicating marked swelling of the surrounding tissues
Necrosis: characterized by clearly low signals, with a notable degree of heterogeneity, mostly scattered in the right temporal and frontal lobes
Ventricular compression: slight compression of the right ventricle, with no severe deformation or significant shift observed yet
2026-06-28 23:44:50,300  INFO  
  Case : BraTS20_Training_004
2026-06-28 23:44:50,300  INFO    PRED :
Lesion area: the left frontal and parietal lobes with a mix of heterogeneous high and low signals and speckled high-signal areas
Edema: the left parietal and occipital lobes with a high degree of edema
Necrosis: the left parietal and occipital lobes with a mix of heterogeneous high and low signals
Ventricular compression: observed with the left lateral ventricle compressed and deformed
2026-06-28 23:44:50,300  INFO    REF  :
Lesion area: the left temporal lobe area with a mixed characteristic of uneven high and low signals
Edema: a clear high-signal
edema area observed surrounding the left temporal lobe region, indicating a certain degree of swelling in the tissues around the lesion
Necrosis: in the central region of the high-signal lesion, areas with very low signals are observed, suggesting possible
necrosis
Ventricular compression: not observed
2026-06-28 23:44:50,300  INFO  ============================================================
2026-06-28 23:44:50,300  INFO    No improvement (5/12)
2026-06-28 23:47:08,341  INFO  [scifive-large] E 29  train=1.4467 (ppl 4.25)  val=1.3891 (ppl 4.01)  gn=1.835
2026-06-28 23:47:20,155  INFO    Content score (lesion): lobe_jacc=0.708  hemi=0.833  -> 0.771
2026-06-28 23:47:20,160  INFO  
============================================================  PREVIEW
2026-06-28 23:47:21,981  INFO  
  Case : BraTS20_Training_095
2026-06-28 23:47:21,981  INFO    PRED :
Lesion area: the left frontal and parietal lobes with a mix of heterogeneous high and low signals and speckled high-signal areas
Edema: the left frontal and parietal lobes with a high degree of edema
Necrosis: observed in the left frontal and parietal lobes, with a mixture of heterogeneous high and low signals
Ventricular compression: the left lateral ventricle is compressed and deformed
2026-06-28 23:47:21,981  INFO    REF  :
Lesion area: the white matter of both cerebral hemispheres, especially in the bilateral frontal and parietal regions, with mixed high and low heterogeneous signals
Edema: mainly observed in the white matter areas of the frontal and parietal lobes, presenting as diffuse high signals, indicating significant swelling in the surrounding tissue of the lesions. The
edema is extensive, spreading across the entire cerebral hemisphere
Necrosis: suggested by some low-signal areas, appearing as mixed signals, mainly concentrated in the central regions of the high-signal lesions. The necrotic areas are relatively concentrated but also show some localized dispersion
Ventricular compression: partially compressed, particularly evident in the right lateral
ventricular body region
2026-06-28 23:47:23,837  INFO  
  Case : BraTS20_Training_292
2026-06-28 23:47:23,837  INFO    PRED :
Lesion area: the right frontal and parietal lobes with a mix of heterogeneous high and low signals and speckled high signal areas
Edema: the right parietal and occipital lobes of the brain with a high degree of edema, mainly concentrated in the central part of the lesions
Necrosis: the right frontal and parietal lobes with a mix of heterogeneous high and low signals
Ventricular compression: observed with the right lateral ventricle compressed and deformed
2026-06-28 23:47:23,837  INFO    REF  :
Lesion area: the right cerebral region, particularly involving the frontal and temporal lobes, with a mix of heterogeneous high and low signals, along with some spotty high signal areas
Edema: significant with signals around the right frontal and temporal lobes, suggesting a high degree of tissue swelling in these areas, and covers the main lesion areas
Necrosis: present within the lesion areas of the right frontal and temporal lobes, with regions showing significantly reduced signal intensity, mixed with both low signals and localized high signals scattered throughout
Ventricular compression: not observed
2026-06-28 23:47:23,837  INFO  ============================================================
2026-06-28 23:47:23,837  INFO    No improvement (6/12)
2026-06-28 23:49:41,861  INFO  [scifive-large] E 30  train=1.4268 (ppl 4.17)  val=1.3800 (ppl 3.97)  gn=1.801
2026-06-28 23:49:53,411  INFO    Content score (lesion): lobe_jacc=0.528  hemi=1.000  -> 0.764
2026-06-28 23:50:02,917  INFO    Hemisphere quick-check (lesion field): 19/20 = 95.0%
2026-06-28 23:50:19,747  INFO    Within-report distinctness: collapse=0%  distinct_ratio=0.85  (0.25=full collapse, 1.0=all differ)
2026-06-28 23:50:29,415  INFO    Cross-patient[lesion]: 7/20 unique = 0.35  (1.0=all differ, low=TEMPLATE COLLAPSE)
2026-06-28 23:50:38,684  INFO    Cross-patient[necrosis]: 7/20 unique = 0.35  (1.0=all differ, low=TEMPLATE COLLAPSE)
2026-06-28 23:50:38,689  INFO  
============================================================  PREVIEW
2026-06-28 23:50:40,546  INFO  
  Case : BraTS20_Training_178
2026-06-28 23:50:40,546  INFO    PRED :
Lesion area: the right frontal and parietal lobes with a mix of heterogeneous high and low signals
Edema: the right parietal and occipital lobes with a high degree of edema
Necrosis: the right frontal and parietal lobes with a mix of heterogeneous high and low signals
Ventricular compression: the right lateral ventricle is compressed and deformed
2026-06-28 23:50:40,546  INFO    REF  :
Lesion area: the right frontal and parietal lobes with heterogeneous signal, including high signal intensity and spot-like high signal intensities indicating multiple lesions
Edema: significant, mainly concentrated in the right frontal and parietal lobes, extending over a large area including the tissues surrounding the lesion, suggesting notable swelling of the surrounding tissue
Necrosis: located at the center of the lesion, characterized by lower signal intensity and highly heterogeneous, displaying uneven signals and is relatively concentrated
Ventricular compression: evident, particularly on the right side, as the ventricles appear deformed due to the pressure from surrounding
2026-06-28 23:50:42,091  INFO  
  Case : BraTS20_Training_079
2026-06-28 23:50:42,091  INFO    PRED :
Lesion area: the right frontal and parietal lobes with a mix of heterogeneous high and low signals
Edema: the right frontal and parietal lobes with a high degree of edema
Necrosis: the right frontal and parietal lobes with a mix of heterogeneous high and low signals
Ventricular compression: the right lateral ventricle is compressed and deformed
2026-06-28 23:50:42,091  INFO    REF  :
Lesion area: the right parietal lobe with mixed high and low signal intensity, along with spotted high signal regions
Edema: significant within the right parietal lobe area, indicating some degree of swelling in the surrounding tissues of the lesion
Necrosis: potential with mixed signal intensity in the right region, scattered throughout
Ventricular compression: not observed
2026-06-28 23:50:42,091  INFO  ============================================================
2026-06-28 23:50:42,091  INFO    No improvement (7/12)
2026-06-28 23:53:00,008  INFO  [scifive-large] E 31  train=1.4131 (ppl 4.11)  val=1.3672 (ppl 3.92)  gn=1.993
2026-06-28 23:53:11,733  INFO    Content score (lesion): lobe_jacc=0.681  hemi=0.958  -> 0.819
2026-06-28 23:53:11,737  INFO  
============================================================  PREVIEW
2026-06-28 23:53:13,490  INFO  
  Case : BraTS20_Training_110
2026-06-28 23:53:13,490  INFO    PRED :
Lesion area: the left frontal and parietal lobes with a mix of heterogeneous high and low signals and speckled high signal areas
Edema: the left parietal and occipital lobes of the brain with a high degree of edema
Necrosis: the left frontal and parietal lobes with a mix of heterogeneous high and low signals
Ventricular compression: the left lateral ventricle is compressed and deformed
2026-06-28 23:53:13,490  INFO    REF  :
Lesion area: the left frontal and occipital lobes with mixed heterogeneous signals and patchy high-signal regions
Edema: significant, primarily observed in the left parietal and frontal lobes, exhibiting considerable swelling and an extensive
edema range
Necrosis: not observed
Ventricular compression: relatively apparent, indicating that the lesion exerts a compressive effect on the ventricles
2026-06-28 23:53:15,307  INFO  
  Case : BraTS20_Training_301
2026-06-28 23:53:15,307  INFO    PRED :
Lesion area: the left frontal and parietal lobes with a mix of heterogeneous high and low signals and speckled high signal areas
Edema: the left frontal and parietal lobes with a high degree of edema
Necrosis: the left frontal and parietal lobes with a mix of heterogeneous high and low signals
Ventricular compression: the left lateral ventricle is compressed and deformed
2026-06-28 23:53:15,307  INFO    REF  :
Lesion area: the left frontal, parietal, and temporal lobes with a mix of irregular high and low signals along with spotty high signal areas
Edema: significant, primarily located in the left parietal and frontal lobes, indicating considerable swelling of the surrounding tissues near the lesions
Necrosis: suggested by regions with abnormal signal intensity, exhibiting a mix of high and low signals, focusing on the left parietal and frontal lobes
Ventricular compression: observed as the ventricles are deformed and compressed, particularly near the parietal lobe lesion area, showing a notable impact of the lesion on the ventricles
2026-06-28 23:53:15,307  INFO  ============================================================
2026-06-28 23:53:15,477  INFO  HTTP Request: HEAD https://huggingface.co/razent/SciFive-large-Pubmed/resolve/main/config.json "HTTP/1.1 307 Temporary Redirect"
2026-06-28 23:53:15,514  INFO  HTTP Request: HEAD https://huggingface.co/api/resolve-cache/models/razent/SciFive-large-Pubmed/7dec1ea577acf357ee0f809fc0f7eeefb45aa42d/config.json "HTTP/1.1 200 OK"
2026-06-28 23:53:15,589  INFO  HTTP Request: HEAD https://huggingface.co/razent/SciFive-large-Pubmed/resolve/main/config.json "HTTP/1.1 307 Temporary Redirect"
2026-06-28 23:53:15,625  INFO  HTTP Request: HEAD https://huggingface.co/api/resolve-cache/models/razent/SciFive-large-Pubmed/7dec1ea577acf357ee0f809fc0f7eeefb45aa42d/config.json "HTTP/1.1 200 OK"
2026-06-28 23:53:15,748  INFO    ✓ New best (content=0.819) → checkpoints_multi_v4/scifive-large
2026-06-28 23:55:33,842  INFO  [scifive-large] E 32  train=1.3913 (ppl 4.02)  val=1.3578 (ppl 3.89)  gn=2.033
2026-06-28 23:55:45,715  INFO    Content score (lesion): lobe_jacc=0.618  hemi=0.917  -> 0.767
2026-06-28 23:55:45,720  INFO  
============================================================  PREVIEW
2026-06-28 23:55:47,376  INFO  
  Case : BraTS20_Training_043
2026-06-28 23:55:47,377  INFO    PRED :
Lesion area: the right frontal and parietal lobes with a mix of heterogeneous high and low signals and speckled high-signal areas
Edema: observed in the right frontal and parietal lobes, indicating significant swelling of the tissue surrounding the lesions
Necrosis: the right frontal and parietal lobes with a mix of heterogeneous high and low signals
Ventricular compression: the right lateral ventricle is compressed and deformed
2026-06-28 23:55:47,377  INFO    REF  :
Lesion area: the right frontal and parietal regions with mixed high and low signals with patchy high-signal areas
Edema: prominent, concentrated in the right frontal and parietal lobes, with a minor extension to the temporal lobe, showing significant high signals
Necrosis: mostly observed in the right parietal and occipital lobes, appearing as low signals interspersed with some high-signal areas
Ventricular compression: notable on the lateral ventricles, with the lesion areas exerting a certain compressive effect on the ventricles
2026-06-28 23:55:49,197  INFO  
  Case : BraTS20_Training_305
2026-06-28 23:55:49,197  INFO    PRED :
Lesion area: the right frontal and parietal lobes with a mix of heterogeneous high and low signals
Edema: observed in the right frontal and parietal lobes, indicating significant swelling of the tissue surrounding the lesions
Necrosis: the right frontal and parietal lobes with a mixture of high and low signals, indicating necrotic areas
Ventricular compression: the right lateral ventricle is compressed and deformed
2026-06-28 23:55:49,197  INFO    REF  :
Lesion area: the right cerebral hemisphere, particularly the parietal and occipital lobes, with a mix of heterogeneous high and low signals, along with speckled high-signal areas
Edema: notable high-signal areas surrounding the lesions mainly concentrated in the right parietal and occipital lobes, with significant swelling of the surrounding tissues, covering a large area
Necrosis: some low-signal areas with uneven signal intensity, with some areas exhibiting extremely low signals, both concentrated and somewhat dispersed
Ventricular compression: the right ventricle subjected to varying degrees of compression, resulting in slight deformation
2026-06-28 23:55:49,197  INFO  ============================================================
2026-06-28 23:55:49,197  INFO    No improvement (1/12)
2026-06-28 23:58:07,099  INFO  [scifive-large] E 33  train=1.3803 (ppl 3.98)  val=1.3491 (ppl 3.85)  gn=1.880
2026-06-28 23:58:19,117  INFO    Content score (lesion): lobe_jacc=0.562  hemi=0.875  -> 0.719
2026-06-28 23:58:19,121  INFO  
============================================================  PREVIEW
2026-06-28 23:58:20,880  INFO  
  Case : BraTS20_Training_220
2026-06-28 23:58:20,880  INFO    PRED :
Lesion area: the right frontal and parietal lobes with a mix of heterogeneous high and low signals, indicating multiple lesions
Edema: observed in the right frontal and parietal lobes, indicating significant swelling of the tissue surrounding the lesions
Necrosis: the right frontal and parietal lobes with a mix of heterogeneous high and low signals
Ventricular compression: the right lateral ventricle is compressed and deformed
2026-06-28 23:58:20,880  INFO    REF  :
Lesion area: the right frontal lobe, right temporal lobe, and right occipital lobe with a mixed pattern of heterogeneous high and low signals, with patchy high-signal regions, suggesting multiple lesions
Edema: significant, primarily concentrated in the junction area of the right temporal lobe and frontal lobe, and in the right parietal lobe, spanning multiple brain lobes
Necrosis: visible with low signal intensity areas mainly concentrated in the junction of the right frontal and temporal lobes, with mixed signal characteristics
Ventricular compression: observed in the right frontal, temporal, and parietal lobes
2026-06-28 23:58:22,610  INFO  
  Case : BraTS20_Training_110
2026-06-28 23:58:22,610  INFO    PRED :
Lesion area: the left frontal and parietal lobes with a mix of heterogeneous high and low signals and speckled high signal areas
Edema: the left frontal and parietal lobes with significant edema, mainly concentrated in the central part of the lesions
Necrosis: the left frontal and parietal lobes with a mix of heterogeneous high and low signals
Ventricular compression: the left lateral ventricle is compressed and deformed
2026-06-28 23:58:22,610  INFO    REF  :
Lesion area: the left frontal and occipital lobes with mixed heterogeneous signals and patchy high-signal regions
Edema: significant, primarily observed in the left parietal and frontal lobes, exhibiting considerable swelling and an extensive
edema range
Necrosis: not observed
Ventricular compression: relatively apparent, indicating that the lesion exerts a compressive effect on the ventricles
2026-06-28 23:58:22,611  INFO  ============================================================
2026-06-28 23:58:22,611  INFO    No improvement (2/12)
2026-06-29 00:00:40,325  INFO  [scifive-large] E 34  train=1.3820 (ppl 3.98)  val=1.3400 (ppl 3.82)  gn=1.988
2026-06-29 00:00:52,286  INFO    Content score (lesion): lobe_jacc=0.601  hemi=0.917  -> 0.759
2026-06-29 00:00:52,290  INFO  
============================================================  PREVIEW
2026-06-29 00:00:54,151  INFO  
  Case : BraTS20_Training_109
2026-06-29 00:00:54,151  INFO    PRED :
Lesion area: the left frontal and parietal lobes with a mix of heterogeneous high and low signals and speckled high signal regions
Edema: the left frontal and parietal lobes with a high degree of edema
Necrosis: the left parietal and occipital lobes with a mix of heterogeneous high and low signals
Ventricular compression: the left lateral ventricle is compressed and deformed
2026-06-29 00:00:54,151  INFO    REF  :
Lesion area: the left frontal and parietal lobes with heterogeneous signal intensities, displaying both high and low signal areas, along with speckled high signal regions
Edema: evident around the lesions in the left frontal and parietal lobes, primarily observed around the high signal lesions, indicating the extent of tissue swelling and
edema
Necrosis: mainly concentrated in the left parietal region, characterized by low signal intensity, with some areas showing mixed signals and varying degrees of tissue
necrosis
Ventricular compression: observed with the right lateral ventricle slightly compressed, and the shape of the left lateral ventricle somewhat altered
2026-06-29 00:00:56,006  INFO  
  Case : BraTS20_Training_004
2026-06-29 00:00:56,006  INFO    PRED :
Lesion area: the left parietal and occipital lobes with a mix of heterogeneous high and low signals
Edema: the left parietal and occipital lobes with a high degree of edema
Necrosis: the left frontal and parietal lobes with a mix of heterogeneous high and low signals
Ventricular compression: the left lateral ventricle is compressed and deformed
2026-06-29 00:00:56,006  INFO    REF  :
Lesion area: the left temporal lobe area with a mixed characteristic of uneven high and low signals
Edema: a clear high-signal
edema area observed surrounding the left temporal lobe region, indicating a certain degree of swelling in the tissues around the lesion
Necrosis: in the central region of the high-signal lesion, areas with very low signals are observed, suggesting possible
necrosis
Ventricular compression: not observed
2026-06-29 00:00:56,006  INFO  ============================================================
2026-06-29 00:00:56,006  INFO    No improvement (3/12)
2026-06-29 00:03:14,041  INFO  [scifive-large] E 35  train=1.3536 (ppl 3.87)  val=1.3327 (ppl 3.79)  gn=2.016
2026-06-29 00:03:25,948  INFO    Content score (lesion): lobe_jacc=0.646  hemi=0.958  -> 0.802
2026-06-29 00:03:35,792  INFO    Hemisphere quick-check (lesion field): 18/20 = 90.0%
2026-06-29 00:03:53,667  INFO    Within-report distinctness: collapse=0%  distinct_ratio=0.93  (0.25=full collapse, 1.0=all differ)
2026-06-29 00:04:03,510  INFO    Cross-patient[lesion]: 8/20 unique = 0.40  (1.0=all differ, low=TEMPLATE COLLAPSE)
2026-06-29 00:04:13,170  INFO    Cross-patient[necrosis]: 6/20 unique = 0.30  (1.0=all differ, low=TEMPLATE COLLAPSE)
2026-06-29 00:04:13,174  INFO  
============================================================  PREVIEW
2026-06-29 00:04:14,993  INFO  
  Case : BraTS20_Training_094
2026-06-29 00:04:14,994  INFO    PRED :
Lesion area: the left frontal and parietal lobes with a mix of heterogeneous high and low signals and speckled high signal areas
Edema: the left frontal and parietal lobes with a high degree of edema
Necrosis: the left frontal and parietal lobes with a mix of heterogeneous high and low signals
Ventricular compression: the left lateral ventricle is compressed and deformed
2026-06-29 00:04:14,994  INFO    REF  :
Lesion area: the left parietal and occipital lobes with heterogeneous mixed signals with spotty high signals
Edema: significant, mainly observed in the left parietal and occipital lobes, with high signal intensity and substantial extent overlapping with lesion areas
Necrosis: observed with low signal intensity mixed with high signal spots, mainly concentrated and scattered in the left parietal and occipital lobes
Ventricular compression: pronounced, especially under the influence of lesions in the left parietal and occipital regions
2026-06-29 00:04:16,781  INFO  
  Case : BraTS20_Training_194
2026-06-29 00:04:16,782  INFO    PRED :
Lesion area: the left frontal and parietal lobes with a mix of heterogeneous high and low signals and speckled high signal areas
Edema: the left parietal and occipital lobes with a high degree of edema
Necrosis: the left frontal and parietal lobes with a mix of heterogeneous high and low signals
Ventricular compression: observed with the left lateral ventricle compressed and deformed
2026-06-29 00:04:16,782  INFO    REF  :
Lesion area: multiple areas of the left brain (frontal lobe, temporal lobe, parietal lobe, occipital lobe) with irregular signal patterns characterized by mixed high and low signals and spotty high-signal areas
Edema: significant with a substantial amount of high-signal areas indicating marked
edema, primarily concentrated in the frontal and parietal regions of the left brain
Necrosis: characterized by several low-signal areas showing potential signs of
necrosis, with uneven low signals demonstrating the mixed nature of the necrotic tissue scattered without showing any obvious concentration
Ventricular compression: observed in certain areas of the left lateral ventricle, particularly in regions where the lesions are more concentrated
2026-06-29 00:04:16,782  INFO  ============================================================
2026-06-29 00:04:16,782  INFO    No improvement (4/12)
2026-06-29 00:06:34,727  INFO  [scifive-large] E 36  train=1.3505 (ppl 3.86)  val=1.3261 (ppl 3.77)  gn=1.988
2026-06-29 00:06:46,601  INFO    Content score (lesion): lobe_jacc=0.594  hemi=0.958  -> 0.776
2026-06-29 00:06:46,606  INFO  
============================================================  PREVIEW
2026-06-29 00:06:48,397  INFO  
  Case : BraTS20_Training_366
2026-06-29 00:06:48,397  INFO    PRED :
Lesion area: the left parietal and occipital lobes with a mix of heterogeneous high and low signals
Edema: the left parietal and occipital lobes with a high degree of edema
Necrosis: the left parietal and occipital lobes with a mix of heterogeneous high and low signals
Ventricular compression: the left lateral ventricle is compressed and deformed
2026-06-29 00:06:48,397  INFO    REF  :
Lesion area: the left temporal and parietal lobes with multiple heterogeneous mixed signals and spotty high-signal areas, suggesting the presence of multiple lesions
Edema: significant, concentrated in the left parietal and temporal regions, with extensive high-signal areas, suggesting noticeable swelling in the tissue surrounding the lesions
Necrosis: located mainly in the left temporal lobe, appearing as low signals with blurred boundaries mixed with the high-signal
Ventricular compression: observed with the left ventricle compressed and deformed, showing slight compression and deformation due to the mass effect of the lesion
2026-06-29 00:06:50,224  INFO  
  Case : BraTS20_Training_074
2026-06-29 00:06:50,224  INFO    PRED :
Lesion area: the left frontal and parietal lobes with a mix of heterogeneous high and low signals
Edema: the left parietal and occipital lobes with a high degree of edema
Necrosis: the left parietal and occipital lobes with a mix of heterogeneous high and low signals
Ventricular compression: the left lateral ventricle is compressed and deformed
2026-06-29 00:06:50,224  INFO    REF  :
Lesion area: the left parietal lobe with a mix of high and low signals, exhibiting an uneven signal pattern and spotty high-signal areas, suggesting multiple lesions
Edema: mainly located around the left parietal lobe with notable swelling and moderate extent, affecting some adjacent tissues
Necrosis: some low-signal areas concentrated in the central region of the lesions with a mixed signal appearance, with some regions accompanying high-signal edges, suggesting progressive
necrosis
Ventricular compression: not observed
2026-06-29 00:06:50,224  INFO  ============================================================
2026-06-29 00:06:50,224  INFO    No improvement (5/12)
2026-06-29 00:09:08,130  INFO  [scifive-large] E 37  train=1.3414 (ppl 3.82)  val=1.3204 (ppl 3.74)  gn=1.855
2026-06-29 00:09:20,372  INFO    Content score (lesion): lobe_jacc=0.507  hemi=0.917  -> 0.712
2026-06-29 00:09:20,377  INFO  
============================================================  PREVIEW
2026-06-29 00:09:22,275  INFO  
  Case : BraTS20_Training_233
2026-06-29 00:09:22,275  INFO    PRED :
Lesion area: the left frontal and parietal lobes with a mix of heterogeneous high and low signals, accompanied by speckled high signal areas
Edema: the left parietal and occipital lobes with a high degree of edema
Necrosis: the left parietal and occipital lobes with a mix of heterogeneous high and low signals
Ventricular compression: the left lateral ventricle is compressed and deformed
2026-06-29 00:09:22,275  INFO    REF  :
Lesion area: the left temporal and occipital lobes with a mixture of heterogeneous high and low signals, with spotted high signal characteristics
Edema: mainly concentrated near the left temporal lobe region and around the occipital lobe with homogeneous or heterogeneous high signals, indicating significant swelling of the surrounding tissues in these areas, with a considerable range of
edema
Necrosis: present within the left occipital and temporal lobes, showing low signal areas intermixed with some high signal zones in the overall imaging
Ventricular compression: not observed
2026-06-29 00:09:24,152  INFO  
  Case : BraTS20_Training_057
2026-06-29 00:09:24,152  INFO    PRED :
Lesion area: the left parietal and frontal lobes with a mix of heterogeneous high and low signals, with speckled high signal areas
Edema: observed in the left parietal and frontal lobes, indicating significant swelling of the tissue surrounding the lesions
Necrosis: the left parietal and occipital lobes with a mix of heterogeneous high and low signals
Ventricular compression: the left lateral ventricle is compressed and deformed
2026-06-29 00:09:24,152  INFO    REF  :
Lesion area: the left frontal lobe with mixed signals of varying intensities and spot-like high signal areas
Edema: extensive, affecting parts of the parietal and temporal lobes, further illustrating the severity of the lesion
Necrosis: present, with possible signs of
necrosis in the left frontal lobe, showing uneven signal intensity with low signals mixed with high signal zones
Ventricular compression: present, with the left lateral ventricle showing some compression
2026-06-29 00:09:24,152  INFO  ============================================================
2026-06-29 00:09:24,152  INFO    No improvement (6/12)
2026-06-29 00:11:42,057  INFO  [scifive-large] E 38  train=1.3208 (ppl 3.75)  val=1.3140 (ppl 3.72)  gn=2.080
2026-06-29 00:11:53,763  INFO    Content score (lesion): lobe_jacc=0.576  hemi=0.958  -> 0.767
2026-06-29 00:11:53,768  INFO  
============================================================  PREVIEW
2026-06-29 00:11:55,635  INFO  
  Case : BraTS20_Training_001
2026-06-29 00:11:55,636  INFO    PRED :
Lesion area: the right frontal and parietal lobes with a mixture of heterogeneous high and low signals
Edema: the right frontal and parietal lobes with a high degree of edema, indicating significant swelling of the tissue surrounding the lesions
Necrosis: the right parietal and occipital lobes with a mix of heterogeneous high and low signals
Ventricular compression: the right lateral ventricle is compressed and deformed
2026-06-29 00:11:55,636  INFO    REF  :
Lesion area: the right frontal and parietal lobes with a mixed pattern of high and low signals with speckled high signal regions
Edema: mainly observed in the right parietal lobe, partially extending to the frontal lobe, presenting as high signal, indicating significant tissue swelling around the lesion
Necrosis: within the lesions of the right parietal and frontal lobes, appearing as mixed, with alternating high and low signal regions
Ventricular compression: seen in the lateral ventricles with significant compressive effects on the brain tissue and ventricles
2026-06-29 00:11:57,425  INFO  
  Case : BraTS20_Training_154
2026-06-29 00:11:57,425  INFO    PRED :
Lesion area: the right frontal and parietal lobes with a mixture of heterogeneous high and low signals
Edema: observed in the right frontal and parietal lobes, indicating significant swelling of the tissue surrounding the lesions
Necrosis: the right frontal and parietal lobes with a mix of heterogeneous high and low signals
Ventricular compression: the right lateral ventricle is compressed and deformed
2026-06-29 00:11:57,425  INFO    REF  :
Lesion area: the right frontal lobe with heterogeneous mixed signal intensity, exhibiting spot-like high signal areas
Edema: significant, observed in the right frontal lobe and part of the parietal lobe, extensive and spreading to the surrounding tissue of the lesion, indicating marked tissue swelling
Necrosis: within the lesion area, with regions of decreased signal primarily concentrated in the center of the right frontal lobe, surrounded by high signal
Ventricular compression: significant in the right lateral ventricle, which has undergone morphological changes, suggesting a substantial compressive effect of the lesion on brain tissue and ventricles
2026-06-29 00:11:57,425  INFO  ============================================================
2026-06-29 00:11:57,425  INFO    No improvement (7/12)
2026-06-29 00:14:15,341  INFO  [scifive-large] E 39  train=1.3226 (ppl 3.75)  val=1.3097 (ppl 3.71)  gn=1.975
2026-06-29 00:14:27,300  INFO    Content score (lesion): lobe_jacc=0.500  hemi=0.917  -> 0.708
2026-06-29 00:14:27,304  INFO  
============================================================  PREVIEW
2026-06-29 00:14:29,150  INFO  
  Case : BraTS20_Training_342
2026-06-29 00:14:29,150  INFO    PRED :
Lesion area: the right frontal and parietal lobes with a mix of heterogeneous high and low signals
Edema: the right frontal and parietal lobes with a high degree of edema
Necrosis: the right frontal and parietal lobes with a mix of heterogeneous high and low signals
Ventricular compression: the right lateral ventricle is compressed and deformed
2026-06-29 00:14:29,150  INFO    REF  :
Lesion area: the frontal, parietal, and occipital regions of the right hemisphere with mixed signals of varying intensities and spot-like high signal areas
Edema: mainly in the right hemisphere, where the lesions are present, particularly in the surrounding tissues near the lesions, and is extensive, covering the frontal lobe, parietal lobe, and part of the occipital lobe
Necrosis: located in the right hemisphere, especially at the center of the lesion, showing mixed, uneven signals and mostly concentrated
Ventricular compression: observed with the right lateral ventricle compressed and reduced in size
2026-06-29 00:14:31,001  INFO  
  Case : BraTS20_Training_366
2026-06-29 00:14:31,001  INFO    PRED :
Lesion area: the left parietal and occipital lobes with a mix of heterogeneous high and low signals
Edema: observed in the left parietal and occipital lobes, indicating significant swelling of the tissue surrounding the lesions
Necrosis: the left parietal and occipital lobes with a mix of heterogeneous high and low signals
Ventricular compression: the left lateral ventricle is compressed and deformed
2026-06-29 00:14:31,001  INFO    REF  :
Lesion area: the left temporal and parietal lobes with multiple heterogeneous mixed signals and spotty high-signal areas, suggesting the presence of multiple lesions
Edema: significant, concentrated in the left parietal and temporal regions, with extensive high-signal areas, suggesting noticeable swelling in the tissue surrounding the lesions
Necrosis: located mainly in the left temporal lobe, appearing as low signals with blurred boundaries mixed with the high-signal
Ventricular compression: observed with the left ventricle compressed and deformed, showing slight compression and deformation due to the mass effect of the lesion
2026-06-29 00:14:31,001  INFO  ============================================================
2026-06-29 00:14:31,001  INFO    No improvement (8/12)
2026-06-29 00:16:49,043  INFO  [scifive-large] E 40  train=1.3176 (ppl 3.73)  val=1.3037 (ppl 3.68)  gn=2.233
2026-06-29 00:17:00,755  INFO    Content score (lesion): lobe_jacc=0.490  hemi=0.917  -> 0.703
2026-06-29 00:17:10,510  INFO    Hemisphere quick-check (lesion field): 20/20 = 100.0%
2026-06-29 00:17:28,328  INFO    Within-report distinctness: collapse=0%  distinct_ratio=0.88  (0.25=full collapse, 1.0=all differ)
2026-06-29 00:17:38,102  INFO    Cross-patient[lesion]: 12/20 unique = 0.60  (1.0=all differ, low=TEMPLATE COLLAPSE)
2026-06-29 00:17:47,683  INFO    Cross-patient[necrosis]: 5/20 unique = 0.25  (1.0=all differ, low=TEMPLATE COLLAPSE)
2026-06-29 00:17:47,687  INFO  
============================================================  PREVIEW
2026-06-29 00:17:49,357  INFO  
  Case : BraTS20_Training_083
2026-06-29 00:17:49,357  INFO    PRED :
Lesion area: the left frontal and parietal lobes with a mix of heterogeneous high and low signals along with speckled high signal areas
Edema: the left frontal and parietal lobes with a high degree of edema, covering a large area
Necrosis: the left frontal and parietal lobes with a mix of heterogeneous high and low signals
Ventricular compression: the left lateral ventricle is compressed and deformed
2026-06-29 00:17:49,357  INFO    REF  :
Lesion area: the left parietal lobe and left temporal lobe with a mixed signal of uneven highs and lows with spotted high signal areas, suggesting the presence of multiple lesions
Edema: mainly present around the lesion areas, particularly in the left parietal lobe and the lateral parts of the left temporal lobe, displaying significantly high signal intensity, with a relatively large range of
edema
Necrosis: suggested by irregular regions predominantly showing low signals within the lesion areas, with a higher concentration near infection points in the local left parietal and left temporal lobes
Ventricular compression: observed with the left lateral ventricle compressed and deformed, with the frontal horn narrowed; the third ventricle is displaced
2026-06-29 00:17:51,091  INFO  
  Case : BraTS20_Training_034
2026-06-29 00:17:51,091  INFO    PRED :
Lesion area: the left frontal and parietal lobes with a mix of heterogeneous high and low signals
Edema: observed in the left frontal and parietal lobes, indicating significant swelling of the tissue surrounding the lesions
Necrosis: the left frontal and parietal lobes with a mix of heterogeneous high and low signals
Ventricular compression: the left lateral ventricle is compressed and deformed
2026-06-29 00:17:51,091  INFO    REF  :
Lesion area: the region of the left parietal lobe with a heterogeneous mix of high and low signals, along with speckled high signals
Edema: visible around the lesion, mainly focused in the left parietal lobe, presenting as regions of high signal intensity and indicating a large range of
edema with significant swelling of the surrounding tissue
Necrosis: observed in the lesion of the left parietal lobe, appearing with mixed signals and unclear borders, indicating scattered and mixed
necrosis with the surrounding high signal
Ventricular compression: observed with noticeable deformation of the third ventricle and lateral ventricles on the left side
2026-06-29 00:17:51,091  INFO  ============================================================
2026-06-29 00:17:51,091  INFO    No improvement (9/12)
2026-06-29 00:20:08,916  INFO  [scifive-large] E 41  train=1.3074 (ppl 3.70)  val=1.2992 (ppl 3.67)  gn=2.139
2026-06-29 00:20:20,422  INFO    Content score (lesion): lobe_jacc=0.625  hemi=0.958  -> 0.792
2026-06-29 00:20:20,426  INFO  
============================================================  PREVIEW
2026-06-29 00:20:22,290  INFO  
  Case : BraTS20_Training_342
2026-06-29 00:20:22,290  INFO    PRED :
Lesion area: the right frontal and parietal lobes with a mixture of heterogeneous high and low signals
Edema: the right parietal and occipital lobes of the brain with high signals, indicating significant swelling of the tissue surrounding the lesions
Necrosis: the right frontal and parietal lobes with a mix of heterogeneous high and low signals
Ventricular compression: the right lateral ventricle is compressed and deformed
2026-06-29 00:20:22,290  INFO    REF  :
Lesion area: the frontal, parietal, and occipital regions of the right hemisphere with mixed signals of varying intensities and spot-like high signal areas
Edema: mainly in the right hemisphere, where the lesions are present, particularly in the surrounding tissues near the lesions, and is extensive, covering the frontal lobe, parietal lobe, and part of the occipital lobe
Necrosis: located in the right hemisphere, especially at the center of the lesion, showing mixed, uneven signals and mostly concentrated
Ventricular compression: observed with the right lateral ventricle compressed and reduced in size
2026-06-29 00:20:24,183  INFO  
  Case : BraTS20_Training_156
2026-06-29 00:20:24,183  INFO    PRED :
Lesion area: the left frontal and parietal lobes with a mix of heterogeneous high and low signals
Edema: the left frontal and parietal lobes with a high degree of edema, indicating significant swelling of the tissue surrounding the lesions
Necrosis: observed in the left parietal and occipital lobes with a mixture of heterogeneous high and low signals
Ventricular compression: the left lateral ventricle is compressed and deformed
2026-06-29 00:20:24,183  INFO    REF  :
Lesion area: the left temporal lobe with a mixed signal of uneven high and low areas, and spotty high signal regions
Edema: significant around the left temporal lobe and extends into part of the parietal lobe area
Necrosis: a suspicious necrotic area in the left temporal lobe, displaying a mixed signal characteristic, concentrated and relatively pronounced
Ventricular compression: accompanied by compression of the adjacent ventricles, with the right ventricle mildly expanded, showing signs of compression
2026-06-29 00:20:24,183  INFO  ============================================================
2026-06-29 00:20:24,183  INFO    No improvement (10/12)
2026-06-29 00:22:41,997  INFO  [scifive-large] E 42  train=1.2923 (ppl 3.64)  val=1.2971 (ppl 3.66)  gn=2.143
2026-06-29 00:22:54,142  INFO    Content score (lesion): lobe_jacc=0.531  hemi=0.917  -> 0.724
2026-06-29 00:22:54,146  INFO  
============================================================  PREVIEW
2026-06-29 00:22:55,924  INFO  
  Case : BraTS20_Training_346
2026-06-29 00:22:55,924  INFO    PRED :
Lesion area: the right frontal and parietal lobes with a mix of heterogeneous high and low signals
Edema: the right frontal and parietal lobes with a high degree of edema
Necrosis: the right frontal and parietal lobes with a mix of heterogeneous high and low signals
Ventricular compression: the right lateral ventricle is compressed and deformed
2026-06-29 00:22:55,924  INFO    REF  :
Lesion area: the left parietal and temporal lobes with mixed high-signal areas with spotty high signals inside
Edema: particularly around the left parietal and temporal lobe regions, indicating increased swelling in these areas
Necrosis: within the lesion area as low-signal regions, presenting as mixed high and low signals internally, primarily concentrated in the central region of the lesion
Ventricular compression: observed, as the left ventricle is noticeably compressed and deformed, indicating significant compressive effects on the ventricles due to the lesions
2026-06-29 00:22:57,744  INFO  
  Case : BraTS20_Training_228
2026-06-29 00:22:57,744  INFO    PRED :
Lesion area: the right frontal and parietal lobes with a mixture of heterogeneous high and low signals
Edema: the right frontal and parietal lobes with a high degree of edema
Necrosis: the right frontal and parietal lobes with a mix of heterogeneous high and low signals
Ventricular compression: the right lateral ventricle is compressed and deformed
2026-06-29 00:22:57,744  INFO    REF  :
Lesion area: the right temporal and frontal lobes with a mixture of heterogeneous high and low signals, with some areas showing speckled high signals
Edema: extensive, mainly concentrated in the right temporal lobe and part of the frontal lobe, indicating marked swelling of the surrounding tissues
Necrosis: characterized by clearly low signals, with a notable degree of heterogeneity, mostly scattered in the right temporal and frontal lobes
Ventricular compression: slight compression of the right ventricle, with no severe deformation or significant shift observed yet
2026-06-29 00:22:57,744  INFO  ============================================================
2026-06-29 00:22:57,744  INFO    No improvement (11/12)
2026-06-29 00:25:15,663  INFO  [scifive-large] E 43  train=1.2944 (ppl 3.65)  val=1.2931 (ppl 3.64)  gn=2.234
2026-06-29 00:25:27,687  INFO    Content score (lesion): lobe_jacc=0.431  hemi=0.875  -> 0.653
2026-06-29 00:25:27,691  INFO  
============================================================  PREVIEW
2026-06-29 00:25:29,598  INFO  
  Case : BraTS20_Training_154
2026-06-29 00:25:29,598  INFO    PRED :
Lesion area: the right frontal and parietal lobes with a mixture of heterogeneous high and low signals
Edema: the right parietal and occipital lobes of the brain with high signals, indicating significant swelling of the tissue surrounding the lesions
Necrosis: the right parietal and occipital lobes with a mix of heterogeneous high and low signals
Ventricular compression: the right lateral ventricle is compressed and deformed
2026-06-29 00:25:29,598  INFO    REF  :
Lesion area: the right frontal lobe with heterogeneous mixed signal intensity, exhibiting spot-like high signal areas
Edema: significant, observed in the right frontal lobe and part of the parietal lobe, extensive and spreading to the surrounding tissue of the lesion, indicating marked tissue swelling
Necrosis: within the lesion area, with regions of decreased signal primarily concentrated in the center of the right frontal lobe, surrounded by high signal
Ventricular compression: significant in the right lateral ventricle, which has undergone morphological changes, suggesting a substantial compressive effect of the lesion on brain tissue and ventricles
2026-06-29 00:25:31,529  INFO  
  Case : BraTS20_Training_078
2026-06-29 00:25:31,529  INFO    PRED :
Lesion area: the right frontal and parietal lobes with a mix of heterogeneous high and low signals along with speckled high signal areas
Edema: the right parietal and occipital lobes with a high degree of swelling, indicating significant swelling of the tissue surrounding the lesions
Necrosis: the right parietal and occipital lobes with a mixture of high and low signals, indicating necrotic areas
Ventricular compression: the right lateral ventricle is compressed and deformed
2026-06-29 00:25:31,529  INFO    REF  :
Lesion area: the right temporal and parietal lobes with a mix of heterogeneous signals, including multiple patchy high-signal areas
Edema: pronounced, mainly observed in the right temporal and parietal lobes, and spans extensively as high-signal regions, indicating significant tissue swelling
Necrosis: identified as several low-signal areas within the lesion region, possibly indicating
necrosis, with uneven signal intensity concentrated in the right temporal lobe
Ventricular compression: slightly observed
2026-06-29 00:25:31,529  INFO  ============================================================
2026-06-29 00:25:31,529  INFO    No improvement (12/12)
2026-06-29 00:25:31,529  INFO  Early stopping.
2026-06-29 00:25:31,530  INFO  [scifive-large] done in 126.6 min. Best val=1.3672 at epoch 31 (content=0.819)
2026-06-29 00:25:31,719  INFO  
>>> Run 6/6  (elapsed: 225.2 min)
2026-06-29 00:25:31,720  INFO  
######################################################################
2026-06-29 00:25:31,720  INFO  # Training model: scifive-large-aug  (razent/SciFive-large-Pubmed)
2026-06-29 00:25:31,720  INFO  #   augment=True  aug_preset=tuned  p_swap=0.15  p_shuffle=0.5  shuffle_mode=banded
2026-06-29 00:25:31,720  INFO  #   LoRA r=32  targets=['q', 'v', 'o', 'wi', 'wi_0', 'wi_1', 'wo']  (widen=True)
2026-06-29 00:25:31,720  INFO  #   lobe_rollup=True  select_metric=content
2026-06-29 00:25:31,720  INFO  #   max_input=640  max_target=160
2026-06-29 00:25:31,720  INFO  ######################################################################
2026-06-29 00:25:31,721  INFO  Cases  -> train 294 | val 74
2026-06-29 00:25:31,721  INFO  Examples (x4 fields) -> train 1176 | val 296
2026-06-29 00:25:31,897  INFO  HTTP Request: HEAD https://huggingface.co/razent/SciFive-large-Pubmed/resolve/main/config.json "HTTP/1.1 307 Temporary Redirect"
2026-06-29 00:25:31,936  INFO  HTTP Request: HEAD https://huggingface.co/api/resolve-cache/models/razent/SciFive-large-Pubmed/7dec1ea577acf357ee0f809fc0f7eeefb45aa42d/config.json "HTTP/1.1 200 OK"
2026-06-29 00:25:32,034  INFO  HTTP Request: HEAD https://huggingface.co/razent/SciFive-large-Pubmed/resolve/main/tokenizer_config.json "HTTP/1.1 404 Not Found"
2026-06-29 00:25:32,114  INFO  HTTP Request: HEAD https://huggingface.co/razent/SciFive-large-Pubmed/resolve/main/tokenizer_config.json "HTTP/1.1 404 Not Found"
2026-06-29 00:25:32,210  INFO  HTTP Request: GET https://huggingface.co/api/models/razent/SciFive-large-Pubmed/tree/main/additional_chat_templates?recursive=false&expand=false "HTTP/1.1 404 Not Found"
2026-06-29 00:25:32,372  INFO  HTTP Request: GET https://huggingface.co/api/models/razent/SciFive-large-Pubmed/tree/main?recursive=true&expand=false "HTTP/1.1 200 OK"
2026-06-29 00:25:32,459  INFO  HTTP Request: HEAD https://huggingface.co/razent/SciFive-large-Pubmed/resolve/main/spiece.model "HTTP/1.1 302 Found"
2026-06-29 00:25:32,618  INFO  HTTP Request: HEAD https://huggingface.co/razent/SciFive-large-Pubmed/resolve/main/config.json "HTTP/1.1 307 Temporary Redirect"
2026-06-29 00:25:32,653  INFO  HTTP Request: HEAD https://huggingface.co/api/resolve-cache/models/razent/SciFive-large-Pubmed/7dec1ea577acf357ee0f809fc0f7eeefb45aa42d/config.json "HTTP/1.1 200 OK"
2026-06-29 00:25:32,733  INFO  HTTP Request: HEAD https://huggingface.co/razent/SciFive-large-Pubmed/resolve/main/config.json "HTTP/1.1 307 Temporary Redirect"
2026-06-29 00:25:32,768  INFO  HTTP Request: HEAD https://huggingface.co/api/resolve-cache/models/razent/SciFive-large-Pubmed/7dec1ea577acf357ee0f809fc0f7eeefb45aa42d/config.json "HTTP/1.1 200 OK"
2026-06-29 00:25:32,964  INFO  HTTP Request: HEAD https://huggingface.co/razent/SciFive-large-Pubmed/resolve/main/generation_config.json "HTTP/1.1 404 Not Found"
2026-06-29 00:25:33,038  INFO  HTTP Request: HEAD https://huggingface.co/razent/SciFive-large-Pubmed/resolve/main/config.json "HTTP/1.1 307 Temporary Redirect"
2026-06-29 00:25:33,074  INFO  HTTP Request: HEAD https://huggingface.co/api/resolve-cache/models/razent/SciFive-large-Pubmed/7dec1ea577acf357ee0f809fc0f7eeefb45aa42d/config.json "HTTP/1.1 200 OK"
2026-06-29 00:25:33,525  INFO  Using LR: 1e-05  |  label_smoothing: 0.1
2026-06-29 00:27:54,100  INFO  [scifive-large-aug] E  1  train=4.2156 (ppl 67.74)  val=4.2552 (ppl 70.47)  gn=1.245
2026-06-29 00:28:29,061  INFO    Content score (lesion): lobe_jacc=0.097  hemi=0.500  -> 0.299
2026-06-29 00:28:29,066  INFO  
============================================================  PREVIEW
2026-06-29 00:28:34,886  INFO  
  Case : BraTS20_Training_095
2026-06-29 00:28:34,886  INFO    PRED :
Lesion area: In which lobe(s) and hemisphere is the tumor LESION, and what are its signal characteristics? right [frontal]: ET=1, TC=1, WT=0, region%=47 *- Area and and Answer in ONE concise line: Patient: BraTS20_Training_095 and Answer Which?,,,----- * ** right right [
Edema: EDEMA is located and how extensive is it? Use the atlas matrix below.EDEMA in the brain? it is located? Where is it extensive?EMA in each patient? Where are they located? What is their extent? Answer in ONE concise line. Where is theEMA located? where and?::: , region%=-:--- *- *-* *
Necrosis: If there is a NECROSIS, answer 'not observed'. If yes, answer the question 'observed'.]: Answer 'yes' if there is. If no, answer "not observed".:: Describe the location and signal. If not, describe the location. If none, answer:: or.:. *; region%0--- * * * *
Ventricular compression: Describe any VENTRICULAR COMPRESSION (which ventricles, what deformation). If none, answer 'observed'. If observed, describe any deformation. Answer: if present: If present, describe it. If not, answer no. What is observed?: WHAT::. Answer: Area region%=----- * *- * *
2026-06-29 00:28:34,886  INFO    REF  :
Lesion area: the white matter of both cerebral hemispheres, especially in the bilateral frontal and parietal regions, with mixed high and low heterogeneous signals
Edema: mainly observed in the white matter areas of the frontal and parietal lobes, presenting as diffuse high signals, indicating significant swelling in the surrounding tissue of the lesions. The
edema is extensive, spreading across the entire cerebral hemisphere
Necrosis: suggested by some low-signal areas, appearing as mixed signals, mainly concentrated in the central regions of the high-signal lesions. The necrotic areas are relatively concentrated but also show some localized dispersion
Ventricular compression: partially compressed, particularly evident in the right lateral
ventricular body region
2026-06-29 00:28:40,757  INFO  
  Case : BraTS20_Training_109
2026-06-29 00:28:40,757  INFO    PRED :
Lesion area: In which brain region(s) and: ET=1, TC=1, WT=0, region%=54 - VA (Thalamus, ventral anterior Nucleus, magnocellular part) left [subcortical]: and and in which the ventral,::: 13%,,other *% *----2,---:%::
Edema: EDEMA is located and how extensive is it?EDEMA left [subcortical]: ET=1, TC=1, WT=0, region%=56 - theEMA? Where is it located and what extent is it extensive? Answer in one line. Where is theEDEMA located? where and?:: Answer: ---:-----=1,-
Necrosis: If there is a NECROSIS, answer 'not observed'. If yes, describe the location and signal. If no, answer "observed". Answer: if there is one.1, TC=1, WT=0, region%=56 *- VA2, or Answer:: Answer: Answer: No, region24-------1, W1,--
Ventricular compression: If yes, answer 'observed'. If no, describe any VENTRICULAR COMPRESSION (which ventricles, what deformation). if observed, if present, if any. If none, answer "not observed". If observed, describe it. If not, answer Yes/No.:Describe any.:.:---------=-
2026-06-29 00:28:40,757  INFO    REF  :
Lesion area: the left frontal and parietal lobes with heterogeneous signal intensities, displaying both high and low signal areas, along with speckled high signal regions
Edema: evident around the lesions in the left frontal and parietal lobes, primarily observed around the high signal lesions, indicating the extent of tissue swelling and
edema
Necrosis: mainly concentrated in the left parietal region, characterized by low signal intensity, with some areas showing mixed signals and varying degrees of tissue
necrosis
Ventricular compression: observed with the right lateral ventricle slightly compressed, and the shape of the left lateral ventricle somewhat altered
2026-06-29 00:28:40,757  INFO  ============================================================
2026-06-29 00:28:40,975  INFO  HTTP Request: HEAD https://huggingface.co/razent/SciFive-large-Pubmed/resolve/main/config.json "HTTP/1.1 307 Temporary Redirect"
2026-06-29 00:28:41,012  INFO  HTTP Request: HEAD https://huggingface.co/api/resolve-cache/models/razent/SciFive-large-Pubmed/7dec1ea577acf357ee0f809fc0f7eeefb45aa42d/config.json "HTTP/1.1 200 OK"
2026-06-29 00:28:41,090  INFO  HTTP Request: HEAD https://huggingface.co/razent/SciFive-large-Pubmed/resolve/main/config.json "HTTP/1.1 307 Temporary Redirect"
2026-06-29 00:28:41,127  INFO  HTTP Request: HEAD https://huggingface.co/api/resolve-cache/models/razent/SciFive-large-Pubmed/7dec1ea577acf357ee0f809fc0f7eeefb45aa42d/config.json "HTTP/1.1 200 OK"
2026-06-29 00:28:41,192  INFO    ✓ New best (content=0.299) → checkpoints_multi_v4/scifive-large-aug
2026-06-29 00:31:01,543  INFO  [scifive-large-aug] E  2  train=4.2075 (ppl 67.19)  val=4.2249 (ppl 68.37)  gn=1.508
2026-06-29 00:31:36,447  INFO    Content score (lesion): lobe_jacc=0.167  hemi=0.458  -> 0.312
2026-06-29 00:31:36,452  INFO  
============================================================  PREVIEW
2026-06-29 00:31:42,348  INFO  
  Case : BraTS20_Training_057
2026-06-29 00:31:42,348  INFO    PRED :
Lesion area: In which lobe(s) and hemisphere is the tumor LESION, and what are its signal characteristics? region%=9 - LP right [other]: WT=0 What is the most involved area(s), region%8 - Area hPO1 (IPS) right, region%= Answer::.,,,----- *:,-
Edema: EDEMA is located and how extensive is it?sencephalon) right [subcortical]: WT=0, region%=51 -sial prefrontal Nucleus)?siotemporal nucleus). Where is thesolimbic ED Answer in one line:::::,,,---- ****
Necrosis: If there is a NECROSIS, answer 'not observed'. If there are, answer the question 'observed'. If present, describe the location and signal. If absent, answer no question. Answer: Describe the NECROCSIS (location and signal). If not, answer yes or Answer: Answer: Answer:1, region%,--- * *- ** *
Ventricular compression: Describe any VENTRICULAR COMPRESSION (which ventricles, what deformation). If none, answer 'observed'. If observed, describe any deformation. if observed, if present:? If yes, describe it. If not, answer no. Answer:?:::.:, region%= region%---- *, region:,--
2026-06-29 00:31:42,348  INFO    REF  :
Lesion area: the left frontal lobe with mixed signals of varying intensities and spot-like high signal areas
Edema: extensive, affecting parts of the parietal and temporal lobes, further illustrating the severity of the lesion
Necrosis: present, with possible signs of
necrosis in the left frontal lobe, showing uneven signal intensity with low signals mixed with high signal zones
Ventricular compression: present, with the left lateral ventricle showing some compression
2026-06-29 00:31:48,124  INFO  
  Case : BraTS20_Training_094
2026-06-29 00:31:48,124  INFO    PRED :
Lesion area: is the tumor LESION, and what are its signal characteristics?: In which lobe(s) and hemisphere(s), and in what region(s); patient? What is the AREA (LESION AREA)? Answer in ONE concise line. Where and to what extent is the? Answer: Answer Answer:right,, right0-----: *= *
Edema: EDEMA is located and how extensive is it? Use only the atlas matrix for one patient: Where is the ETEMA located and what is its extent? ETEMA and TC are located? TC is located?EMA? Where is it located? How extensive? Answer in ONE concise line. Where does it extend?
Necrosis: If there is one, answer 'observed'. If there are two or more, answer "not observed". If yes, describe the NECROSIS. If no, answer in ONE concise line. Answer: Location and signal. If not, describe none. If present, describe it. If absent, answer yes or No.: Answer:,------: *=0-
Ventricular compression: If yes, answer 'observed'. If no, describe any VENTRICULAR COMPRESSION (which ventricles, what deformation). if observed, if any, answer in ONE concise line. If none, answer "not observed". If observed, answer yes or no.?if any.:.:, Right------: *= *
2026-06-29 00:31:48,124  INFO    REF  :
Lesion area: the left parietal and occipital lobes with heterogeneous mixed signals with spotty high signals
Edema: significant, mainly observed in the left parietal and occipital lobes, with high signal intensity and substantial extent overlapping with lesion areas
Necrosis: observed with low signal intensity mixed with high signal spots, mainly concentrated and scattered in the left parietal and occipital lobes
Ventricular compression: pronounced, especially under the influence of lesions in the left parietal and occipital regions
2026-06-29 00:31:48,124  INFO  ============================================================
2026-06-29 00:31:48,440  INFO  HTTP Request: HEAD https://huggingface.co/razent/SciFive-large-Pubmed/resolve/main/config.json "HTTP/1.1 307 Temporary Redirect"
2026-06-29 00:31:48,476  INFO  HTTP Request: HEAD https://huggingface.co/api/resolve-cache/models/razent/SciFive-large-Pubmed/7dec1ea577acf357ee0f809fc0f7eeefb45aa42d/config.json "HTTP/1.1 200 OK"
2026-06-29 00:31:48,554  INFO  HTTP Request: HEAD https://huggingface.co/razent/SciFive-large-Pubmed/resolve/main/config.json "HTTP/1.1 307 Temporary Redirect"
2026-06-29 00:31:48,592  INFO  HTTP Request: HEAD https://huggingface.co/api/resolve-cache/models/razent/SciFive-large-Pubmed/7dec1ea577acf357ee0f809fc0f7eeefb45aa42d/config.json "HTTP/1.1 200 OK"
2026-06-29 00:31:48,704  INFO    ✓ New best (content=0.312) → checkpoints_multi_v4/scifive-large-aug
2026-06-29 00:34:09,123  INFO  [scifive-large-aug] E  3  train=4.1643 (ppl 64.35)  val=4.1623 (ppl 64.22)  gn=1.514
2026-06-29 00:34:44,168  INFO    Content score (lesion): lobe_jacc=0.021  hemi=0.542  -> 0.281
2026-06-29 00:34:44,173  INFO  
============================================================  PREVIEW
2026-06-29 00:34:49,997  INFO  
  Case : BraTS20_Training_342
2026-06-29 00:34:49,998  INFO    PRED :
Lesion area: In which lobe(s) and hemisphere is the tumor LESION, and what signal characteristics are present?, WT=0, region%=83 *- Area Op3 (IPL) right [other]: ET=1, WT region%80 *- Region Op2 (POperc) right WT region% Answer Which? - * *- * *
Edema: EDEMA?EDEMA right [frontal]: ET=2, TC=1, WT=0, region%=83 *- Area Op3 (POperc) right [other]: EDEM?EMA left [other], ET=1, TC4, WT>0, ED Answer: Where and: region% - * * ,,,
Necrosis: If there is a NECROSIS, answer 'not observed'. If there are, answer the question 'observed'. Otherwise, describe the location and signal. region%=83.=0, region%).=1, region0%=80. If present, answer yes. If not, answer no. Use only the== or.:. Answer: region% *: *
Ventricular compression: If yes, answer 'observed'. If no, describe any VENTRICULAR COMPRESSION (which ventricles, what deformation). if observed: if present:: ET=2, TC=1, WT=0, region%=83. If not, answer None.:Observed.:.:, region%----- *- *,
2026-06-29 00:34:49,998  INFO    REF  :
Lesion area: the frontal, parietal, and occipital regions of the right hemisphere with mixed signals of varying intensities and spot-like high signal areas
Edema: mainly in the right hemisphere, where the lesions are present, particularly in the surrounding tissues near the lesions, and is extensive, covering the frontal lobe, parietal lobe, and part of the occipital lobe
Necrosis: located in the right hemisphere, especially at the center of the lesion, showing mixed, uneven signals and mostly concentrated
Ventricular compression: observed with the right lateral ventricle compressed and reduced in size
2026-06-29 00:34:55,889  INFO  
  Case : BraTS20_Training_313
2026-06-29 00:34:55,889  INFO    PRED :
Lesion area: What is the LESION(s)?=1, TC=1, WT=1, region%=41 - Area PFcm (IPL) right [other]: and ET=1, T=2, WT1, region0%=1 *- Area 4a (PreCG) right: ET=4, Answer Which?45% left-0-----::=,
Edema: EDEMA is located and how extensive is it? Answer in ONE concise line.50 - Area PFcm (IPL) right [parietal]: ET=0, TC=1, WT=1, region%=1 *- patient?100 *- Area 6v3 (PreCG) right:2 ? Where? * *- region- -- * * * *
Necrosis: 'not observed'. If there is, answer 'observed'. Answer 'yes' if there is.TC=1, WT=1, region%=66. if present.TC=2, WT1, region%). If not, answer "yes". Answer in ONE line.Describe the NECROSIS. Answer: Answer. *- region--- --TCTC
Ventricular compression: If yes, answer 'observed'. If no, describe any VENTRICULAR COMPRESSION (which ventricles, what deformation). if observed, if present, describe the deformation. If not, describe it.: Describe any 'not observed'.?if any.:.. Answer:, region%=1 region----- * * *
2026-06-29 00:34:55,889  INFO    REF  :
Lesion area: the right frontal and parietal regions with a mix of heterogeneous high and low signals and speckled high-signal areas
Edema: significant, with extensive high-signal regions occupying large portions of the right frontal and parietal lobes
Necrosis: observed with low-signal areas, especially concentrated in the right parietal region, exhibiting signal heterogeneity
Ventricular compression: noticeable on the right lateral ventricle, which appears narrowed
2026-06-29 00:34:55,889  INFO  ============================================================
2026-06-29 00:34:55,889  INFO    No improvement (1/12)
2026-06-29 00:37:16,313  INFO  [scifive-large-aug] E  4  train=4.1050 (ppl 60.64)  val=4.0638 (ppl 58.20)  gn=1.546
2026-06-29 00:37:51,662  INFO    Content score (lesion): lobe_jacc=0.139  hemi=0.583  -> 0.361
2026-06-29 00:37:51,667  INFO  
============================================================  PREVIEW
2026-06-29 00:37:57,430  INFO  
  Case : BraTS20_Training_286
2026-06-29 00:37:57,430  INFO    PRED :
Lesion area: in which lobe(s) and hemisphere is the tumor LESION, and what are its signal characteristics?: AREA? In which AREA(s), and which are its characteristics? Answer in ONE concise line. What is the? patient: Answer::?: 70%, other 30%, limbic 3%80%1-------000--TC
Edema: EDEMA is located and how extensive is it? Where is the TC/necrosis located? What is the extent? TC=Tumor Core WT=Whole Tumor/edema EMA located? How extensive? Where are the borders? Where do they lie? Where does it extend?. and.?:.:,0 * * *-: *-**
Necrosis: If there is a NECROSIS, answer 'not observed'. If yes, answer the question. If no, answer in ONE concise line. Describe the location and signal. if there is one, describe it. Location and signal: Describe or not observed. If present, describe. If not, answer. and Answer.... 0----: *= *
Ventricular compression: Describe any VENTRICULAR COMPRESSION (which ventricles, what deformation). If none, answer 'observed'. if present, describe the deformation. If not observed, describe it. if any, describe any 'not observed'.?if any.:ION?:: Answerother--- *-- *-*0 *-
2026-06-29 00:37:57,430  INFO    REF  :
Lesion area: the left parietal lobe with mixed signals of varying intensity and spotty high signal areas
Edema: significant, with signal regions mainly located in the left frontal and parietal lobes, appearing as high signals, suggesting substantial swelling of the tissues surrounding the lesion, and covering a large area extending over the parietal and frontal lobes with widespread impact
Necrosis: observed with possible necrotic signals primarily distributed around the high signal zone in the left parietal lobe, appearing as a mix of high and low signals, indicating tissue
necrosis
Ventricular compression: observed, with the left lateral ventricle notably compressed and reduced in size, demonstrating significant compressive effects of the lesion on brain tissue and ventricles
2026-06-29 00:38:03,058  INFO  
  Case : BraTS20_Training_079
2026-06-29 00:38:03,058  INFO    PRED :
Lesion area: is the tumor LESION, and what are its signal characteristics?: In which lobe(s) and hemisphere(s), and in which hemispheric region(s); patient and Answer (LESION AREA): What is the? Answer in ONE concise line Answer in one line: Which? ?-1110-----:= *--
Edema: EDEMA is located and how extensive is it? Answer in ONE concise line. Where is the ETEMA located and where is it extensive? ETEMA? ETEMAEMA? Where is it located? How extensive? Answer (EDEMA): Where is this located? Where does it extend? Where are they located? What is it? ?? 10-- *--:==-
Necrosis: If there is a NECROSIS, answer 'not observed'. If yes, answer the question. If no, answer in ONE concise line. Describe the location and signal. if there is one, describe it. Location and signal: Describe or not observed. If present, describe. If not, answer. If,. What?: : ------ * **
Ventricular compression: Describe any VENTRICULAR COMPRESSION (which ventricles, what deformation). If none, answer 'observed'. if so, describe the deformation. If yes, describe it. if any, describe any. If no, describe none. If observed, describe all. Which?if any.:ION?:? Answer10--------
2026-06-29 00:38:03,058  INFO    REF  :
Lesion area: the right parietal lobe with mixed high and low signal intensity, along with spotted high signal regions
Edema: significant within the right parietal lobe area, indicating some degree of swelling in the surrounding tissues of the lesion
Necrosis: potential with mixed signal intensity in the right region, scattered throughout
Ventricular compression: not observed
2026-06-29 00:38:03,058  INFO  ============================================================
2026-06-29 00:38:03,244  INFO  HTTP Request: HEAD https://huggingface.co/razent/SciFive-large-Pubmed/resolve/main/config.json "HTTP/1.1 307 Temporary Redirect"
2026-06-29 00:38:03,281  INFO  HTTP Request: HEAD https://huggingface.co/api/resolve-cache/models/razent/SciFive-large-Pubmed/7dec1ea577acf357ee0f809fc0f7eeefb45aa42d/config.json "HTTP/1.1 200 OK"
2026-06-29 00:38:03,356  INFO  HTTP Request: HEAD https://huggingface.co/razent/SciFive-large-Pubmed/resolve/main/config.json "HTTP/1.1 307 Temporary Redirect"
2026-06-29 00:38:03,394  INFO  HTTP Request: HEAD https://huggingface.co/api/resolve-cache/models/razent/SciFive-large-Pubmed/7dec1ea577acf357ee0f809fc0f7eeefb45aa42d/config.json "HTTP/1.1 200 OK"
2026-06-29 00:38:03,502  INFO    ✓ New best (content=0.361) → checkpoints_multi_v4/scifive-large-aug
2026-06-29 00:40:23,762  INFO  [scifive-large-aug] E  5  train=4.0197 (ppl 55.68)  val=3.9308 (ppl 50.95)  gn=1.361
2026-06-29 00:40:58,803  INFO    Content score (lesion): lobe_jacc=0.250  hemi=0.417  -> 0.333
2026-06-29 00:41:28,239  INFO    Hemisphere quick-check (lesion field): 9/20 = 45.0%
2026-06-29 00:42:26,958  INFO    Within-report distinctness: collapse=0%  distinct_ratio=1.00  (0.25=full collapse, 1.0=all differ)
2026-06-29 00:42:55,940  INFO    Cross-patient[lesion]: 20/20 unique = 1.00  (1.0=all differ, low=TEMPLATE COLLAPSE)
2026-06-29 00:43:25,204  INFO    Cross-patient[necrosis]: 20/20 unique = 1.00  (1.0=all differ, low=TEMPLATE COLLAPSE)
2026-06-29 00:43:25,209  INFO  
============================================================  PREVIEW
2026-06-29 00:43:31,045  INFO  
  Case : BraTS20_Training_247
2026-06-29 00:43:31,045  INFO    PRED :
Lesion area: Area hOc4lp (LOC) right [occipital]: ET=1, TC=0, WT=2, region%=93 *- AreaOc5lp(s) andh2a (V2) right [temporal]: Et=1,h2b (LingG) rightright Right Answer: 1,00 0* * * **
Edema: EDEMA and how extensive is it?ccipital]: ET=1, TC=2, WT=0, region%=93 - Area hOc4lp (IPL) right [temporal]: EDEMA] ED ED ED ED? Answer: following:, region% ---,--,-%ccipc
Necrosis: ET=1, TC=2, WT=0, region%=93 *- Area hOc4lp (LingG) right [occipital]: ET=0 right [temporal] and left for each patient. What is the NECROSIS? If yes, answer 'not observed'. If no, answer'' Answer: Answer Answer: * (V
Ventricular compression: Describe any VENTRICULAR COMPRESION (which ventricles, what deformation). If none, answer 'not observed'. If one, answer the question 'observed'. Answer in one line. If yes, answer yes.? Deformation: Which ventricle? What deformation? What compression? Which?.Describe any.:.. -- *
2026-06-29 00:43:31,045  INFO    REF  :
Lesion area: the right hemisphere of the brain with a mix of heterogeneous high and low signals and patchy high-signal regions
Edema: significant high-signal, observed in parts of the right hemisphere surrounding the lesions, including sections of the frontal and temporal lobes
Necrosis: mixed signals with uneven intensity, displaying patchy or diffuse combinations of high and low signals, dispersed within the lesions
Ventricular compression: observable compression of the ventricles, particularly the right ventricle area, by the lesion area
2026-06-29 00:43:36,883  INFO  
  Case : BraTS20_Training_305
2026-06-29 00:43:36,883  INFO    PRED :
Lesion area: - Area MFG1 (IFG) right [frontal]: TC=1, WT=1, region%=54 - Area SFS2 (SFS, IFG) right- Area 4a (PreCG) right?- Area IFS1 right [other]:------- 0%, other 0%-0----------
Edema: EDEMA and how extensive is it? TC=0, WT=1, region%=54 - Area MFG2 (MFG) right [frontal]: TC1, WT1, region0%=1 *- Where andEMA is located? Where is theEMA located? The matrix: Answer What: ,1,, -- *- :0,0
Necrosis: TC=0, WT=1, region%=52 *- Area MFG3 (IFG) right [frontal]: TC =0,right [other]:. If there is no NECROSIS, answer 'not observed'. If yes, describe the location and signal. If not, answer None or No. Answer: *-1,1,-- *- * * **
Ventricular compression: Describe any VENTRICULAR COMPRESSION (which ventricles, what deformation). If none, answer 'observed'. If observed, describe any deformation. If present, describe it. if observed. if present. If not, explain.: Which ventricle is involved? What deformation? Which?.:.:..:1,-- * ** region region%
2026-06-29 00:43:36,883  INFO    REF  :
Lesion area: the right cerebral hemisphere, particularly the parietal and occipital lobes, with a mix of heterogeneous high and low signals, along with speckled high-signal areas
Edema: notable high-signal areas surrounding the lesions mainly concentrated in the right parietal and occipital lobes, with significant swelling of the surrounding tissues, covering a large area
Necrosis: some low-signal areas with uneven signal intensity, with some areas exhibiting extremely low signals, both concentrated and somewhat dispersed
Ventricular compression: the right ventricle subjected to varying degrees of compression, resulting in slight deformation
2026-06-29 00:43:36,883  INFO  ============================================================
2026-06-29 00:43:36,883  INFO    No improvement (1/12)
2026-06-29 00:45:57,179  INFO  [scifive-large-aug] E  6  train=3.8976 (ppl 49.28)  val=3.7795 (ppl 43.79)  gn=1.776
2026-06-29 00:46:32,521  INFO    Content score (lesion): lobe_jacc=0.372  hemi=0.542  -> 0.457
2026-06-29 00:46:32,526  INFO  
============================================================  PREVIEW
2026-06-29 00:46:38,422  INFO  
  Case : BraTS20_Training_091
2026-06-29 00:46:38,422  INFO    PRED :
Lesion area: left [subcortical]: ET=1, TC=1, WT=0, region%=84 *- LD (Thalamus, lateral dorsal Nucleus) left [insula], ET=2,1,inalamic, laterodorsal) leftlateral posterior nucleus,) Which?,1------------%
Edema: left [insula]: ET=1, TC=1, WT=0, region%=84 *- EDEMA (Thalamus, lateral dorsal Nucleus) left [subcortical]: left [lateral)EMA? Where is it located and how extensive is it? Where does it extend? The of: Answer: Answer: ---:---- left [
Necrosis: ET=2, TC=1, WT=0, region%=84 *- LD (Thalamus, lateral dorsal Nucleus) left [insula]: ET=1, TC =1, Wt=01) left [subcortical]:Describe, medial dorsomedial nucleus,lateral,). Answer: Answer: *
Ventricular compression: If none, answer 'not observed'. If one, describe any VENTRICULAR COMPRESSION (which ventricles, what deformation). If two or more, answer the question 'observed'. Answer in one line. If yes, answer yes. if present. If no, answer no.: Which??.....: --- 4%,, *
2026-06-29 00:46:38,422  INFO    REF  :
Lesion area: the left hemisphere, especially in the left frontal and temporal lobes, with a mixture of irregular high and low signals, as well as spotty high signal regions
Edema: a high-signal region observable, mainly seen in the left frontal and temporal lobes, indicating significant swelling and a large area of
edema
Necrosis: within the lesion area with mixed signals, particularly within the high-signal area of the left frontal lobe, suggesting possible necrotic regions with a concentrated distribution and uneven signal characteristics
Ventricular compression: in the left ventricle, which appears compressed and deformed with an irregular shape
2026-06-29 00:46:44,368  INFO  
  Case : BraTS20_Training_313
2026-06-29 00:46:44,368  INFO    PRED :
Lesion area: ET=1, TC=1, WT=1, region%=41 - Area PFcm (IPL) right [parietal]: ET=0, TF=1,=1,=2, TC1, Wt=1, regions%=50 ET=2, WT1, region0%=1 *- Area 4 (PreCG) * TC=
Edema: EDEMA is located and how extensive is it? Answer in ONE concise line. Where is the EDEMA located and what extent is it extensive? Use only the atlas matrix below.66 - Area PFcm (IPL) right [other]: ET=0,11 *- Area 4b (PostCG) right1,; Thel?: ,1, % **12 *
Necrosis: WT=1, region%=70 - Area PFcm (IPL) right [parietal]: ET=1, TC=1,TC=0, WT1, region%)=50 -if there is one. If not, answer 'not observed'. If yes, describe it.TC=TC=, Answer yes Answer: *- region--- ----TC
Ventricular compression: If none, answer 'not observed'. If one, describe any VENTRICULAR COMPRESSION (which ventricles, what deformation). If two or more, answer yes. If no, answer no. Answer in one line.:? Answer:: Which ventricle? What deformation? Which???.?.: Answer:0---- *- ***
2026-06-29 00:46:44,368  INFO    REF  :
Lesion area: the right frontal and parietal regions with a mix of heterogeneous high and low signals and speckled high-signal areas
Edema: significant, with extensive high-signal regions occupying large portions of the right frontal and parietal lobes
Necrosis: observed with low-signal areas, especially concentrated in the right parietal region, exhibiting signal heterogeneity
Ventricular compression: noticeable on the right lateral ventricle, which appears narrowed
2026-06-29 00:46:44,368  INFO  ============================================================
2026-06-29 00:46:44,540  INFO  HTTP Request: HEAD https://huggingface.co/razent/SciFive-large-Pubmed/resolve/main/config.json "HTTP/1.1 307 Temporary Redirect"
2026-06-29 00:46:44,576  INFO  HTTP Request: HEAD https://huggingface.co/api/resolve-cache/models/razent/SciFive-large-Pubmed/7dec1ea577acf357ee0f809fc0f7eeefb45aa42d/config.json "HTTP/1.1 200 OK"
2026-06-29 00:46:44,657  INFO  HTTP Request: HEAD https://huggingface.co/razent/SciFive-large-Pubmed/resolve/main/config.json "HTTP/1.1 307 Temporary Redirect"
2026-06-29 00:46:44,692  INFO  HTTP Request: HEAD https://huggingface.co/api/resolve-cache/models/razent/SciFive-large-Pubmed/7dec1ea577acf357ee0f809fc0f7eeefb45aa42d/config.json "HTTP/1.1 200 OK"
2026-06-29 00:46:44,807  INFO    ✓ New best (content=0.457) → checkpoints_multi_v4/scifive-large-aug
2026-06-29 00:49:04,959  INFO  [scifive-large-aug] E  7  train=3.7230 (ppl 41.39)  val=3.5875 (ppl 36.14)  gn=1.204
2026-06-29 00:49:39,985  INFO    Content score (lesion): lobe_jacc=0.160  hemi=0.500  -> 0.330
2026-06-29 00:49:39,990  INFO  
============================================================  PREVIEW
2026-06-29 00:49:45,872  INFO  
  Case : BraTS20_Training_305
2026-06-29 00:49:45,872  INFO    PRED :
Lesion area: - Area MFG3 (IFG) right [frontal]: TC=1, WT=1, region%=54 - Region MFG4 (MFG, IFG) right- Area IFS2 (IFS) right-- Answer in one line: Patient: BraTS20_Training_305 Right-right Left5%?--,1 -------
Edema: TC=1, WT=1, region%=54 - Area MFG3 (IFG) right [frontal]: TC=0, WT1, region%=1TC=2, Where is the EDEMA located and how extensive?EMA: Area 4a (PreCG) right, and Thela? 1,-----****-TCTC
Necrosis: Area MFG3 (IFG) right [frontal]: TC=0, WT=1, region%=54 *- Area MFS1 (IFS) rightright [other]: If present, answer 'not observed'. If absent, describe the location and signal. If observed, describe it. Right: and Answer yes. ---- *- **
Ventricular compression: Region IFS1 (IFS) right [frontal]: TC=1, WT=1, region%=6 *- Area MFG3 (MFG) left [other]: region%7 *- if present. If not, describe it. If present, describe any Deformation: Which ventricles compressed??:.:.:: ---- * * *
2026-06-29 00:49:45,873  INFO    REF  :
Lesion area: the right cerebral hemisphere, particularly the parietal and occipital lobes, with a mix of heterogeneous high and low signals, along with speckled high-signal areas
Edema: notable high-signal areas surrounding the lesions mainly concentrated in the right parietal and occipital lobes, with significant swelling of the surrounding tissues, covering a large area
Necrosis: some low-signal areas with uneven signal intensity, with some areas exhibiting extremely low signals, both concentrated and somewhat dispersed
Ventricular compression: the right ventricle subjected to varying degrees of compression, resulting in slight deformation
2026-06-29 00:49:51,749  INFO  
  Case : BraTS20_Training_056
2026-06-29 00:49:51,750  INFO    PRED :
Lesion area: , region%=8 - Area hIP3 (IPS) right [parietal]: ET=1, TC=0, WT=1, region%1 - Region hIPL right [occipital]: Et=1, WT>0 c5) right [frontal]:c, Right Left? 0 0 - **, region
Edema: TC=0, WT=1, region%=8 - Area hIP3 (IPS) right [parietal]: ET=1, TC=1, WTcipital Where is the EDEMA located and how extensive is it?WT=0 WT>0 Thela below? Answer: ,TC=------ TC,-TCTC%
Necrosis: ET=1, TC=1, WT=1, region%=8 - Area hIP3 (IPS) right [parietal]: ET=0, TF=1, [frontal]: and signal. Answer: There is no NECROSIS. If there is, describe it. If not, answer 'not observed' Answer yes. Answer. Area --------
Ventricular compression: ET=1, TC=0, WT=1, region%=8 - Area hIP3 (IPS) right [parietal]: ET=2, TF=1,arietal? If yes, describe it. If no, answer 'not observed'. Which ventricles? What deformation? Answer:??...: Question: ---------
2026-06-29 00:49:51,750  INFO    REF  :
Lesion area: the right parietal and temporal lobes with heterogeneous high and low signal areas accompanied by patchy high signal regions
Edema: extensive, covering the peripheral regions of the lesions, suggesting significant swelling of the surrounding tissue. The area of
edema extends inward from the right cortex, affecting the white matter, resulting in widespread
edema
Necrosis: in regions displaying lower signal intensity, primarily concentrated in the deep lesion areas of the right parietal lobe
Ventricular compression: evident, with compression and deformation of the right ventricle, leading to a reduction in its volume
2026-06-29 00:49:51,750  INFO  ============================================================
2026-06-29 00:49:51,750  INFO    No improvement (1/12)
2026-06-29 00:52:11,912  INFO  [scifive-large-aug] E  8  train=3.5047 (ppl 33.27)  val=3.3433 (ppl 28.31)  gn=1.422
2026-06-29 00:52:46,435  INFO    Content score (lesion): lobe_jacc=0.267  hemi=0.333  -> 0.300
2026-06-29 00:52:46,440  INFO  
============================================================  PREVIEW
2026-06-29 00:52:52,377  INFO  
  Case : BraTS20_Training_346
2026-06-29 00:52:52,377  INFO    PRED :
Lesion area: , WT=0, region%=30 - Rt (Retinal Nucleus) right [other]: ET=1, TC=1, WT1, region%22%20 - WT>0, area%=28 -WT=2, region% WT,,; Answer:,,1,,-----,,,
Edema: TC=1, WT=0, region%=20 - Rt right [subcortical]: ET=1, TC=2, WT1, region%22 -parietal [other] and EDEMA? - Area hIP3 (IPS) right [other], region% ,.,? Answer:,4,1,----,,,,-,
Necrosis: , WT=0, region%=29 - Rt (Retinal Nucleus) right [other]: ET=1, TC=1, WT1, region%20 - Area hIP3 (IPS) right, - - and Answer: NECROSIS or . ,1,,------=, *,-% *
Ventricular compression: , WT=0, region%=29 - Rt right [subcortical]: ET=1, TC=1, WT1, region%30 - Area hIP3 (IPS) right [parietal]: Which? Answer: Yes, yes, yes. If none, describe anyformation????.: Deformation1,----- *,0-,
2026-06-29 00:52:52,377  INFO    REF  :
Lesion area: the left parietal and temporal lobes with mixed high-signal areas with spotty high signals inside
Edema: particularly around the left parietal and temporal lobe regions, indicating increased swelling in these areas
Necrosis: within the lesion area as low-signal regions, presenting as mixed high and low signals internally, primarily concentrated in the central region of the lesion
Ventricular compression: observed, as the left ventricle is noticeably compressed and deformed, indicating significant compressive effects on the ventricles due to the lesions
2026-06-29 00:52:58,320  INFO  
  Case : BraTS20_Training_259
2026-06-29 00:52:58,320  INFO    PRED :
Lesion area: , WT=0, region%=71 - Area 1 (PostCG) right [insula]: WT =0, regions%=70 - and Area 2 (PreCG) left [other]: ET=1, TC=2, region%1- and and,, Right 67% left ,-------, region ---%
Edema: EDEMA is located and how extensive is it? Use the atlas matrix for one patient: Where is the EDEMA located and what extent is it extensive? - Area 1 (PostCG) right [parietal]: WT=2, region%=80 - *- Area 4 (IFS) right,,.? Answer: 1,-- -, region*,
Necrosis: : WT=2, region%=71 - Area 1 (PostCG) right [parietal]: Wt=2, area%=70 - Region 1 (PreCG) left [other]:arietal],tal,tal, insula, temporal]:tal, and or . Answer: 1,,------= *-,%tal
Ventricular compression: Right [insula]: WT=2, region%=71 - Area Id3 (PreCG) right [other]: ET=0, TC=1, WT =0, region%100-? Answer: Deformation: Which ventricles deform? Describe any.????.: Question: ---- --, region,--
2026-06-29 00:52:58,320  INFO    REF  :
Lesion area: the right cerebral region, including the frontal lobe and part of the parietal lobe, with mixed high and low signals and patchy high signal areas
Edema: significant, observed in the right frontal lobe area and parts of the parietal lobe with relatively high intensity, extending over a considerable area
Necrosis: potential, identified in the high-intensity signal region of the right frontal lobe with highly uneven signal intensity, suggesting necrotic tissue more concentrated in the mid to posterior part of the right cerebrum
Ventricular compression: present, with the right ventricle compressed and deformed, indicating pressure exertion by the lesion
2026-06-29 00:52:58,321  INFO  ============================================================
2026-06-29 00:52:58,321  INFO    No improvement (2/12)
2026-06-29 00:55:18,788  INFO  [scifive-large-aug] E  9  train=3.2278 (ppl 25.22)  val=3.0298 (ppl 20.69)  gn=1.309
2026-06-29 00:55:53,803  INFO    Content score (lesion): lobe_jacc=0.222  hemi=0.375  -> 0.299
2026-06-29 00:55:53,808  INFO  
============================================================  PREVIEW
2026-06-29 00:55:59,669  INFO  
  Case : BraTS20_Training_292
2026-06-29 00:55:59,669  INFO    PRED :
Lesion area: , region%=20 - Area Id1 (Insula) right [temporal]: ET=0, WT=1, area%=1 - Region Ph1 (PhG) right, region0%=2 -, region2%, region1%=3 *- Area FG1 right,rightright left left ,-----*, region
Edema: TC=0, WT=1, region%=4 - Area Ph2 (PhG) right [temporal]: WT0, region%1 - Region--hippocampus) rightHippocampal complex) rightright The EDEMA is located in the rightoccipital right left ,0,-- -------%
Necrosis: =1 - Area Id1 (Insula) right [temporal]: WT=0, region%=2 - Region Id2 (PhG) right=1=1=1 *- Area FG3 right [other]: ET=1, TC=2, WT=,,,,,,,,, ==,
Ventricular compression: , region%=20 - Area Ph1 (PhG) right [temporal]: ET=0, WT=1, region%: TC=1, WT>0, region%=1 - and Deformation: Right ventricle compressed?????? COMPRESSION: ----- -----%=::
2026-06-29 00:55:59,669  INFO    REF  :
Lesion area: the right cerebral region, particularly involving the frontal and temporal lobes, with a mix of heterogeneous high and low signals, along with some spotty high signal areas
Edema: significant with signals around the right frontal and temporal lobes, suggesting a high degree of tissue swelling in these areas, and covers the main lesion areas
Necrosis: present within the lesion areas of the right frontal and temporal lobes, with regions showing significantly reduced signal intensity, mixed with both low signals and localized high signals scattered throughout
Ventricular compression: not observed
2026-06-29 00:56:05,666  INFO  
  Case : BraTS20_Training_153
2026-06-29 00:56:05,666  INFO    PRED :
Lesion area: , WT=0, region%=84 *- PUl (Thalamus, lateral pulvinar) left [subcortical]: ET=2, TC=1, ET=4, W ET=3, WT1, region%1 *- Area Ph3 left left and left?:, left2------1,1,000%0
Edema: pulvinar) left [subcortical]: ET=2, TC=0, WT=1, region%=52 *- PUl (Thalamus, lateral--- - EDEMA and where is it located? Answer: Where is the? Answer::, 16%,1-----------%- h
Necrosis: , WT=0, region%=66 *- PUl (Thalamus, lateral pulvinar) left [subcortical]: ET=2, TC=1, WT1, region%1- , TC>1, W, W, W, W,. Answer::,,------= --,%TC
Ventricular compression: : ET=2, TC=0, WT=1, region%=85 *- PUl (Thalamus, lateral pulvinar) left [temporal], ET=4,cortical]:???? Describe any??.: COMPRESSION: --------, region-, region%-%=cortcor
2026-06-29 00:56:05,666  INFO    REF  :
Lesion area: the left frontal and parietal lobes with a mix of heterogeneous high and low signals and speckled high-signal areas
Edema: significant in the left frontal and parietal lobes, mainly concentrated around the lesion area, with a broad range of diffusion, suggesting considerable swelling of the surrounding tissues
Necrosis: suggested by high signal intensity within the lesion area, predominantly concentrated in the right frontal and parietal lobes, with a relatively localized distribution
Ventricular compression: exerting some degree of compression on the right lateral ventricle
2026-06-29 00:56:05,666  INFO  ============================================================
2026-06-29 00:56:05,666  INFO    No improvement (3/12)
2026-06-29 00:58:26,202  INFO  [scifive-large-aug] E 10  train=2.9832 (ppl 19.75)  val=2.8186 (ppl 16.75)  gn=1.426
2026-06-29 00:59:01,538  INFO    Content score (lesion): lobe_jacc=0.312  hemi=0.583  -> 0.448
2026-06-29 00:59:30,748  INFO    Hemisphere quick-check (lesion field): 8/20 = 40.0%
2026-06-29 01:00:28,845  INFO    Within-report distinctness: collapse=0%  distinct_ratio=1.00  (0.25=full collapse, 1.0=all differ)
2026-06-29 01:00:58,357  INFO    Cross-patient[lesion]: 20/20 unique = 1.00  (1.0=all differ, low=TEMPLATE COLLAPSE)
2026-06-29 01:01:27,566  INFO    Cross-patient[necrosis]: 20/20 unique = 1.00  (1.0=all differ, low=TEMPLATE COLLAPSE)
2026-06-29 01:01:27,571  INFO  
============================================================  PREVIEW
2026-06-29 01:01:33,138  INFO  
  Case : BraTS20_Training_110
2026-06-29 01:01:33,138  INFO    PRED :
Lesion area: Area 5M (SPL) right [frontal]: ET=35, TC=31, WT=54, region%=1LESION AREA(S): In which lobe(s) and hemisphere is the LESION? In which is the of the tumor and. and.: leftright-----------%-
Edema: EDEMA is located and how extensive is it? Use only the atlas matrix for one patient and answer in ONE concise line. Where is the ED located? extent of the edema? where is it located? How extensive? Answer in one line. The ED is located in therium The: and::, left-----------%-
Necrosis: Area 5L (SPL) right [parietal]: ET=0, TC=11, WT=12, region%=2 *- Area 5Ci (GapMap) left [frontal]: Location and signal 'not observed'. If there is, describe the location and signal
Ventricular compression: If none, answer 'not observed'. If one or more, describe any deformation of the ventricles, if any, and if none, explain the deformation. Describe any deformation? Any VENTRICULAR COMPRESSION (which ventricle, what deformation) Describe any any any.:: COMPRESION *-----,= *
2026-06-29 01:01:33,138  INFO    REF  :
Lesion area: the left frontal and occipital lobes with mixed heterogeneous signals and patchy high-signal regions
Edema: significant, primarily observed in the left parietal and frontal lobes, exhibiting considerable swelling and an extensive
edema range
Necrosis: not observed
Ventricular compression: relatively apparent, indicating that the lesion exerts a compressive effect on the ventricles
2026-06-29 01:01:39,062  INFO  
  Case : BraTS20_Training_297
2026-06-29 01:01:39,062  INFO    PRED :
Lesion area: 1, WT=1, region%=8 - Area hOc4d (Cuneus) right [occipital]: TC=0, WT>0, region%2- WT WT0, area%=0,,,, and,, 27%, left right,-----------%= W W
Edema: TC=1, WT=0, region%=8 - Area hOc3d (Cuneus) right [occipital]: TC=0- left [other]:-,, and , the EDEMA is located and extensive? Answer:: ,,,-- ILATERAL--------Oc4Oc
Necrosis: 1, region%=8 - Area hOc3d (Cuneus) right [occipital]: TC=2, WT=0, region%1 - Region hPO1 (POS) left [other]:0, area%=2 -, region1, region0%=08, region% ,
Ventricular compression: TC=1, WT=1, region%=8 - Area hOc4d (Cuneus) right [occipital]: TC =1, Wt=1, regions of deformationTC=0, region%? What is it? and and any??.: COMPRESSION,----------TC=%=TC
2026-06-29 01:01:39,062  INFO    REF  :
Lesion area: the left parietal and occipital lobes with heterogeneous signal intensities and patchy high-signal regions
Edema: significant in portions of the parietal and occipital lobes, suggesting substantial swelling in the tissues surrounding the lesions
Necrosis: within the lesion areas in the parietal and occipital lobes, characterized by some low-signal regions indicating possible
necrosis
Ventricular compression: observed near prominent lesion areas, indicating that the lesions are exerting pressure on the surrounding brain tissue and ventricles
2026-06-29 01:01:39,062  INFO  ============================================================
2026-06-29 01:01:39,062  INFO    No improvement (4/12)
2026-06-29 01:03:59,192  INFO  [scifive-large-aug] E 11  train=2.7998 (ppl 16.44)  val=2.6741 (ppl 14.50)  gn=1.471
2026-06-29 01:04:33,731  INFO    Content score (lesion): lobe_jacc=0.354  hemi=0.417  -> 0.385
2026-06-29 01:04:33,736  INFO  
============================================================  PREVIEW
2026-06-29 01:04:39,289  INFO  
  Case : BraTS20_Training_079
2026-06-29 01:04:39,289  INFO    PRED :
Lesion area: , region%=1 *- Area PFcm (IPL) right [parietal]: ET=34, TC=35, WT=17, region0%=2, the lesion in the right parietal lobe, with high signal intensity, and low signal the center of the tumor
Edema: surrounded by a large amount of edema and necrosis, with some areas showing a high degree of EDEMA and a low degree of enhancement and how extensive is it? the patient is located extensive, involving the entire lesion, extending beyond the borders of the tumor extensive extensive extensive extensive extensive extensive extensive extensive extensive ----=----%-
Necrosis: , region%=1 *- Area PFcm (IPL) right [parietal]: ET=34, TC=35, WT=17, region%), with low signal intensity, and high signal intensity
Ventricular compression: The ventricles of the right ventricle were compressed, causing deformation, and deformation of the apex of the heart. There was no evidence of VENTRICULAR COMPRESSION. If present, describe it. Any any deformation? Any deformation in the left ventriculum any Deformation Any any? Any, COMPRESION --------
2026-06-29 01:04:39,289  INFO    REF  :
Lesion area: the right parietal lobe with mixed high and low signal intensity, along with spotted high signal regions
Edema: significant within the right parietal lobe area, indicating some degree of swelling in the surrounding tissues of the lesion
Necrosis: potential with mixed signal intensity in the right region, scattered throughout
Ventricular compression: not observed
2026-06-29 01:04:45,225  INFO  
  Case : BraTS20_Training_166
2026-06-29 01:04:45,225  INFO    PRED :
Lesion area: right [parietal]: ET=0, WT=1, region%=85 - Area hOc4la (LOC) right [temporal]: WT =0, [frontal]: right [other]: T1, T2, T3, T4,,,, 4%, left, ,,,,,,,, [ [
Edema: , region%=46 - Area hOc4la (LOC) right [other]: ET=1, TC=4, WT=2, region%185 - Region1, region11, area1 ,,,,, and,, 6%, left, ,, 1, region%,, region,%=45 -5051
Necrosis: ccipital]: ET=0, TC=4, WT=1, region%=85 - Area hOc4la (LOC) right [temporal]: WT =0, region%1cipital],cipitalcipital, subcortical]:,,,, and,,,,,,, Right,,,,,,,,
Ventricular compression: right [parietal]: ET=0, WT=1, region%=93 - Area hOc4la right [frontal]: WT =0,,? right [other]:, deformation of the right ventricle, compression of the left and.???? COMPRESSION Left,,,,,,,, region% ( (I
2026-06-29 01:04:45,225  INFO    REF  :
Lesion area: the right frontal and parietal lobes with a mixture of heterogeneous high and low signals, which appear as spotted high-signal areas, suggesting the presence of multiple lesions
Edema: significant with notable swelling of the tissue surrounding the lesion in the right frontal and parietal lobes
Necrosis: observed with low signals, suggesting possible
necrosis primarily concentrated in the central region of the right frontal lobe, featuring mixed signals that indicate varying degrees of
necrosis, dispersed throughout the lesion area
Ventricular compression: identified as the right lateral ventricle is compressed and deformed, while the left lateral ventricle is slightly expanded, indicating some degree of compressive effect on the brain tissue and ventricles due to the lesions
2026-06-29 01:04:45,225  INFO  ============================================================
2026-06-29 01:04:45,225  INFO    No improvement (5/12)
2026-06-29 01:07:05,493  INFO  [scifive-large-aug] E 12  train=2.6641 (ppl 14.35)  val=2.5544 (ppl 12.86)  gn=1.485
2026-06-29 01:07:35,994  INFO    Content score (lesion): lobe_jacc=0.274  hemi=0.417  -> 0.345
2026-06-29 01:07:35,999  INFO  
============================================================  PREVIEW
2026-06-29 01:07:40,512  INFO  
  Case : BraTS20_Training_006
2026-06-29 01:07:40,512  INFO    PRED :
Lesion area: , region%=35 *- WM/unassigned left [frontal]: ET=1, TC=2, WT=1, region%1- right, left, right, right, frontal,, right, right and right the of the lesion The patient had multiple lesions in the left Right,,,,,,1,,,ical]ical
Edema: right frontal and parietal lobes, with a large area of heterogeneous high-signal intensity, surrounded by a dense rim of low signal intensity
Necrosis: , and WT=0, region%=35 *- WM/unassigned left [frontal]: ET=2, TC=4, WT =0, regions of high signal intensity, with low signal intensity in the left frontal lobe
Ventricular compression: , with a high degree of deformation in the right ventricle, causing significant deformation of the ventricles, resulting in compression of the ventricular walls, and compressing the apex of the heart and and deformation and deformation??? if present. If not, explain.: COMPRESSION::::,,,,,,
2026-06-29 01:07:40,512  INFO    REF  :
Lesion area: the left frontal and parietal lobes with a mixed signal characterized by spotty high-signal areas on the Flair modality
Edema: significant with high signals, suggesting marked swelling in the left frontal and parietal lobes, indicating a fairly extensive range of
edema
Necrosis: observed with low signals in the central parts of the lesions, showing a high degree of heterogeneity, distributed mainly in the left frontal and parietal lobe lesions
Ventricular compression: observed with noticeable reduction and deformation of the left ventricle and relative enlargement of the right ventricle
2026-06-29 01:07:46,470  INFO  
  Case : BraTS20_Training_023
2026-06-29 01:07:46,470  INFO    PRED :
Lesion area: periventricular nuclei, andmediodorsal nucleus) left [subcortical]: WT=0, region%=2 *- LD (V1, 17, CalcS) leftlateralmediolateral Nucleus), leftmediobasallaterallateral lateral the lesion left right - left 0mediodorsmedi
Edema: , region%=2 *- EDEMA in the left parietal and occipital lobes, mainly involving the left frontal and temporal regions, extending to the right, extensive, extensive, widespread, and extensive the left and right and right the left and the right and, extensive :----,,, region,,]:]
Necrosis: left [subcortical]: WT=0, region%=2 *- LC (Thalamus, lateral geniculate nucleus) left [parietal]:-, rightal Nucleus, leftal nuclei, left, right, right,, and,, and,,, ----------al)al
Ventricular compression: left [subcortical]: WT=0, region%=1 - LV (left ventricle) is compressed, with deformation; leftalamus, medial dorsal nucleus) left [occipital]:, right the ventricles show compression? and Deformation, --,-------ala
2026-06-29 01:07:46,470  INFO    REF  :
Lesion area: the left frontal and parietal lobes with multiple mixed high and low signal areas and speckled high signal regions, distributed unevenly with indistinct boundaries
Edema: significant with notable swelling in the tissue around the lesions, surrounding the left frontal and parietal lobes and affecting the normal brain tissue around these areas
Necrosis: observed in the central part of the lesion area as a large low signal region, mainly concentrated within the right frontal lobe
Ventricular compression: observed as the left lateral ventricle is noticeably compressed and deformed, consistent with the location of the lesions, suggesting a certain degree of compression effect on the ventricles caused by the lesions
2026-06-29 01:07:46,470  INFO  ============================================================
2026-06-29 01:07:46,470  INFO    No improvement (6/12)
2026-06-29 01:10:06,835  INFO  [scifive-large-aug] E 13  train=2.5590 (ppl 12.92)  val=2.4496 (ppl 11.58)  gn=1.435
2026-06-29 01:10:28,860  INFO    Content score (lesion): lobe_jacc=0.396  hemi=0.667  -> 0.531
2026-06-29 01:10:28,865  INFO  
============================================================  PREVIEW
2026-06-29 01:10:33,278  INFO  
  Case : BraTS20_Training_239
2026-06-29 01:10:33,278  INFO    PRED :
Lesion area: , region%=17 *- Area hIP3 (IPS) right [parietal]: WT=1, region%hIP4hIP6 (IPS), with high signal intensity in the right parietal lobe
Edema: , region%=2 *- Area hIP3 (IPS) right [parietal]: ET=0, TC=2, WT=1,-,-, area 3b-, and area 3c- in the right parietal and temporal lobes,,,,,,,,,,, Right,,,,,,,,,- (
Necrosis: 1, region%=30 *- Area hIP3 (IPS) right [parietal]: ET=0, TC=0 and high signal, with low signal, high intensity, and low signal
Ventricular compression: , region%=17 *- Area hIP3 (IPS) right [parietal]: WT=1,characterized by deformation of the left ventricle, indicating compression of the right ventricles, with some evidence of compression
2026-06-29 01:10:33,278  INFO    REF  :
Lesion area: the frontal and parietal lobes of the right hemisphere with heterogeneous signal intensities and patchy high signals
Edema: marked and extensive, affecting parts of the frontal and parietal lobes of the right hemisphere, displaying high signals and a diffusive pattern
Necrosis: evident with mixed signal characteristics; some regions display high signals while others show low signals, spatially scattered within the lesions
Ventricular compression: noted, with lesions exerting a compressive effect on the
ventricular structures
2026-06-29 01:10:36,729  INFO  
  Case : BraTS20_Training_247
2026-06-29 01:10:36,729  INFO    PRED :
Lesion area: right [temporal]: ET=1, TC=2, WT=0, region%=93 *- Area hOc3v (LingG) right [occipital]:right,right,right,right,right,right, the right lobe and the right and left,, , ,,,,,,Oc5Oc
Edema: right parietal, occipital, and temporal lobes, with a large area of heterogeneous high-signal areas
Necrosis: the right parietal and occipital lobes, with a high degree of heterogeneous signal, indicating a mixed pattern of high and low signal
Ventricular compression: The right ventricle is compressed, causing deformation and compression of the lateral ventricles, resulting in significant deformation of the left ventricule
2026-06-29 01:10:36,729  INFO    REF  :
Lesion area: the right hemisphere of the brain with a mix of heterogeneous high and low signals and patchy high-signal regions
Edema: significant high-signal, observed in parts of the right hemisphere surrounding the lesions, including sections of the frontal and temporal lobes
Necrosis: mixed signals with uneven intensity, displaying patchy or diffuse combinations of high and low signals, dispersed within the lesions
Ventricular compression: observable compression of the ventricles, particularly the right ventricle area, by the lesion area
2026-06-29 01:10:36,729  INFO  ============================================================
2026-06-29 01:10:36,934  INFO  HTTP Request: HEAD https://huggingface.co/razent/SciFive-large-Pubmed/resolve/main/config.json "HTTP/1.1 307 Temporary Redirect"
2026-06-29 01:10:36,969  INFO  HTTP Request: HEAD https://huggingface.co/api/resolve-cache/models/razent/SciFive-large-Pubmed/7dec1ea577acf357ee0f809fc0f7eeefb45aa42d/config.json "HTTP/1.1 200 OK"
2026-06-29 01:10:37,050  INFO  HTTP Request: HEAD https://huggingface.co/razent/SciFive-large-Pubmed/resolve/main/config.json "HTTP/1.1 307 Temporary Redirect"
2026-06-29 01:10:37,084  INFO  HTTP Request: HEAD https://huggingface.co/api/resolve-cache/models/razent/SciFive-large-Pubmed/7dec1ea577acf357ee0f809fc0f7eeefb45aa42d/config.json "HTTP/1.1 200 OK"
2026-06-29 01:10:37,200  INFO    ✓ New best (content=0.531) → checkpoints_multi_v4/scifive-large-aug
2026-06-29 01:12:57,516  INFO  [scifive-large-aug] E 14  train=2.4608 (ppl 11.71)  val=2.3464 (ppl 10.45)  gn=1.663
2026-06-29 01:13:16,322  INFO    Content score (lesion): lobe_jacc=0.556  hemi=0.708  -> 0.632
2026-06-29 01:13:16,327  INFO  
============================================================  PREVIEW
2026-06-29 01:13:20,361  INFO  
  Case : BraTS20_Training_197
2026-06-29 01:13:20,361  INFO    PRED :
Lesion area: right frontal lobe, with a high signal intensity and a low signal intensity, indicating the presence of a large area of heterogeneous high-signal areas
Edema: , WT=1, region%=80 *- Area Id6 (Frontal Operculum) right [frontal]: ET=0, TC=2, WT =1, and a large area of heterogeneous WT WT W,,, the of the right frontal lobe
Necrosis: right frontal and parietal lobes, with a high degree of heterogeneous high signal intensity, indicating the presence of necrosis in the affected areas
Ventricular compression: right [frontal]: ET=0, TC=2, WT=1, region%=78, with significant deformation of the ventricles, causing compression of the right ventricle
2026-06-29 01:13:20,361  INFO    REF  :
Lesion area: the right frontal and parietal lobes with heterogeneous mixed high and low signals, and speckled high signal areas suggesting multiple lesions
Edema: marked, predominantly in the right frontal and parietal lobes, with noticeable tissue swelling and a distinct ring-shaped
edema area extending outward from the lesion
Necrosis: observed with very low signal intensity areas that distinctly differ from surrounding tissue, and low signal speckles mixed within high signal regions, mainly concentrated within the lesion but showing a slight dispersal trend
Ventricular compression: quite apparent, with the right lateral ventricle significantly reduced in size, and the left lateral ventricle slightly reduced due to right-side lesion compression, indicating a substantial impact on the
ventricular system
2026-06-29 01:13:23,607  INFO  
  Case : BraTS20_Training_016
2026-06-29 01:13:23,607  INFO    PRED :
Lesion area: mainly in the right parietal and temporal lobes, with a mixed pattern of high and low signals, indicating a mixture of low and high signals
Edema: a right frontal and parietal lobe, with a large area of heterogeneous high signal intensity, indicating the presence of an extensive EDEMA
Necrosis: , WT=1, region%=46 *- Areas of high signal intensity in the right parietal and temporal lobes, with a high degree of heterogeneity
Ventricular compression: The right ventricle is compressed, causing deformation and compression of the left ventricles, resulting in significant deformation of the lateral walls of the heart and ventricular septum
2026-06-29 01:13:23,607  INFO    REF  :
Lesion area: the right frontal lobe, parietal lobe, and temporal lobe with heterogeneous, mixed high and low signals forming multiple spot-like high signal regions
Edema: clearly concentrated in the right frontal lobe, parietal lobe, and temporal lobe with a significant high signal indicating pronounced swelling, covering a large extent of these brain regions
Necrosis: characterized by an uneven mixture of high and low signals with significant possibility in the right frontal and parietal regions, predominantly as a central region of high signal surrounded by uneven low signal dispersions
Ventricular compression: noticeable, primarily concentrated on the right ventricle, with the right lateral ventricle visibly deformed due to pressure
2026-06-29 01:13:23,607  INFO  ============================================================
2026-06-29 01:13:23,772  INFO  HTTP Request: HEAD https://huggingface.co/razent/SciFive-large-Pubmed/resolve/main/config.json "HTTP/1.1 307 Temporary Redirect"
2026-06-29 01:13:23,810  INFO  HTTP Request: HEAD https://huggingface.co/api/resolve-cache/models/razent/SciFive-large-Pubmed/7dec1ea577acf357ee0f809fc0f7eeefb45aa42d/config.json "HTTP/1.1 200 OK"
2026-06-29 01:13:23,888  INFO  HTTP Request: HEAD https://huggingface.co/razent/SciFive-large-Pubmed/resolve/main/config.json "HTTP/1.1 307 Temporary Redirect"
2026-06-29 01:13:23,925  INFO  HTTP Request: HEAD https://huggingface.co/api/resolve-cache/models/razent/SciFive-large-Pubmed/7dec1ea577acf357ee0f809fc0f7eeefb45aa42d/config.json "HTTP/1.1 200 OK"
2026-06-29 01:13:24,032  INFO    ✓ New best (content=0.632) → checkpoints_multi_v4/scifive-large-aug
2026-06-29 01:15:44,299  INFO  [scifive-large-aug] E 15  train=2.3635 (ppl 10.63)  val=2.2558 (ppl 9.54)  gn=1.703
2026-06-29 01:15:58,271  INFO    Content score (lesion): lobe_jacc=0.559  hemi=0.667  -> 0.613
2026-06-29 01:16:10,127  INFO    Hemisphere quick-check (lesion field): 13/20 = 65.0%
2026-06-29 01:16:34,536  INFO    Within-report distinctness: collapse=0%  distinct_ratio=1.00  (0.25=full collapse, 1.0=all differ)
2026-06-29 01:16:46,282  INFO    Cross-patient[lesion]: 19/20 unique = 0.95  (1.0=all differ, low=TEMPLATE COLLAPSE)
2026-06-29 01:16:58,321  INFO    Cross-patient[necrosis]: 20/20 unique = 1.00  (1.0=all differ, low=TEMPLATE COLLAPSE)
2026-06-29 01:16:58,325  INFO  
============================================================  PREVIEW
2026-06-29 01:17:00,698  INFO  
  Case : BraTS20_Training_010
2026-06-29 01:17:00,698  INFO    PRED :
Lesion area: , with high signal intensity in the right parietal and temporal lobes, with a mixed pattern of high and low signals
Edema: mainly located in the right parietal and temporal lobes, with a large amount of heterogeneous high-signal areas
Necrosis: , region%=2 *- Areas of high signal intensity in the right parietal and temporal lobes, with a mixed pattern of high and low signals
Ventricular compression: the right ventricle, causing compression and deformation of the right ventricular cavity, resulting in significant deformation and compression of the ventricles
2026-06-29 01:17:00,698  INFO    REF  :
Lesion area: the right frontal and occipital lobes with heterogeneous mixed signals and patchy high signals
Edema: significant, mainly observed in the right frontal lobe and part of the occipital lobe with diffuse high signal intensity, extending into surrounding normal tissue
Necrosis: seen in the central part of the right frontal lobe, characterized by low signal mixed with high signal plaques
Ventricular compression: evident in the right lateral ventricle, particularly in the anterior horn region
2026-06-29 01:17:03,230  INFO  
  Case : BraTS20_Training_259
2026-06-29 01:17:03,230  INFO    PRED :
Lesion area: , with high signal intensity in the right frontal and parietal lobes, with a mixed pattern of high and low signals
Edema: , and the right parietal and occipital lobes of the right hemisphere are surrounded by a large amount of heterogeneous high-signal areas
Necrosis: , with a high signal in the right frontal and parietal lobes, characterized by a mixture of heterogeneous high and low signals
Ventricular compression: right lateral ventricle, exhibiting deformation and compression, indicating compression of the ventricles, with some evidence of deformation
2026-06-29 01:17:03,230  INFO    REF  :
Lesion area: the right cerebral region, including the frontal lobe and part of the parietal lobe, with mixed high and low signals and patchy high signal areas
Edema: significant, observed in the right frontal lobe area and parts of the parietal lobe with relatively high intensity, extending over a considerable area
Necrosis: potential, identified in the high-intensity signal region of the right frontal lobe with highly uneven signal intensity, suggesting necrotic tissue more concentrated in the mid to posterior part of the right cerebrum
Ventricular compression: present, with the right ventricle compressed and deformed, indicating pressure exertion by the lesion
2026-06-29 01:17:03,230  INFO  ============================================================
2026-06-29 01:17:03,230  INFO    No improvement (1/12)
2026-06-29 01:19:23,532  INFO  [scifive-large-aug] E 16  train=2.2700 (ppl 9.68)  val=2.1701 (ppl 8.76)  gn=1.486
2026-06-29 01:19:36,970  INFO    Content score (lesion): lobe_jacc=0.535  hemi=0.792  -> 0.663
2026-06-29 01:19:36,974  INFO  
============================================================  PREVIEW
2026-06-29 01:19:39,210  INFO  
  Case : BraTS20_Training_245
2026-06-29 01:19:39,210  INFO    PRED :
Lesion area: a mixture of heterogeneous high- and low-signal areas in the left frontal and parietal lobes, with mixed signals, indicating mixed signal characteristics
Edema: , mainly located in the left frontal and parietal lobes, with a large amount of heterogeneous high-signal areas
Necrosis: , mainly concentrated in the left frontal and parietal lobes, with a high signal intensity, indicating the presence of necrotic tissue
Ventricular compression: The left ventricle is compressed and deformed, resulting in significant deformation of the ventricles
2026-06-29 01:19:39,210  INFO    REF  :
Lesion area: the left cerebral hemisphere, particularly in the frontal and parietal lobes, with mixed signals of uneven high and low intensity
Edema: significant, observed in the left frontal and parietal regions, extending to adjacent white matter areas and presents as high-intensity signals
Necrosis: suspected in the low signal regions within the lesion area, particularly in the mixed high and low signal area of the central parietal lobe, showing as low signal areas mixed into the background of patchy high signals
Ventricular compression: observed, with the left lateral ventricle showing some degree of constriction and deformation
2026-06-29 01:19:41,458  INFO  
  Case : BraTS20_Training_043
2026-06-29 01:19:41,458  INFO    PRED :
Lesion area: a right frontal and parietal lobes with heterogeneous high-signal areas, characterized by a mixture of high and low signals
Edema: , region%=66, with a large area of high signal intensity in the right frontal and parietal lobes
Necrosis: the right frontal and parietal lobes, with a mixed pattern of high and low signals, indicating the presence of heterogeneous high-signal areas
Ventricular compression: right lateral ventricle is compressed, resulting in deformation and compression of the ventricles
2026-06-29 01:19:41,458  INFO    REF  :
Lesion area: the right frontal and parietal regions with mixed high and low signals with patchy high-signal areas
Edema: prominent, concentrated in the right frontal and parietal lobes, with a minor extension to the temporal lobe, showing significant high signals
Necrosis: mostly observed in the right parietal and occipital lobes, appearing as low signals interspersed with some high-signal areas
Ventricular compression: notable on the lateral ventricles, with the lesion areas exerting a certain compressive effect on the ventricles
2026-06-29 01:19:41,458  INFO  ============================================================
2026-06-29 01:19:41,659  INFO  HTTP Request: HEAD https://huggingface.co/razent/SciFive-large-Pubmed/resolve/main/config.json "HTTP/1.1 307 Temporary Redirect"
2026-06-29 01:19:41,708  INFO  HTTP Request: HEAD https://huggingface.co/api/resolve-cache/models/razent/SciFive-large-Pubmed/7dec1ea577acf357ee0f809fc0f7eeefb45aa42d/config.json "HTTP/1.1 200 OK"
2026-06-29 01:19:41,785  INFO  HTTP Request: HEAD https://huggingface.co/razent/SciFive-large-Pubmed/resolve/main/config.json "HTTP/1.1 307 Temporary Redirect"
2026-06-29 01:19:41,821  INFO  HTTP Request: HEAD https://huggingface.co/api/resolve-cache/models/razent/SciFive-large-Pubmed/7dec1ea577acf357ee0f809fc0f7eeefb45aa42d/config.json "HTTP/1.1 200 OK"
2026-06-29 01:19:41,933  INFO    ✓ New best (content=0.663) → checkpoints_multi_v4/scifive-large-aug
2026-06-29 01:22:02,196  INFO  [scifive-large-aug] E 17  train=2.1983 (ppl 9.01)  val=2.0906 (ppl 8.09)  gn=1.582
2026-06-29 01:22:15,443  INFO    Content score (lesion): lobe_jacc=0.625  hemi=0.750  -> 0.688
2026-06-29 01:22:15,448  INFO  
============================================================  PREVIEW
2026-06-29 01:22:17,563  INFO  
  Case : BraTS20_Training_115
2026-06-29 01:22:17,563  INFO    PRED :
Lesion area: , and mixed high and low signals in the right frontal and parietal lobes, with mixed low and high signals
Edema: , mainly concentrated in the right frontal and parietal lobes, with a large amount of heterogeneous high-signal areas
Necrosis: , with high signal intensity in the right frontal and parietal lobes, indicating the presence of necrosis, particularly in the central part of the lesion
Ventricular compression: the right lateral ventricle is compressed, causing deformation and compression of the ventricles
2026-06-29 01:22:17,563  INFO    REF  :
Lesion area: the right frontal and parietal lobes with a mixture of heterogeneous high and low signals and speckled high-signal areas
Edema: extensive, visible around the lesions in the parietal and frontal lobes, primarily in the right frontal and parietal regions, extending to the adjacent ventricles
Necrosis: detected in the lesion area of the parietal lobe, presenting as heterogeneous low signals and mixed high signals
Ventricular compression: observed, indicated by pressure on the adjacent ventricles with slight morphological changes
2026-06-29 01:22:19,715  INFO  
  Case : BraTS20_Training_305
2026-06-29 01:22:19,715  INFO    PRED :
Lesion area: accompanied by high signal intensity in the right frontal and parietal lobes, with a mixture of high and low signals
Edema: , mainly concentrated in the right frontal and parietal lobes, with a large amount of heterogeneous high-signal areas
Necrosis: the right frontal and parietal lobes of the brain, with a mixture of high and low signal areas, indicating the presence of necrosis
Ventricular compression: the right ventricle is compressed, resulting in deformation and compression of the ventricles
2026-06-29 01:22:19,715  INFO    REF  :
Lesion area: the right cerebral hemisphere, particularly the parietal and occipital lobes, with a mix of heterogeneous high and low signals, along with speckled high-signal areas
Edema: notable high-signal areas surrounding the lesions mainly concentrated in the right parietal and occipital lobes, with significant swelling of the surrounding tissues, covering a large area
Necrosis: some low-signal areas with uneven signal intensity, with some areas exhibiting extremely low signals, both concentrated and somewhat dispersed
Ventricular compression: the right ventricle subjected to varying degrees of compression, resulting in slight deformation
2026-06-29 01:22:19,715  INFO  ============================================================
2026-06-29 01:22:19,974  INFO  HTTP Request: HEAD https://huggingface.co/razent/SciFive-large-Pubmed/resolve/main/config.json "HTTP/1.1 307 Temporary Redirect"
2026-06-29 01:22:20,030  INFO  HTTP Request: HEAD https://huggingface.co/api/resolve-cache/models/razent/SciFive-large-Pubmed/7dec1ea577acf357ee0f809fc0f7eeefb45aa42d/config.json "HTTP/1.1 200 OK"
2026-06-29 01:22:20,107  INFO  HTTP Request: HEAD https://huggingface.co/razent/SciFive-large-Pubmed/resolve/main/config.json "HTTP/1.1 307 Temporary Redirect"
2026-06-29 01:22:20,141  INFO  HTTP Request: HEAD https://huggingface.co/api/resolve-cache/models/razent/SciFive-large-Pubmed/7dec1ea577acf357ee0f809fc0f7eeefb45aa42d/config.json "HTTP/1.1 200 OK"
2026-06-29 01:22:20,250  INFO    ✓ New best (content=0.688) → checkpoints_multi_v4/scifive-large-aug
2026-06-29 01:24:40,574  INFO  [scifive-large-aug] E 18  train=2.1146 (ppl 8.29)  val=2.0119 (ppl 7.48)  gn=1.573
2026-06-29 01:24:53,340  INFO    Content score (lesion): lobe_jacc=0.535  hemi=0.833  -> 0.684
2026-06-29 01:24:53,345  INFO  
============================================================  PREVIEW
2026-06-29 01:24:55,422  INFO  
  Case : BraTS20_Training_301
2026-06-29 01:24:55,422  INFO    PRED :
Lesion area: mainly concentrated in the right frontal and parietal lobes, with mixed high and low signals, indicating heterogeneous signal characteristics
Edema: mainly concentrated in the right frontal and parietal lobes, with a large amount of heterogeneous high-signal areas
Necrosis: , with high signal intensity in the right frontal and parietal lobes
Ventricular compression: the right lateral ventricle is compressed, resulting in deformation and compression of the ventricles
2026-06-29 01:24:55,422  INFO    REF  :
Lesion area: the left frontal, parietal, and temporal lobes with a mix of irregular high and low signals along with spotty high signal areas
Edema: significant, primarily located in the left parietal and frontal lobes, indicating considerable swelling of the surrounding tissues near the lesions
Necrosis: suggested by regions with abnormal signal intensity, exhibiting a mix of high and low signals, focusing on the left parietal and frontal lobes
Ventricular compression: observed as the ventricles are deformed and compressed, particularly near the parietal lobe lesion area, showing a notable impact of the lesion on the ventricles
2026-06-29 01:24:57,616  INFO  
  Case : BraTS20_Training_228
2026-06-29 01:24:57,616  INFO    PRED :
Lesion area: the right frontal and parietal lobes, with mixed high and low signals, indicating a mixture of heterogeneous high- and low-signal areas
Edema: mainly concentrated in the right frontal and parietal lobes, with a large amount of heterogeneous high-signal areas
Necrosis: the right frontal and parietal lobes of the right hemisphere, with a mixture of heterogeneous high- and low-signal areas
Ventricular compression: - the right lateral ventricle is compressed and deformed, resulting in significant deformation of the ventricles
2026-06-29 01:24:57,616  INFO    REF  :
Lesion area: the right temporal and frontal lobes with a mixture of heterogeneous high and low signals, with some areas showing speckled high signals
Edema: extensive, mainly concentrated in the right temporal lobe and part of the frontal lobe, indicating marked swelling of the surrounding tissues
Necrosis: characterized by clearly low signals, with a notable degree of heterogeneity, mostly scattered in the right temporal and frontal lobes
Ventricular compression: slight compression of the right ventricle, with no severe deformation or significant shift observed yet
2026-06-29 01:24:57,616  INFO  ============================================================
2026-06-29 01:24:57,616  INFO    No improvement (1/12)
2026-06-29 01:27:17,868  INFO  [scifive-large-aug] E 19  train=2.0402 (ppl 7.69)  val=1.9392 (ppl 6.95)  gn=1.706
2026-06-29 01:27:31,026  INFO    Content score (lesion): lobe_jacc=0.611  hemi=0.833  -> 0.722
2026-06-29 01:27:31,030  INFO  
============================================================  PREVIEW
2026-06-29 01:27:33,056  INFO  
  Case : BraTS20_Training_203
2026-06-29 01:27:33,056  INFO    PRED :
Lesion area: , with mixed high and low signals in the left frontal and parietal lobes, with a mixture of heterogeneous high- and low-signal regions
Edema: mainly concentrated in the left frontal and parietal lobes of the left hemisphere, with a large amount of heterogeneous high-signal areas
Necrosis: the left frontal and parietal lobes with a mixture of heterogeneous high and low signals, indicating necrotic areas
Ventricular compression: , with the left lateral ventricle compressed and deformed
2026-06-29 01:27:33,056  INFO    REF  :
Lesion area: the left hemisphere, especially in the left frontal and temporal lobes with mixed signals with irregular high and low intensities along with patchy high signal areas, indicating multiple lesions
Edema: observed around the lesions in the left hemisphere, particularly surrounding the left frontal and temporal lobes, a prominent high-signal
edema region is observed. The extent of the
edema is considerable, indicating significant swelling of tissues around the lesions
Necrosis: within the lesion area, several low-signal regions are visible, suggesting the possible presence of
necrosis. These necrotic areas are intermingled with high-signal regions and present an irregular shape, scattered within the lesion areas of the left frontal and temporal lobes
Ventricular compression: the left ventricle is compressed and deformed, suggesting strong compression of the left brain tissues and ventricle by the lesion
2026-06-29 01:27:35,126  INFO  
  Case : BraTS20_Training_153
2026-06-29 01:27:35,126  INFO    PRED :
Lesion area: , mainly concentrated in the left temporal and parietal lobes, with mixed high and low signals
Edema: mainly concentrated in the left frontal and parietal lobes, with a large amount of necrotic tissue surrounding the lesion area
Necrosis: the left frontal and parietal lobes with a mixture of heterogeneous high and low signals
Ventricular compression: the left lateral ventricle is compressed and deformed, resulting in a significant deformation of the ventricles
2026-06-29 01:27:35,126  INFO    REF  :
Lesion area: the left frontal and parietal lobes with a mix of heterogeneous high and low signals and speckled high-signal areas
Edema: significant in the left frontal and parietal lobes, mainly concentrated around the lesion area, with a broad range of diffusion, suggesting considerable swelling of the surrounding tissues
Necrosis: suggested by high signal intensity within the lesion area, predominantly concentrated in the right frontal and parietal lobes, with a relatively localized distribution
Ventricular compression: exerting some degree of compression on the right lateral ventricle
2026-06-29 01:27:35,126  INFO  ============================================================
2026-06-29 01:27:35,301  INFO  HTTP Request: HEAD https://huggingface.co/razent/SciFive-large-Pubmed/resolve/main/config.json "HTTP/1.1 307 Temporary Redirect"
2026-06-29 01:27:35,335  INFO  HTTP Request: HEAD https://huggingface.co/api/resolve-cache/models/razent/SciFive-large-Pubmed/7dec1ea577acf357ee0f809fc0f7eeefb45aa42d/config.json "HTTP/1.1 200 OK"
2026-06-29 01:27:35,408  INFO  HTTP Request: HEAD https://huggingface.co/razent/SciFive-large-Pubmed/resolve/main/config.json "HTTP/1.1 307 Temporary Redirect"
2026-06-29 01:27:35,444  INFO  HTTP Request: HEAD https://huggingface.co/api/resolve-cache/models/razent/SciFive-large-Pubmed/7dec1ea577acf357ee0f809fc0f7eeefb45aa42d/config.json "HTTP/1.1 200 OK"
2026-06-29 01:27:35,555  INFO    ✓ New best (content=0.722) → checkpoints_multi_v4/scifive-large-aug
2026-06-29 01:29:55,974  INFO  [scifive-large-aug] E 20  train=1.9681 (ppl 7.16)  val=1.8646 (ppl 6.45)  gn=1.635
2026-06-29 01:30:09,022  INFO    Content score (lesion): lobe_jacc=0.618  hemi=0.750  -> 0.684
2026-06-29 01:30:19,987  INFO    Hemisphere quick-check (lesion field): 17/20 = 85.0%
2026-06-29 01:30:39,347  INFO    Within-report distinctness: collapse=0%  distinct_ratio=1.00  (0.25=full collapse, 1.0=all differ)
2026-06-29 01:30:50,254  INFO    Cross-patient[lesion]: 18/20 unique = 0.90  (1.0=all differ, low=TEMPLATE COLLAPSE)
2026-06-29 01:31:00,732  INFO    Cross-patient[necrosis]: 18/20 unique = 0.90  (1.0=all differ, low=TEMPLATE COLLAPSE)
2026-06-29 01:31:00,737  INFO  
============================================================  PREVIEW
2026-06-29 01:31:02,756  INFO  
  Case : BraTS20_Training_034
2026-06-29 01:31:02,756  INFO    PRED :
Lesion area: the right frontal and parietal lobes with heterogeneous high-signal areas, characterized by a mixture of high- and low-signals
Edema: mainly concentrated in the right frontal and parietal lobes, with a large amount of edema observed
Necrosis: the right frontal and parietal lobes of the brain with a mixture of heterogeneous high and low signals, indicating necrotic areas
Ventricular compression: the right lateral ventricle is compressed and deformed, resulting in significant deformation of the ventricles
2026-06-29 01:31:02,756  INFO    REF  :
Lesion area: the region of the left parietal lobe with a heterogeneous mix of high and low signals, along with speckled high signals
Edema: visible around the lesion, mainly focused in the left parietal lobe, presenting as regions of high signal intensity and indicating a large range of
edema with significant swelling of the surrounding tissue
Necrosis: observed in the lesion of the left parietal lobe, appearing with mixed signals and unclear borders, indicating scattered and mixed
necrosis with the surrounding high signal
Ventricular compression: observed with noticeable deformation of the third ventricle and lateral ventricles on the left side
2026-06-29 01:31:04,790  INFO  
  Case : BraTS20_Training_305
2026-06-29 01:31:04,790  INFO    PRED :
Lesion area: characterized by a mixture of high and low signal areas, mainly concentrated in the right frontal and parietal lobes
Edema: mainly concentrated in the right frontal and parietal lobes, with a large amount of necrotic tissue surrounding the lesions
Necrosis: the right frontal and parietal lobes of the brain, with a mixture of high and low signal areas
Ventricular compression: the right lateral ventricle is compressed and deformed, resulting in significant deformation of the ventricles
2026-06-29 01:31:04,790  INFO    REF  :
Lesion area: the right cerebral hemisphere, particularly the parietal and occipital lobes, with a mix of heterogeneous high and low signals, along with speckled high-signal areas
Edema: notable high-signal areas surrounding the lesions mainly concentrated in the right parietal and occipital lobes, with significant swelling of the surrounding tissues, covering a large area
Necrosis: some low-signal areas with uneven signal intensity, with some areas exhibiting extremely low signals, both concentrated and somewhat dispersed
Ventricular compression: the right ventricle subjected to varying degrees of compression, resulting in slight deformation
2026-06-29 01:31:04,790  INFO  ============================================================
2026-06-29 01:31:04,790  INFO    No improvement (1/12)
2026-06-29 01:33:25,201  INFO  [scifive-large-aug] E 21  train=1.8814 (ppl 6.56)  val=1.7884 (ppl 5.98)  gn=1.649
2026-06-29 01:33:38,861  INFO    Content score (lesion): lobe_jacc=0.535  hemi=0.833  -> 0.684
2026-06-29 01:33:38,865  INFO  
============================================================  PREVIEW
2026-06-29 01:33:40,886  INFO  
  Case : BraTS20_Training_120
2026-06-29 01:33:40,887  INFO    PRED :
Lesion area: , with a mixture of heterogeneous high and low signals, mainly concentrated in the right frontal and parietal lobes
Edema: the right parietal and occipital lobes of the right hemisphere, mainly concentrated in the ventral part of the lesion area
Necrosis: the right frontal and parietal lobes of the brain, with a mixture of heterogeneous high and low signals
Ventricular compression: the right lateral ventricle is compressed and deformed, resulting in a deformation of the ventricles
2026-06-29 01:33:40,887  INFO    REF  :
Lesion area: parts of the bilateral frontal and parietal lobes with a heterogeneous mix of high and low signals, accompanied by patchy high signal areas
Edema: significant, primarily surrounding the bilateral frontal and parietal lobes, indicating severe swelling in the tissues
Necrosis: suggested by multiple low-signal areas, primarily concentrated around the bilateral lesion sites, exhibiting a mixed signal appearance
Ventricular compression: not evident, indicating that the current lesions have a limited compressive effect on the brain tissue and ventricles
2026-06-29 01:33:42,844  INFO  
  Case : BraTS20_Training_228
2026-06-29 01:33:42,844  INFO    PRED :
Lesion area: the right frontal and parietal lobes with a mix of heterogeneous high- and low-signal areas, indicating a mixed lesion
Edema: mainly concentrated in the right frontal and parietal lobes, extending into the surrounding tissue, indicating extensive swelling of the lesion area
Necrosis: the right frontal and parietal lobes of the brain with a mixture of heterogeneous high and low signals, indicating necrotic areas
Ventricular compression: accompanied by deformation of the right lateral ventricle
2026-06-29 01:33:42,844  INFO    REF  :
Lesion area: the right temporal and frontal lobes with a mixture of heterogeneous high and low signals, with some areas showing speckled high signals
Edema: extensive, mainly concentrated in the right temporal lobe and part of the frontal lobe, indicating marked swelling of the surrounding tissues
Necrosis: characterized by clearly low signals, with a notable degree of heterogeneity, mostly scattered in the right temporal and frontal lobes
Ventricular compression: slight compression of the right ventricle, with no severe deformation or significant shift observed yet
2026-06-29 01:33:42,845  INFO  ============================================================
2026-06-29 01:33:42,845  INFO    No improvement (2/12)
2026-06-29 01:36:03,042  INFO  [scifive-large-aug] E 22  train=1.8122 (ppl 6.12)  val=1.7068 (ppl 5.51)  gn=2.240
2026-06-29 01:36:16,074  INFO    Content score (lesion): lobe_jacc=0.611  hemi=0.875  -> 0.743
2026-06-29 01:36:16,079  INFO  
============================================================  PREVIEW
2026-06-29 01:36:17,874  INFO  
  Case : BraTS20_Training_178
2026-06-29 01:36:17,874  INFO    PRED :
Lesion area: mainly observed in the right frontal and parietal lobes, with a mix of heterogeneous high and low signals
Edema: mainly concentrated in the right frontal and parietal lobes, extending into the surrounding tissue, indicating extensive swelling of the lesion area
Necrosis: the right frontal and parietal lobes of the brain with mixed high and low signals, indicating necrotic areas
Ventricular compression: characterized by compression and deformation of the right lateral ventricle
2026-06-29 01:36:17,874  INFO    REF  :
Lesion area: the right frontal and parietal lobes with heterogeneous signal, including high signal intensity and spot-like high signal intensities indicating multiple lesions
Edema: significant, mainly concentrated in the right frontal and parietal lobes, extending over a large area including the tissues surrounding the lesion, suggesting notable swelling of the surrounding tissue
Necrosis: located at the center of the lesion, characterized by lower signal intensity and highly heterogeneous, displaying uneven signals and is relatively concentrated
Ventricular compression: evident, particularly on the right side, as the ventricles appear deformed due to the pressure from surrounding
2026-06-29 01:36:19,920  INFO  
  Case : BraTS20_Training_057
2026-06-29 01:36:19,920  INFO    PRED :
Lesion area: mixed high and low signals in the right frontal and parietal lobes, with a mix of heterogeneous high- and low-signal regions
Edema: mainly concentrated in the right frontal and parietal lobes, extending into the surrounding tissue, indicating extensive swelling of the lesion area
Necrosis: the right frontal and parietal lobes with a mixture of heterogeneous high and low signals, indicating necrotic areas
Ventricular compression: the right lateral ventricle is compressed and deformed, resulting in a significant deformation of the ventricles
2026-06-29 01:36:19,920  INFO    REF  :
Lesion area: the left frontal lobe with mixed signals of varying intensities and spot-like high signal areas
Edema: extensive, affecting parts of the parietal and temporal lobes, further illustrating the severity of the lesion
Necrosis: present, with possible signs of
necrosis in the left frontal lobe, showing uneven signal intensity with low signals mixed with high signal zones
Ventricular compression: present, with the left lateral ventricle showing some compression
2026-06-29 01:36:19,920  INFO  ============================================================
2026-06-29 01:36:20,094  INFO  HTTP Request: HEAD https://huggingface.co/razent/SciFive-large-Pubmed/resolve/main/config.json "HTTP/1.1 307 Temporary Redirect"
2026-06-29 01:36:20,131  INFO  HTTP Request: HEAD https://huggingface.co/api/resolve-cache/models/razent/SciFive-large-Pubmed/7dec1ea577acf357ee0f809fc0f7eeefb45aa42d/config.json "HTTP/1.1 200 OK"
2026-06-29 01:36:20,211  INFO  HTTP Request: HEAD https://huggingface.co/razent/SciFive-large-Pubmed/resolve/main/config.json "HTTP/1.1 307 Temporary Redirect"
2026-06-29 01:36:20,248  INFO  HTTP Request: HEAD https://huggingface.co/api/resolve-cache/models/razent/SciFive-large-Pubmed/7dec1ea577acf357ee0f809fc0f7eeefb45aa42d/config.json "HTTP/1.1 200 OK"
2026-06-29 01:36:20,358  INFO    ✓ New best (content=0.743) → checkpoints_multi_v4/scifive-large-aug
2026-06-29 01:38:40,811  INFO  [scifive-large-aug] E 23  train=1.7257 (ppl 5.62)  val=1.6084 (ppl 4.99)  gn=1.870
2026-06-29 01:38:54,303  INFO    Content score (lesion): lobe_jacc=0.632  hemi=0.875  -> 0.753
2026-06-29 01:38:54,307  INFO  
============================================================  PREVIEW
2026-06-29 01:38:56,238  INFO  
  Case : BraTS20_Training_232
2026-06-29 01:38:56,238  INFO    PRED :
Lesion area: the left frontal and parietal lobes with a mix of heterogeneous high and low signals
Edema: mainly concentrated in the left frontal and parietal lobes, extending into the surrounding tissue, indicating extensive swelling of the lesion area
Necrosis: the left frontal and parietal lobes of the left hemisphere with mixed high and low signals, indicating necrotic areas
Ventricular compression: the left lateral ventricle is compressed and deformed, resulting in a deformation of the ventricles
2026-06-29 01:38:56,238  INFO    REF  :
Lesion area: various parts of the left hemisphere with a mix of heterogeneous high and low signals
Edema: evident with extensive distribution in the left frontal and parietal lobes, particularly surrounding the lesion tissues
Necrosis: observed with some low signal areas and mixed signals dispersed in various locations, suggesting necrotic tissue at the center of the lesions
Ventricular compression: observed, indicating that the lesions exert some pressure on the brain tissue and ventricles
2026-06-29 01:38:58,242  INFO  
  Case : BraTS20_Training_127
2026-06-29 01:38:58,242  INFO    PRED :
Lesion area: mainly concentrated in the left frontal and parietal lobes, with a mix of heterogeneous high and low signals
Edema: mainly concentrated in the frontal and parietal lobes of the left hemisphere, extending into the surrounding tissue, indicating extensive swelling
Necrosis: the left frontal and parietal lobes of the left hemisphere with a mix of heterogeneous high and low signals
Ventricular compression: the left lateral ventricle is compressed and deformed, resulting in a significant deformation of the ventricles
2026-06-29 01:38:58,242  INFO    REF  :
Lesion area: the left frontal lobe and part of the temporal lobe, exhibiting a higher signal; some regions display mixed signals with distinct speckled high-signal areas, suggesting the possible presence of multiple lesions
Edema: significant in the left frontal and temporal lobe areas, appearing as diffusely high signals
Necrosis: potentially indicated by some low-signal areas in the left parietal lobe, which demonstrate uneven signals, with some regions mixed with other signals
Ventricular compression: slight, with the left lateral ventricle showing some degree of deformation
2026-06-29 01:38:58,242  INFO  ============================================================
2026-06-29 01:38:58,412  INFO  HTTP Request: HEAD https://huggingface.co/razent/SciFive-large-Pubmed/resolve/main/config.json "HTTP/1.1 307 Temporary Redirect"
2026-06-29 01:38:58,451  INFO  HTTP Request: HEAD https://huggingface.co/api/resolve-cache/models/razent/SciFive-large-Pubmed/7dec1ea577acf357ee0f809fc0f7eeefb45aa42d/config.json "HTTP/1.1 200 OK"
2026-06-29 01:38:58,527  INFO  HTTP Request: HEAD https://huggingface.co/razent/SciFive-large-Pubmed/resolve/main/config.json "HTTP/1.1 307 Temporary Redirect"
2026-06-29 01:38:58,566  INFO  HTTP Request: HEAD https://huggingface.co/api/resolve-cache/models/razent/SciFive-large-Pubmed/7dec1ea577acf357ee0f809fc0f7eeefb45aa42d/config.json "HTTP/1.1 200 OK"
2026-06-29 01:38:58,674  INFO    ✓ New best (content=0.753) → checkpoints_multi_v4/scifive-large-aug
2026-06-29 01:41:19,073  INFO  [scifive-large-aug] E 24  train=1.6301 (ppl 5.10)  val=1.5042 (ppl 4.50)  gn=1.661
2026-06-29 01:41:31,668  INFO    Content score (lesion): lobe_jacc=0.622  hemi=0.875  -> 0.748
2026-06-29 01:41:31,673  INFO  
============================================================  PREVIEW
2026-06-29 01:41:33,286  INFO  
  Case : BraTS20_Training_115
2026-06-29 01:41:33,286  INFO    PRED :
Lesion area: mainly concentrated in the right frontal and parietal lobes, with a mix of heterogeneous high and low signals
Edema: mainly concentrated in the right frontal and parietal lobes, extending into the surrounding tissue
Necrosis: mainly concentrated in the right frontal and parietal lobes, with a mix of heterogeneous high and low signals
Ventricular compression: characterized by the right lateral ventricle being compressed and deformed
2026-06-29 01:41:33,287  INFO    REF  :
Lesion area: the right frontal and parietal lobes with a mixture of heterogeneous high and low signals and speckled high-signal areas
Edema: extensive, visible around the lesions in the parietal and frontal lobes, primarily in the right frontal and parietal regions, extending to the adjacent ventricles
Necrosis: detected in the lesion area of the parietal lobe, presenting as heterogeneous low signals and mixed high signals
Ventricular compression: observed, indicated by pressure on the adjacent ventricles with slight morphological changes
2026-06-29 01:41:35,025  INFO  
  Case : BraTS20_Training_016
2026-06-29 01:41:35,025  INFO    PRED :
Lesion area: mainly concentrated in the right parietal and temporal lobes, with a mix of heterogeneous high and low signals
Edema: mainly concentrated in the right frontal and parietal lobes, with a high degree of heterogeneity
Necrosis: mainly concentrated in the right frontal and parietal lobes, with a mix of heterogeneous high and low signals
Ventricular compression: characterized by the right ventricle being compressed and deformed
2026-06-29 01:41:35,025  INFO    REF  :
Lesion area: the right frontal lobe, parietal lobe, and temporal lobe with heterogeneous, mixed high and low signals forming multiple spot-like high signal regions
Edema: clearly concentrated in the right frontal lobe, parietal lobe, and temporal lobe with a significant high signal indicating pronounced swelling, covering a large extent of these brain regions
Necrosis: characterized by an uneven mixture of high and low signals with significant possibility in the right frontal and parietal regions, predominantly as a central region of high signal surrounded by uneven low signal dispersions
Ventricular compression: noticeable, primarily concentrated on the right ventricle, with the right lateral ventricle visibly deformed due to pressure
2026-06-29 01:41:35,025  INFO  ============================================================
2026-06-29 01:41:35,025  INFO    No improvement (1/12)
2026-06-29 01:43:55,653  INFO  [scifive-large-aug] E 25  train=1.5570 (ppl 4.74)  val=1.4617 (ppl 4.31)  gn=1.828
2026-06-29 01:44:08,409  INFO    Content score (lesion): lobe_jacc=0.569  hemi=0.875  -> 0.722
2026-06-29 01:44:18,942  INFO    Hemisphere quick-check (lesion field): 18/20 = 90.0%
2026-06-29 01:44:36,240  INFO    Within-report distinctness: collapse=0%  distinct_ratio=1.00  (0.25=full collapse, 1.0=all differ)
2026-06-29 01:44:46,642  INFO    Cross-patient[lesion]: 7/20 unique = 0.35  (1.0=all differ, low=TEMPLATE COLLAPSE)
2026-06-29 01:44:55,703  INFO    Cross-patient[necrosis]: 14/20 unique = 0.70  (1.0=all differ, low=TEMPLATE COLLAPSE)
2026-06-29 01:44:55,708  INFO  
============================================================  PREVIEW
2026-06-29 01:44:57,424  INFO  
  Case : BraTS20_Training_310
2026-06-29 01:44:57,424  INFO    PRED :
Lesion area: observed in the right frontal and parietal lobes with a mix of heterogeneous high and low signals
Edema: mainly concentrated in the right frontal and parietal lobes, with a high degree of heterogeneity
Necrosis: mainly concentrated in the right frontal and parietal lobes, with a mix of heterogeneous high and low signals
Ventricular compression: observed with the right lateral ventricle compressed and deformed
2026-06-29 01:44:57,424  INFO    REF  :
Lesion area: the central image, right frontal lobes, and temporal lobe regions (anterior and middle parts) with mixed signal intensity, with prominent speckled high-signal regions suggesting the presence of multiple lesions
Edema: significant, present around the lesions in the right frontal and temporal lobes, characterized by persistent high signal intensity, with extensive extent indicating pronounced swelling of surrounding tissues
Necrosis: observed in parts of the right parietal and frontal lobes, characterized by alternating regions of diffuse inhomogeneous low and high signal intensities, with unclear boundaries and a high degree of signal mixing
Ventricular compression: mild, with deformation of the right lateral ventricle, suggesting a gradually increasing mass effect
2026-06-29 01:44:59,203  INFO  
  Case : BraTS20_Training_073
2026-06-29 01:44:59,203  INFO    PRED :
Lesion area: observed in the left frontal and parietal lobes with a mix of heterogeneous high and low signals
Edema: mainly concentrated in the left frontal and parietal lobes, with a high degree of heterogeneity
Necrosis: observed in the left parietal and occipital lobes with mixed high and low signals
Ventricular compression: observed with the left lateral ventricle compressed and deformed
2026-06-29 01:44:59,203  INFO    REF  :
Lesion area: the left frontal lobe of the brain with mixed signals of varying intensity and speckled high-signal areas
Edema: observed in the left parietal and frontal regions with high intensity, indicating pronounced swelling around the lesions
Necrosis: observed near the left parietal and frontal lobes, exhibiting mixed signal intensity with some scattered high-signal regions
Ventricular compression: noticeable in the left frontal and parietal areas, with the ventricles becoming deformed
2026-06-29 01:44:59,203  INFO  ============================================================
2026-06-29 01:44:59,203  INFO    No improvement (2/12)
2026-06-29 01:47:19,501  INFO  [scifive-large-aug] E 26  train=1.5197 (ppl 4.57)  val=1.4400 (ppl 4.22)  gn=1.927
2026-06-29 01:47:31,785  INFO    Content score (lesion): lobe_jacc=0.618  hemi=0.875  -> 0.747
2026-06-29 01:47:31,789  INFO  
============================================================  PREVIEW
2026-06-29 01:47:33,492  INFO  
  Case : BraTS20_Training_313
2026-06-29 01:47:33,492  INFO    PRED :
Lesion area: the right frontal and parietal lobes with a mix of heterogeneous high and low signals and speckled high-signal areas
Edema: observed in the right frontal and parietal lobes, mainly concentrated in the central part of the lesion area
Necrosis: observed in the right frontal and parietal lobes, with a mixture of high and low signals, indicating necrotic areas
Ventricular compression: observed with the right lateral ventricle compressed and deformed
2026-06-29 01:47:33,492  INFO    REF  :
Lesion area: the right frontal and parietal regions with a mix of heterogeneous high and low signals and speckled high-signal areas
Edema: significant, with extensive high-signal regions occupying large portions of the right frontal and parietal lobes
Necrosis: observed with low-signal areas, especially concentrated in the right parietal region, exhibiting signal heterogeneity
Ventricular compression: noticeable on the right lateral ventricle, which appears narrowed
2026-06-29 01:47:35,151  INFO  
  Case : BraTS20_Training_138
2026-06-29 01:47:35,151  INFO    PRED :
Lesion area: the right frontal and parietal lobes with a mix of heterogeneous high and low signals
Edema: mainly concentrated in the right frontal and parietal lobes, with a high degree of heterogeneity
Necrosis: observed in the right frontal and parietal lobes, with a mixture of heterogeneous high and low signals
Ventricular compression: observed with the right lateral ventricle compressed and deformed
2026-06-29 01:47:35,151  INFO    REF  :
Lesion area: the frontal and parietal regions of the right cerebral hemisphere with a mixture of heterogeneous high and low signals, with spotty high-signal areas
Edema: a marked high-signal indication surrounding the frontal and parietal regions of the right cerebral hemisphere, suggesting significant swelling
Necrosis: primarily concentrated in the deep part of the right parietal lobe, resembling a mixed low-signal area
Ventricular compression: present as the
ventricular system is compressed and deformed, with the right lateral ventricle compressed and narrowed
2026-06-29 01:47:35,151  INFO  ============================================================
2026-06-29 01:47:35,151  INFO    No improvement (3/12)
2026-06-29 01:49:55,464  INFO  [scifive-large-aug] E 27  train=1.4865 (ppl 4.42)  val=1.4215 (ppl 4.14)  gn=1.670
2026-06-29 01:50:07,450  INFO    Content score (lesion): lobe_jacc=0.549  hemi=0.792  -> 0.670
2026-06-29 01:50:07,454  INFO  
============================================================  PREVIEW
2026-06-29 01:50:09,252  INFO  
  Case : BraTS20_Training_102
2026-06-29 01:50:09,252  INFO    PRED :
Lesion area: the right frontal and parietal lobes with a mix of heterogeneous high and low signals, indicating multiple lesions
Edema: observed in the right frontal and parietal lobes with a high degree of edema
Necrosis: observed in the right frontal and parietal lobes, with a mix of heterogeneous high and low signals
Ventricular compression: observed with the right lateral ventricle being compressed and deformed
2026-06-29 01:50:09,252  INFO    REF  :
Lesion area: the left frontal lobe with a heterogeneous mix of high and low signals
Edema: pronounced
edema signals primarily concentrated in the left frontal lobe, followed by the parietal lobe, exhibiting high signals
Necrosis: potential necrotic areas mainly concentrated in the left frontal lobe, appearing as low signals mixed with high signal regions
Ventricular compression: no evident sign of
ventricular compression
2026-06-29 01:50:11,052  INFO  
  Case : BraTS20_Training_194
2026-06-29 01:50:11,052  INFO    PRED :
Lesion area: the left frontal and parietal lobes with a mix of heterogeneous high and low signals and speckled high-signal areas
Edema: observed in the left frontal and parietal lobes with a high degree of heterogeneity
Necrosis: the left frontal and parietal lobes with a mix of heterogeneous high and low signals
Ventricular compression: observed with the left lateral ventricle compressed and deformed
2026-06-29 01:50:11,052  INFO    REF  :
Lesion area: multiple areas of the left brain (frontal lobe, temporal lobe, parietal lobe, occipital lobe) with irregular signal patterns characterized by mixed high and low signals and spotty high-signal areas
Edema: significant with a substantial amount of high-signal areas indicating marked
edema, primarily concentrated in the frontal and parietal regions of the left brain
Necrosis: characterized by several low-signal areas showing potential signs of
necrosis, with uneven low signals demonstrating the mixed nature of the necrotic tissue scattered without showing any obvious concentration
Ventricular compression: observed in certain areas of the left lateral ventricle, particularly in regions where the lesions are more concentrated
2026-06-29 01:50:11,052  INFO  ============================================================
2026-06-29 01:50:11,053  INFO    No improvement (4/12)
2026-06-29 01:52:31,572  INFO  [scifive-large-aug] E 28  train=1.4683 (ppl 4.34)  val=1.4057 (ppl 4.08)  gn=1.715
2026-06-29 01:52:43,593  INFO    Content score (lesion): lobe_jacc=0.625  hemi=0.875  -> 0.750
2026-06-29 01:52:43,598  INFO  
============================================================  PREVIEW
2026-06-29 01:52:45,411  INFO  
  Case : BraTS20_Training_109
2026-06-29 01:52:45,411  INFO    PRED :
Lesion area: the left frontal and parietal lobes with a mix of heterogeneous high and low signals, indicating multiple lesions
Edema: the left frontal and parietal lobes with a high degree of edema
Necrosis: the left frontal and parietal lobes with a mix of heterogeneous high and low signals
Ventricular compression: the left lateral ventricle is compressed and deformed
2026-06-29 01:52:45,411  INFO    REF  :
Lesion area: the left frontal and parietal lobes with heterogeneous signal intensities, displaying both high and low signal areas, along with speckled high signal regions
Edema: evident around the lesions in the left frontal and parietal lobes, primarily observed around the high signal lesions, indicating the extent of tissue swelling and
edema
Necrosis: mainly concentrated in the left parietal region, characterized by low signal intensity, with some areas showing mixed signals and varying degrees of tissue
necrosis
Ventricular compression: observed with the right lateral ventricle slightly compressed, and the shape of the left lateral ventricle somewhat altered
2026-06-29 01:52:47,247  INFO  
  Case : BraTS20_Training_094
2026-06-29 01:52:47,247  INFO    PRED :
Lesion area: the left frontal and parietal lobes with a mix of heterogeneous high and low signals
Edema: the left frontal and parietal lobes with a high degree of edema
Necrosis: the left frontal and parietal lobes with a mix of heterogeneous high and low signals
Ventricular compression: the left lateral ventricle is compressed and deformed
2026-06-29 01:52:47,247  INFO    REF  :
Lesion area: the left parietal and occipital lobes with heterogeneous mixed signals with spotty high signals
Edema: significant, mainly observed in the left parietal and occipital lobes, with high signal intensity and substantial extent overlapping with lesion areas
Necrosis: observed with low signal intensity mixed with high signal spots, mainly concentrated and scattered in the left parietal and occipital lobes
Ventricular compression: pronounced, especially under the influence of lesions in the left parietal and occipital regions
2026-06-29 01:52:47,247  INFO  ============================================================
2026-06-29 01:52:47,247  INFO    No improvement (5/12)
2026-06-29 01:55:07,632  INFO  [scifive-large-aug] E 29  train=1.4398 (ppl 4.22)  val=1.3929 (ppl 4.03)  gn=1.829
2026-06-29 01:55:19,524  INFO    Content score (lesion): lobe_jacc=0.608  hemi=0.917  -> 0.762
2026-06-29 01:55:19,529  INFO  
============================================================  PREVIEW
2026-06-29 01:55:21,312  INFO  
  Case : BraTS20_Training_154
2026-06-29 01:55:21,312  INFO    PRED :
Lesion area: the right frontal and parietal lobes with a mix of heterogeneous high and low signals and speckled high-signal areas
Edema: the right frontal and parietal lobes with a high degree of edema
Necrosis: the right frontal and parietal lobes with a mix of heterogeneous high and low signals, indicating necrotic areas
Ventricular compression: observed with the right lateral ventricle compressed and deformed
2026-06-29 01:55:21,312  INFO    REF  :
Lesion area: the right frontal lobe with heterogeneous mixed signal intensity, exhibiting spot-like high signal areas
Edema: significant, observed in the right frontal lobe and part of the parietal lobe, extensive and spreading to the surrounding tissue of the lesion, indicating marked tissue swelling
Necrosis: within the lesion area, with regions of decreased signal primarily concentrated in the center of the right frontal lobe, surrounded by high signal
Ventricular compression: significant in the right lateral ventricle, which has undergone morphological changes, suggesting a substantial compressive effect of the lesion on brain tissue and ventricles
2026-06-29 01:55:23,057  INFO  
  Case : BraTS20_Training_259
2026-06-29 01:55:23,057  INFO    PRED :
Lesion area: the right frontal and parietal lobes with a mix of heterogeneous high and low signals and speckled high-signal areas
Edema: the right frontal and parietal lobes with a high degree of edema
Necrosis: the right frontal and parietal lobes with a mix of heterogeneous high and low signals
Ventricular compression: the right lateral ventricle is compressed and deformed
2026-06-29 01:55:23,057  INFO    REF  :
Lesion area: the right cerebral region, including the frontal lobe and part of the parietal lobe, with mixed high and low signals and patchy high signal areas
Edema: significant, observed in the right frontal lobe area and parts of the parietal lobe with relatively high intensity, extending over a considerable area
Necrosis: potential, identified in the high-intensity signal region of the right frontal lobe with highly uneven signal intensity, suggesting necrotic tissue more concentrated in the mid to posterior part of the right cerebrum
Ventricular compression: present, with the right ventricle compressed and deformed, indicating pressure exertion by the lesion
2026-06-29 01:55:23,057  INFO  ============================================================
2026-06-29 01:55:23,273  INFO  HTTP Request: HEAD https://huggingface.co/razent/SciFive-large-Pubmed/resolve/main/config.json "HTTP/1.1 307 Temporary Redirect"
2026-06-29 01:55:23,305  INFO  HTTP Request: HEAD https://huggingface.co/api/resolve-cache/models/razent/SciFive-large-Pubmed/7dec1ea577acf357ee0f809fc0f7eeefb45aa42d/config.json "HTTP/1.1 200 OK"
2026-06-29 01:55:23,384  INFO  HTTP Request: HEAD https://huggingface.co/razent/SciFive-large-Pubmed/resolve/main/config.json "HTTP/1.1 307 Temporary Redirect"
2026-06-29 01:55:23,421  INFO  HTTP Request: HEAD https://huggingface.co/api/resolve-cache/models/razent/SciFive-large-Pubmed/7dec1ea577acf357ee0f809fc0f7eeefb45aa42d/config.json "HTTP/1.1 200 OK"
2026-06-29 01:55:23,557  INFO    ✓ New best (content=0.762) → checkpoints_multi_v4/scifive-large-aug
2026-06-29 01:57:43,719  INFO  [scifive-large-aug] E 30  train=1.4341 (ppl 4.20)  val=1.3806 (ppl 3.98)  gn=1.740
2026-06-29 01:57:55,658  INFO    Content score (lesion): lobe_jacc=0.576  hemi=0.917  -> 0.747
2026-06-29 01:58:05,632  INFO    Hemisphere quick-check (lesion field): 16/20 = 80.0%
2026-06-29 01:58:23,865  INFO    Within-report distinctness: collapse=0%  distinct_ratio=1.00  (0.25=full collapse, 1.0=all differ)
2026-06-29 01:58:33,797  INFO    Cross-patient[lesion]: 8/20 unique = 0.40  (1.0=all differ, low=TEMPLATE COLLAPSE)
2026-06-29 01:58:43,259  INFO    Cross-patient[necrosis]: 7/20 unique = 0.35  (1.0=all differ, low=TEMPLATE COLLAPSE)
2026-06-29 01:58:43,263  INFO  
============================================================  PREVIEW
2026-06-29 01:58:45,181  INFO  
  Case : BraTS20_Training_094
2026-06-29 01:58:45,181  INFO    PRED :
Lesion area: the left frontal and parietal lobes with a mix of heterogeneous high and low signals and speckled high signal areas
Edema: the left frontal and parietal lobes with a high degree of edema
Necrosis: the left frontal and parietal lobes with a mix of heterogeneous high and low signals, indicating necrotic areas
Ventricular compression: the left lateral ventricle is compressed and deformed
2026-06-29 01:58:45,181  INFO    REF  :
Lesion area: the left parietal and occipital lobes with heterogeneous mixed signals with spotty high signals
Edema: significant, mainly observed in the left parietal and occipital lobes, with high signal intensity and substantial extent overlapping with lesion areas
Necrosis: observed with low signal intensity mixed with high signal spots, mainly concentrated and scattered in the left parietal and occipital lobes
Ventricular compression: pronounced, especially under the influence of lesions in the left parietal and occipital regions
2026-06-29 01:58:46,955  INFO  
  Case : BraTS20_Training_228
2026-06-29 01:58:46,955  INFO    PRED :
Lesion area: the right frontal and parietal lobes with a mix of heterogeneous high and low signals
Edema: observed in the right frontal and parietal lobes, indicating significant swelling of the tissue surrounding the lesions
Necrosis: the right frontal and parietal lobes with a mix of heterogeneous high and low signals
Ventricular compression: the right lateral ventricle is compressed and deformed
2026-06-29 01:58:46,955  INFO    REF  :
Lesion area: the right temporal and frontal lobes with a mixture of heterogeneous high and low signals, with some areas showing speckled high signals
Edema: extensive, mainly concentrated in the right temporal lobe and part of the frontal lobe, indicating marked swelling of the surrounding tissues
Necrosis: characterized by clearly low signals, with a notable degree of heterogeneity, mostly scattered in the right temporal and frontal lobes
Ventricular compression: slight compression of the right ventricle, with no severe deformation or significant shift observed yet
2026-06-29 01:58:46,955  INFO  ============================================================
2026-06-29 01:58:46,955  INFO    No improvement (1/12)
2026-06-29 02:01:07,291  INFO  [scifive-large-aug] E 31  train=1.4079 (ppl 4.09)  val=1.3683 (ppl 3.93)  gn=1.779
2026-06-29 02:01:19,219  INFO    Content score (lesion): lobe_jacc=0.542  hemi=0.917  -> 0.729
2026-06-29 02:01:19,223  INFO  
============================================================  PREVIEW
2026-06-29 02:01:21,050  INFO  
  Case : BraTS20_Training_094
2026-06-29 02:01:21,050  INFO    PRED :
Lesion area: the left frontal and parietal lobes with a mix of heterogeneous high and low signals
Edema: the left frontal and parietal lobes with a high degree of edema
Necrosis: the left frontal and parietal lobes with a mix of heterogeneous high and low signals
Ventricular compression: the left lateral ventricle is compressed and deformed
2026-06-29 02:01:21,050  INFO    REF  :
Lesion area: the left parietal and occipital lobes with heterogeneous mixed signals with spotty high signals
Edema: significant, mainly observed in the left parietal and occipital lobes, with high signal intensity and substantial extent overlapping with lesion areas
Necrosis: observed with low signal intensity mixed with high signal spots, mainly concentrated and scattered in the left parietal and occipital lobes
Ventricular compression: pronounced, especially under the influence of lesions in the left parietal and occipital regions
2026-06-29 02:01:22,868  INFO  
  Case : BraTS20_Training_366
2026-06-29 02:01:22,868  INFO    PRED :
Lesion area: the left parietal and occipital lobes with a mix of heterogeneous high and low signals
Edema: observed in the left parietal and occipital lobes, indicating significant swelling of the tissue surrounding the lesions
Necrosis: the left frontal and parietal lobes with a mix of heterogeneous high and low signals
Ventricular compression: the left lateral ventricle is compressed and deformed
2026-06-29 02:01:22,868  INFO    REF  :
Lesion area: the left temporal and parietal lobes with multiple heterogeneous mixed signals and spotty high-signal areas, suggesting the presence of multiple lesions
Edema: significant, concentrated in the left parietal and temporal regions, with extensive high-signal areas, suggesting noticeable swelling in the tissue surrounding the lesions
Necrosis: located mainly in the left temporal lobe, appearing as low signals with blurred boundaries mixed with the high-signal
Ventricular compression: observed with the left ventricle compressed and deformed, showing slight compression and deformation due to the mass effect of the lesion
2026-06-29 02:01:22,868  INFO  ============================================================
2026-06-29 02:01:22,868  INFO    No improvement (2/12)
2026-06-29 02:03:43,276  INFO  [scifive-large-aug] E 32  train=1.4022 (ppl 4.06)  val=1.3624 (ppl 3.91)  gn=1.881
2026-06-29 02:03:54,984  INFO    Content score (lesion): lobe_jacc=0.444  hemi=0.958  -> 0.701
2026-06-29 02:03:54,989  INFO  
============================================================  PREVIEW
2026-06-29 02:03:56,840  INFO  
  Case : BraTS20_Training_272
2026-06-29 02:03:56,840  INFO    PRED :
Lesion area: the right frontal and parietal lobes with a mix of heterogeneous high and low signals
Edema: the right parietal and occipital lobes with a high degree of edema
Necrosis: the right frontal and parietal lobes with a mix of heterogeneous high and low signals
Ventricular compression: the right lateral ventricle is compressed and deformed
2026-06-29 02:03:56,840  INFO    REF  :
Lesion area: the right frontal, parietal, and occipital lobes with high signal and spotty high signal areas, notably heterogeneous high and low mixed signals
Edema: significant, primarily concentrated in the frontal and parietal lobes, with a notable increase in signal intensity and a broad extent, especially evident in the parietal lobe
Necrosis: mainly seen in the parietal region, with a relatively low degree of signal mixture indicating tissue
necrosis, and is relatively more concentrated in the parietal lobe
Ventricular compression: evident on the right lateral ventricle in the right parietal region, leading to mild partial deformation of the ventricle
2026-06-29 02:03:58,677  INFO  
  Case : BraTS20_Training_310
2026-06-29 02:03:58,678  INFO    PRED :
Lesion area: the right frontal and parietal lobes with a mix of heterogeneous high and low signals
Edema: the right parietal and occipital lobes with a high degree of edema
Necrosis: the right frontal and parietal lobes with a mix of heterogeneous high and low signals
Ventricular compression: the right lateral ventricle is compressed and deformed
2026-06-29 02:03:58,678  INFO    REF  :
Lesion area: the central image, right frontal lobes, and temporal lobe regions (anterior and middle parts) with mixed signal intensity, with prominent speckled high-signal regions suggesting the presence of multiple lesions
Edema: significant, present around the lesions in the right frontal and temporal lobes, characterized by persistent high signal intensity, with extensive extent indicating pronounced swelling of surrounding tissues
Necrosis: observed in parts of the right parietal and frontal lobes, characterized by alternating regions of diffuse inhomogeneous low and high signal intensities, with unclear boundaries and a high degree of signal mixing
Ventricular compression: mild, with deformation of the right lateral ventricle, suggesting a gradually increasing mass effect
2026-06-29 02:03:58,678  INFO  ============================================================
2026-06-29 02:03:58,678  INFO    No improvement (3/12)
2026-06-29 02:06:19,153  INFO  [scifive-large-aug] E 33  train=1.3868 (ppl 4.00)  val=1.3505 (ppl 3.86)  gn=1.730
2026-06-29 02:06:31,268  INFO    Content score (lesion): lobe_jacc=0.569  hemi=0.875  -> 0.722
2026-06-29 02:06:31,272  INFO  
============================================================  PREVIEW
2026-06-29 02:06:33,048  INFO  
  Case : BraTS20_Training_153
2026-06-29 02:06:33,048  INFO    PRED :
Lesion area: the left frontal and parietal lobes with a mix of heterogeneous high and low signals and speckled high-signal areas
Edema: the left frontal and parietal lobes with a high degree of edema
Necrosis: observed in the left parietal and frontal lobes, with a mixture of low and high signals, indicating necrotic areas
Ventricular compression: the left lateral ventricle is compressed and deformed
2026-06-29 02:06:33,048  INFO    REF  :
Lesion area: the left frontal and parietal lobes with a mix of heterogeneous high and low signals and speckled high-signal areas
Edema: significant in the left frontal and parietal lobes, mainly concentrated around the lesion area, with a broad range of diffusion, suggesting considerable swelling of the surrounding tissues
Necrosis: suggested by high signal intensity within the lesion area, predominantly concentrated in the right frontal and parietal lobes, with a relatively localized distribution
Ventricular compression: exerting some degree of compression on the right lateral ventricle
2026-06-29 02:06:34,921  INFO  
  Case : BraTS20_Training_176
2026-06-29 02:06:34,921  INFO    PRED :
Lesion area: the right frontal and parietal lobes with a mix of heterogeneous high and low signals, accompanied by patchy high signal areas
Edema: the right frontal and parietal lobes with a high degree of edema, indicating significant swelling of the tissue surrounding the lesions
Necrosis: the right frontal and parietal lobes with a mix of heterogeneous high and low signals, indicating necrotic areas
Ventricular compression: the right lateral ventricle is compressed and deformed
2026-06-29 02:06:34,921  INFO    REF  :
Lesion area: the right frontal and parietal lobes with multiple heterogeneous signal intensities, including high signal, iso-signal, and speckled high signal areas
Edema: significant, primarily observed in the right frontal and parietal lobes, with surrounding tissue swollen to a large extent around the lesion area, indicated by high signal intensity
Necrosis: mainly concentrated at the center of the lesion, manifested as mixed low signal regions, primarily located at the center of the lesion in the right parietal lobe, surrounded by high signal areas
Ventricular compression: evident, with compression on the right ventricle suggesting a certain degree of pressure exerted by the lesion area
2026-06-29 02:06:34,921  INFO  ============================================================
2026-06-29 02:06:34,921  INFO    No improvement (4/12)
2026-06-29 02:08:55,401  INFO  [scifive-large-aug] E 34  train=1.3711 (ppl 3.94)  val=1.3431 (ppl 3.83)  gn=1.826
2026-06-29 02:09:07,149  INFO    Content score (lesion): lobe_jacc=0.576  hemi=1.000  -> 0.788
2026-06-29 02:09:07,154  INFO  
============================================================  PREVIEW
2026-06-29 02:09:09,110  INFO  
  Case : BraTS20_Training_301
2026-06-29 02:09:09,110  INFO    PRED :
Lesion area: the left frontal and parietal lobes with a mix of heterogeneous high and low signals
Edema: the left parietal and occipital lobes with a high degree of edema
Necrosis: observed as low-signal areas in the left parietal and occipital lobes, with a mixture of heterogeneous high and low signals
Ventricular compression: the left lateral ventricle is compressed and deformed
2026-06-29 02:09:09,110  INFO    REF  :
Lesion area: the left frontal, parietal, and temporal lobes with a mix of irregular high and low signals along with spotty high signal areas
Edema: significant, primarily located in the left parietal and frontal lobes, indicating considerable swelling of the surrounding tissues near the lesions
Necrosis: suggested by regions with abnormal signal intensity, exhibiting a mix of high and low signals, focusing on the left parietal and frontal lobes
Ventricular compression: observed as the ventricles are deformed and compressed, particularly near the parietal lobe lesion area, showing a notable impact of the lesion on the ventricles
2026-06-29 02:09:10,899  INFO  
  Case : BraTS20_Training_094
2026-06-29 02:09:10,899  INFO    PRED :
Lesion area: the left frontal and parietal lobes with a mix of heterogeneous high and low signals
Edema: the left frontal and parietal lobes with a high degree of edema
Necrosis: the left frontal and parietal lobes with a mix of heterogeneous high and low signals
Ventricular compression: the left lateral ventricle is compressed and deformed
2026-06-29 02:09:10,899  INFO    REF  :
Lesion area: the left parietal and occipital lobes with heterogeneous mixed signals with spotty high signals
Edema: significant, mainly observed in the left parietal and occipital lobes, with high signal intensity and substantial extent overlapping with lesion areas
Necrosis: observed with low signal intensity mixed with high signal spots, mainly concentrated and scattered in the left parietal and occipital lobes
Ventricular compression: pronounced, especially under the influence of lesions in the left parietal and occipital regions
2026-06-29 02:09:10,899  INFO  ============================================================
2026-06-29 02:09:11,126  INFO  HTTP Request: HEAD https://huggingface.co/razent/SciFive-large-Pubmed/resolve/main/config.json "HTTP/1.1 307 Temporary Redirect"
2026-06-29 02:09:11,159  INFO  HTTP Request: HEAD https://huggingface.co/api/resolve-cache/models/razent/SciFive-large-Pubmed/7dec1ea577acf357ee0f809fc0f7eeefb45aa42d/config.json "HTTP/1.1 200 OK"
2026-06-29 02:09:11,237  INFO  HTTP Request: HEAD https://huggingface.co/razent/SciFive-large-Pubmed/resolve/main/config.json "HTTP/1.1 307 Temporary Redirect"
2026-06-29 02:09:11,271  INFO  HTTP Request: HEAD https://huggingface.co/api/resolve-cache/models/razent/SciFive-large-Pubmed/7dec1ea577acf357ee0f809fc0f7eeefb45aa42d/config.json "HTTP/1.1 200 OK"
2026-06-29 02:09:11,396  INFO    ✓ New best (content=0.788) → checkpoints_multi_v4/scifive-large-aug
2026-06-29 02:11:31,701  INFO  [scifive-large-aug] E 35  train=1.3669 (ppl 3.92)  val=1.3345 (ppl 3.80)  gn=1.805
2026-06-29 02:11:43,091  INFO    Content score (lesion): lobe_jacc=0.465  hemi=0.917  -> 0.691
2026-06-29 02:11:52,731  INFO    Hemisphere quick-check (lesion field): 18/20 = 90.0%
2026-06-29 02:12:10,256  INFO    Within-report distinctness: collapse=0%  distinct_ratio=0.82  (0.25=full collapse, 1.0=all differ)
2026-06-29 02:12:19,917  INFO    Cross-patient[lesion]: 5/20 unique = 0.25  (1.0=all differ, low=TEMPLATE COLLAPSE)
2026-06-29 02:12:29,178  INFO    Cross-patient[necrosis]: 6/20 unique = 0.30  (1.0=all differ, low=TEMPLATE COLLAPSE)
2026-06-29 02:12:29,183  INFO  
============================================================  PREVIEW
2026-06-29 02:12:31,059  INFO  
  Case : BraTS20_Training_247
2026-06-29 02:12:31,060  INFO    PRED :
Lesion area: the right parietal and occipital lobes with a mix of heterogeneous high and low signals
Edema: the right parietal and occipital lobes with a high degree of edema
Necrosis: the right parietal and occipital lobes with a mixture of heterogeneous high and low signals
Ventricular compression: observed with the right lateral ventricle compressed and deformed
2026-06-29 02:12:31,060  INFO    REF  :
Lesion area: the right hemisphere of the brain with a mix of heterogeneous high and low signals and patchy high-signal regions
Edema: significant high-signal, observed in parts of the right hemisphere surrounding the lesions, including sections of the frontal and temporal lobes
Necrosis: mixed signals with uneven intensity, displaying patchy or diffuse combinations of high and low signals, dispersed within the lesions
Ventricular compression: observable compression of the ventricles, particularly the right ventricle area, by the lesion area
2026-06-29 02:12:32,984  INFO  
  Case : BraTS20_Training_026
2026-06-29 02:12:32,984  INFO    PRED :
Lesion area: the right frontal and parietal lobes with a mix of heterogeneous high and low signals
Edema: the right parietal and occipital lobes with a high degree of edema
Necrosis: the right parietal and occipital lobes with a mixture of heterogeneous high and low signals
Ventricular compression: the right lateral ventricle is compressed and deformed
2026-06-29 02:12:32,984  INFO    REF  :
Lesion area: the right frontal and parietal lobes with a mixture of heterogeneous signal intensities and spotted high-signal areas
Edema: significant, particularly in the right parietal lobe, extensive and affects the surrounding brain tissue
Necrosis: in the right frontal lobe, low-signal areas interspersed with high-signal areas
Ventricular compression: significant, especially on the right side
2026-06-29 02:12:32,984  INFO  ============================================================
2026-06-29 02:12:32,984  INFO    No improvement (1/12)
2026-06-29 02:14:53,270  INFO  [scifive-large-aug] E 36  train=1.3501 (ppl 3.86)  val=1.3277 (ppl 3.77)  gn=1.829
2026-06-29 02:15:05,407  INFO    Content score (lesion): lobe_jacc=0.493  hemi=0.833  -> 0.663
2026-06-29 02:15:05,411  INFO  
============================================================  PREVIEW
2026-06-29 02:15:07,251  INFO  
  Case : BraTS20_Training_220
2026-06-29 02:15:07,251  INFO    PRED :
Lesion area: the right frontal and parietal lobes with a mix of heterogeneous high and low signals
Edema: the right frontal and parietal lobes with a high degree of edema, indicating significant swelling of the tissue surrounding the lesions
Necrosis: the right frontal and parietal lobes with a mix of heterogeneous high and low signals
Ventricular compression: the right lateral ventricle is compressed and deformed
2026-06-29 02:15:07,251  INFO    REF  :
Lesion area: the right frontal lobe, right temporal lobe, and right occipital lobe with a mixed pattern of heterogeneous high and low signals, with patchy high-signal regions, suggesting multiple lesions
Edema: significant, primarily concentrated in the junction area of the right temporal lobe and frontal lobe, and in the right parietal lobe, spanning multiple brain lobes
Necrosis: visible with low signal intensity areas mainly concentrated in the junction of the right frontal and temporal lobes, with mixed signal characteristics
Ventricular compression: observed in the right frontal, temporal, and parietal lobes
2026-06-29 02:15:09,135  INFO  
  Case : BraTS20_Training_305
2026-06-29 02:15:09,135  INFO    PRED :
Lesion area: the right frontal and parietal lobes with a mix of heterogeneous high and low signals
Edema: the right parietal and occipital lobes of the brain with extensive edema
Necrosis: the right frontal and parietal lobes with a mixture of high and low signals, indicating necrotic areas
Ventricular compression: the right lateral ventricle is compressed and deformed
2026-06-29 02:15:09,135  INFO    REF  :
Lesion area: the right cerebral hemisphere, particularly the parietal and occipital lobes, with a mix of heterogeneous high and low signals, along with speckled high-signal areas
Edema: notable high-signal areas surrounding the lesions mainly concentrated in the right parietal and occipital lobes, with significant swelling of the surrounding tissues, covering a large area
Necrosis: some low-signal areas with uneven signal intensity, with some areas exhibiting extremely low signals, both concentrated and somewhat dispersed
Ventricular compression: the right ventricle subjected to varying degrees of compression, resulting in slight deformation
2026-06-29 02:15:09,135  INFO  ============================================================
2026-06-29 02:15:09,135  INFO    No improvement (2/12)
2026-06-29 02:17:29,477  INFO  [scifive-large-aug] E 37  train=1.3413 (ppl 3.82)  val=1.3215 (ppl 3.75)  gn=1.868
2026-06-29 02:17:41,799  INFO    Content score (lesion): lobe_jacc=0.392  hemi=0.958  -> 0.675
2026-06-29 02:17:41,803  INFO  
============================================================  PREVIEW
2026-06-29 02:17:43,718  INFO  
  Case : BraTS20_Training_064
2026-06-29 02:17:43,718  INFO    PRED :
Lesion area: the right parietal and occipital lobes with a mix of heterogeneous high and low signals
Edema: the right parietal and occipital lobes with a high degree of edema, covering a large area
Necrosis: the right frontal and parietal lobes with a mixture of high and low signals, indicating necrotic areas
Ventricular compression: the right lateral ventricle is compressed and deformed
2026-06-29 02:17:43,718  INFO    REF  :
Lesion area: the right frontal and parietal lobes with mixed signals of varying intensity and patchy high-signal areas
Edema: located around the right frontal and parietal lobe regions with pronounced high-signal areas, indicating significant swelling in the tissues surrounding the lesions
Necrosis: mainly at the center of the lesions in the right frontal lobe region with lower signal intensity and higher heterogeneity
Ventricular compression: indicated by the right ventricle being narrowed, suggesting compression
2026-06-29 02:17:45,648  INFO  
  Case : BraTS20_Training_077
2026-06-29 02:17:45,648  INFO    PRED :
Lesion area: the left parietal and occipital lobes with a mix of heterogeneous high and low signals
Edema: the left parietal and occipital lobes with a high degree of edema
Necrosis: the left parietal and occipital lobes with a mix of heterogeneous high and low signals
Ventricular compression: the left lateral ventricle is compressed and deformed
2026-06-29 02:17:45,648  INFO    REF  :
Lesion area: the left frontal and parietal lobes with heterogeneous high-signal and low-signal areas, with spotted high-signal regions
Edema: prominent, primarily surrounding the lesions in the left frontal and parietal regions, with severe swelling of the tissues
Necrosis: suggested by low-signal and signal-void regions interspersed among areas of high and iso-signal, with distribution being uneven in the frontal and parietal regions
Ventricular compression: evident as mild deformation and compression of the ventricles, primarily in the left lateral ventricle
2026-06-29 02:17:45,648  INFO  ============================================================
2026-06-29 02:17:45,648  INFO    No improvement (3/12)
2026-06-29 02:20:06,007  INFO  [scifive-large-aug] E 38  train=1.3339 (ppl 3.80)  val=1.3151 (ppl 3.72)  gn=1.826
2026-06-29 02:20:18,150  INFO    Content score (lesion): lobe_jacc=0.556  hemi=0.958  -> 0.757
2026-06-29 02:20:18,155  INFO  
============================================================  PREVIEW
2026-06-29 02:20:20,071  INFO  
  Case : BraTS20_Training_247
2026-06-29 02:20:20,071  INFO    PRED :
Lesion area: the right parietal and occipital lobes with a mixture of heterogeneous high and low signals
Edema: the right parietal and occipital lobes with a high degree of edema, indicating significant swelling of the tissue surrounding the lesions
Necrosis: the right parietal and occipital lobes with a mixture of low and high signals, indicating necrotic areas
Ventricular compression: the right lateral ventricle is compressed and deformed
2026-06-29 02:20:20,071  INFO    REF  :
Lesion area: the right hemisphere of the brain with a mix of heterogeneous high and low signals and patchy high-signal regions
Edema: significant high-signal, observed in parts of the right hemisphere surrounding the lesions, including sections of the frontal and temporal lobes
Necrosis: mixed signals with uneven intensity, displaying patchy or diffuse combinations of high and low signals, dispersed within the lesions
Ventricular compression: observable compression of the ventricles, particularly the right ventricle area, by the lesion area
2026-06-29 02:20:21,883  INFO  
  Case : BraTS20_Training_297
2026-06-29 02:20:21,883  INFO    PRED :
Lesion area: the left parietal and occipital lobes with a mix of heterogeneous high and low signals
Edema: observed in the left parietal and frontal lobes, indicating significant swelling of the tissue surrounding the lesions
Necrosis: the left parietal and occipital lobes with a mixture of heterogeneous high and low signals
Ventricular compression: the left lateral ventricle is compressed and deformed
2026-06-29 02:20:21,883  INFO    REF  :
Lesion area: the left parietal and occipital lobes with heterogeneous signal intensities and patchy high-signal regions
Edema: significant in portions of the parietal and occipital lobes, suggesting substantial swelling in the tissues surrounding the lesions
Necrosis: within the lesion areas in the parietal and occipital lobes, characterized by some low-signal regions indicating possible
necrosis
Ventricular compression: observed near prominent lesion areas, indicating that the lesions are exerting pressure on the surrounding brain tissue and ventricles
2026-06-29 02:20:21,883  INFO  ============================================================
2026-06-29 02:20:21,883  INFO    No improvement (4/12)
2026-06-29 02:22:42,161  INFO  [scifive-large-aug] E 39  train=1.3285 (ppl 3.78)  val=1.3072 (ppl 3.70)  gn=1.877
2026-06-29 02:22:53,993  INFO    Content score (lesion): lobe_jacc=0.427  hemi=0.875  -> 0.651
2026-06-29 02:22:53,998  INFO  
============================================================  PREVIEW
2026-06-29 02:22:55,743  INFO  
  Case : BraTS20_Training_286
2026-06-29 02:22:55,743  INFO    PRED :
Lesion area: the left parietal and occipital lobes with a mixture of heterogeneous high and low signals
Edema: the left frontal and parietal lobes with a high degree of edema
Necrosis: the left frontal and parietal lobes with a mix of heterogeneous high and low signals
Ventricular compression: the left lateral ventricle is compressed and deformed
2026-06-29 02:22:55,743  INFO    REF  :
Lesion area: the left parietal lobe with mixed signals of varying intensity and spotty high signal areas
Edema: significant, with signal regions mainly located in the left frontal and parietal lobes, appearing as high signals, suggesting substantial swelling of the tissues surrounding the lesion, and covering a large area extending over the parietal and frontal lobes with widespread impact
Necrosis: observed with possible necrotic signals primarily distributed around the high signal zone in the left parietal lobe, appearing as a mix of high and low signals, indicating tissue
necrosis
Ventricular compression: observed, with the left lateral ventricle notably compressed and reduced in size, demonstrating significant compressive effects of the lesion on brain tissue and ventricles
2026-06-29 02:22:57,607  INFO  
  Case : BraTS20_Training_176
2026-06-29 02:22:57,607  INFO    PRED :
Lesion area: the right frontal and parietal lobes with a mix of heterogeneous high and low signals, accompanied by patchy high signal areas
Edema: the right frontal and parietal lobes with a high degree of edema, indicating significant swelling of the tissue surrounding the lesions
Necrosis: the right frontal and parietal lobes with a mixture of heterogeneous high and low signals
Ventricular compression: the right lateral ventricle is compressed and deformed
2026-06-29 02:22:57,607  INFO    REF  :
Lesion area: the right frontal and parietal lobes with multiple heterogeneous signal intensities, including high signal, iso-signal, and speckled high signal areas
Edema: significant, primarily observed in the right frontal and parietal lobes, with surrounding tissue swollen to a large extent around the lesion area, indicated by high signal intensity
Necrosis: mainly concentrated at the center of the lesion, manifested as mixed low signal regions, primarily located at the center of the lesion in the right parietal lobe, surrounded by high signal areas
Ventricular compression: evident, with compression on the right ventricle suggesting a certain degree of pressure exerted by the lesion area
2026-06-29 02:22:57,607  INFO  ============================================================
2026-06-29 02:22:57,607  INFO    No improvement (5/12)
2026-06-29 02:25:17,784  INFO  [scifive-large-aug] E 40  train=1.3114 (ppl 3.71)  val=1.3051 (ppl 3.69)  gn=1.990
2026-06-29 02:25:29,739  INFO    Content score (lesion): lobe_jacc=0.483  hemi=0.917  -> 0.700
2026-06-29 02:25:39,778  INFO    Hemisphere quick-check (lesion field): 19/20 = 95.0%
2026-06-29 02:25:58,197  INFO    Within-report distinctness: collapse=0%  distinct_ratio=0.88  (0.25=full collapse, 1.0=all differ)
2026-06-29 02:26:08,204  INFO    Cross-patient[lesion]: 11/20 unique = 0.55  (1.0=all differ, low=TEMPLATE COLLAPSE)
2026-06-29 02:26:18,027  INFO    Cross-patient[necrosis]: 7/20 unique = 0.35  (1.0=all differ, low=TEMPLATE COLLAPSE)
2026-06-29 02:26:18,032  INFO  
============================================================  PREVIEW
2026-06-29 02:26:19,948  INFO  
  Case : BraTS20_Training_078
2026-06-29 02:26:19,948  INFO    PRED :
Lesion area: the right parietal and occipital lobes with a mixture of heterogeneous high and low signals
Edema: the right parietal and occipital lobes with a high degree of edema, covering a large area
Necrosis: the right frontal and parietal lobes with a mixture of heterogeneous high and low signals
Ventricular compression: the right lateral ventricle is compressed and deformed
2026-06-29 02:26:19,948  INFO    REF  :
Lesion area: the right temporal and parietal lobes with a mix of heterogeneous signals, including multiple patchy high-signal areas
Edema: pronounced, mainly observed in the right temporal and parietal lobes, and spans extensively as high-signal regions, indicating significant tissue swelling
Necrosis: identified as several low-signal areas within the lesion region, possibly indicating
necrosis, with uneven signal intensity concentrated in the right temporal lobe
Ventricular compression: slightly observed
2026-06-29 02:26:21,697  INFO  
  Case : BraTS20_Training_102
2026-06-29 02:26:21,697  INFO    PRED :
Lesion area: the left parietal and occipital lobes with a mixture of heterogeneous high and low signals
Edema: the left parietal and occipital lobes with significant edema
Necrosis: the left parietal and occipital lobes with a mix of heterogeneous high and low signals
Ventricular compression: the left lateral ventricle is compressed and deformed
2026-06-29 02:26:21,697  INFO    REF  :
Lesion area: the left frontal lobe with a heterogeneous mix of high and low signals
Edema: pronounced
edema signals primarily concentrated in the left frontal lobe, followed by the parietal lobe, exhibiting high signals
Necrosis: potential necrotic areas mainly concentrated in the left frontal lobe, appearing as low signals mixed with high signal regions
Ventricular compression: no evident sign of
ventricular compression
2026-06-29 02:26:21,697  INFO  ============================================================
2026-06-29 02:26:21,697  INFO    No improvement (6/12)
2026-06-29 02:28:42,001  INFO  [scifive-large-aug] E 41  train=1.3044 (ppl 3.69)  val=1.3016 (ppl 3.68)  gn=2.264
2026-06-29 02:28:53,929  INFO    Content score (lesion): lobe_jacc=0.528  hemi=0.917  -> 0.722
2026-06-29 02:28:53,933  INFO  
============================================================  PREVIEW
2026-06-29 02:28:55,682  INFO  
  Case : BraTS20_Training_286
2026-06-29 02:28:55,682  INFO    PRED :
Lesion area: the left frontal and parietal lobes with a mixture of heterogeneous high and low signals
Edema: the left frontal and parietal lobes with a high degree of edema
Necrosis: the left frontal and parietal lobes with a mix of heterogeneous high and low signals
Ventricular compression: the left lateral ventricle is compressed and deformed
2026-06-29 02:28:55,682  INFO    REF  :
Lesion area: the left parietal lobe with mixed signals of varying intensity and spotty high signal areas
Edema: significant, with signal regions mainly located in the left frontal and parietal lobes, appearing as high signals, suggesting substantial swelling of the tissues surrounding the lesion, and covering a large area extending over the parietal and frontal lobes with widespread impact
Necrosis: observed with possible necrotic signals primarily distributed around the high signal zone in the left parietal lobe, appearing as a mix of high and low signals, indicating tissue
necrosis
Ventricular compression: observed, with the left lateral ventricle notably compressed and reduced in size, demonstrating significant compressive effects of the lesion on brain tissue and ventricles
2026-06-29 02:28:57,559  INFO  
  Case : BraTS20_Training_366
2026-06-29 02:28:57,559  INFO    PRED :
Lesion area: the left parietal and occipital lobes with a mix of heterogeneous high and low signals
Edema: the left frontal and parietal lobes with a high degree of edema, indicating significant swelling in the tissue surrounding the lesions
Necrosis: the left parietal and occipital lobes with a mixture of high and low signals, accompanied by low signal areas
Ventricular compression: the left lateral ventricle is compressed and deformed
2026-06-29 02:28:57,559  INFO    REF  :
Lesion area: the left temporal and parietal lobes with multiple heterogeneous mixed signals and spotty high-signal areas, suggesting the presence of multiple lesions
Edema: significant, concentrated in the left parietal and temporal regions, with extensive high-signal areas, suggesting noticeable swelling in the tissue surrounding the lesions
Necrosis: located mainly in the left temporal lobe, appearing as low signals with blurred boundaries mixed with the high-signal
Ventricular compression: observed with the left ventricle compressed and deformed, showing slight compression and deformation due to the mass effect of the lesion
2026-06-29 02:28:57,559  INFO  ============================================================
2026-06-29 02:28:57,559  INFO    No improvement (7/12)
2026-06-29 02:31:18,049  INFO  [scifive-large-aug] E 42  train=1.2945 (ppl 3.65)  val=1.2962 (ppl 3.66)  gn=2.090
2026-06-29 02:31:30,049  INFO    Content score (lesion): lobe_jacc=0.375  hemi=0.958  -> 0.667
2026-06-29 02:31:30,053  INFO  
============================================================  PREVIEW
2026-06-29 02:31:31,961  INFO  
  Case : BraTS20_Training_115
2026-06-29 02:31:31,961  INFO    PRED :
Lesion area: the right parietal and occipital lobes with a mixture of heterogeneous high and low signals
Edema: the right parietal and occipital lobes with a high degree of edema
Necrosis: the right parietal and occipital lobes with a mix of heterogeneous high and low signals
Ventricular compression: the right lateral ventricle is compressed and deformed
2026-06-29 02:31:31,961  INFO    REF  :
Lesion area: the right frontal and parietal lobes with a mixture of heterogeneous high and low signals and speckled high-signal areas
Edema: extensive, visible around the lesions in the parietal and frontal lobes, primarily in the right frontal and parietal regions, extending to the adjacent ventricles
Necrosis: detected in the lesion area of the parietal lobe, presenting as heterogeneous low signals and mixed high signals
Ventricular compression: observed, indicated by pressure on the adjacent ventricles with slight morphological changes
2026-06-29 02:31:33,668  INFO  
  Case : BraTS20_Training_110
2026-06-29 02:31:33,668  INFO    PRED :
Lesion area: the left parietal and occipital lobes with a mixture of heterogeneous high and low signals
Edema: the left frontal and parietal lobes with a high degree of edema
Necrosis: the left frontal and parietal lobes with a mix of heterogeneous high and low signals
Ventricular compression: the left lateral ventricle is compressed and deformed
2026-06-29 02:31:33,668  INFO    REF  :
Lesion area: the left frontal and occipital lobes with mixed heterogeneous signals and patchy high-signal regions
Edema: significant, primarily observed in the left parietal and frontal lobes, exhibiting considerable swelling and an extensive
edema range
Necrosis: not observed
Ventricular compression: relatively apparent, indicating that the lesion exerts a compressive effect on the ventricles
2026-06-29 02:31:33,668  INFO  ============================================================
2026-06-29 02:31:33,668  INFO    No improvement (8/12)
2026-06-29 02:33:54,018  INFO  [scifive-large-aug] E 43  train=1.2921 (ppl 3.64)  val=1.2942 (ppl 3.65)  gn=1.943
2026-06-29 02:34:06,096  INFO    Content score (lesion): lobe_jacc=0.566  hemi=0.958  -> 0.762
2026-06-29 02:34:06,100  INFO  
============================================================  PREVIEW
2026-06-29 02:34:07,910  INFO  
  Case : BraTS20_Training_238
2026-06-29 02:34:07,910  INFO    PRED :
Lesion area: the left frontal and parietal lobes with a mixture of heterogeneous high and low signals along with patchy high signal areas
Edema: the left frontal and parietal lobes with a high degree of edema, covering a large area
Necrosis: the left frontal and parietal lobes with a mix of heterogeneous high and low signals
Ventricular compression: the left lateral ventricle is compressed and deformed
2026-06-29 02:34:07,910  INFO    REF  :
Lesion area: the left frontal lobe with a mixture of heterogeneous high and low signals
Edema: a significant high-signal area in the left brain, primarily concentrated in the left frontal and parietal lobes, with tissue swelling and considerable extent
Necrosis: a potential area within the lesion region, with the left parietal lobe showing mixed moderate to low signal areas and irregular low-signal areas in the left frontal lobe, suggesting dispersed necrotic tissue presence
Ventricular compression: observed in the left ventricle, with irregular shape and significant deformation, indicating a substantial compressive impact
2026-06-29 02:34:09,780  INFO  
  Case : BraTS20_Training_301
2026-06-29 02:34:09,780  INFO    PRED :
Lesion area: the left frontal and parietal lobes with a mixture of heterogeneous high and low signals
Edema: the left parietal and occipital lobes with high signals, indicating significant swelling of the tissue surrounding the lesions
Necrosis: observed as low-signal areas in the left parietal and occipital lobes, with mixed high and low signals
Ventricular compression: the left lateral ventricle is compressed and deformed
2026-06-29 02:34:09,780  INFO    REF  :
Lesion area: the left frontal, parietal, and temporal lobes with a mix of irregular high and low signals along with spotty high signal areas
Edema: significant, primarily located in the left parietal and frontal lobes, indicating considerable swelling of the surrounding tissues near the lesions
Necrosis: suggested by regions with abnormal signal intensity, exhibiting a mix of high and low signals, focusing on the left parietal and frontal lobes
Ventricular compression: observed as the ventricles are deformed and compressed, particularly near the parietal lobe lesion area, showing a notable impact of the lesion on the ventricles
2026-06-29 02:34:09,780  INFO  ============================================================
2026-06-29 02:34:09,780  INFO    No improvement (9/12)
2026-06-29 02:36:30,122  INFO  [scifive-large-aug] E 44  train=1.2859 (ppl 3.62)  val=1.2902 (ppl 3.63)  gn=2.003
2026-06-29 02:36:41,960  INFO    Content score (lesion): lobe_jacc=0.639  hemi=0.958  -> 0.799
2026-06-29 02:36:41,965  INFO  
============================================================  PREVIEW
2026-06-29 02:36:43,809  INFO  
  Case : BraTS20_Training_259
2026-06-29 02:36:43,809  INFO    PRED :
Lesion area: the right frontal and parietal lobes with a mix of heterogeneous high and low signals along with patchy high signal areas
Edema: the right parietal and occipital lobes with a high degree of edema, covering a large area
Necrosis: the right parietal and occipital lobes with a mixture of high and low signals, accompanied by low signal areas
Ventricular compression: the right lateral ventricle is compressed and deformed
2026-06-29 02:36:43,809  INFO    REF  :
Lesion area: the right cerebral region, including the frontal lobe and part of the parietal lobe, with mixed high and low signals and patchy high signal areas
Edema: significant, observed in the right frontal lobe area and parts of the parietal lobe with relatively high intensity, extending over a considerable area
Necrosis: potential, identified in the high-intensity signal region of the right frontal lobe with highly uneven signal intensity, suggesting necrotic tissue more concentrated in the mid to posterior part of the right cerebrum
Ventricular compression: present, with the right ventricle compressed and deformed, indicating pressure exertion by the lesion
2026-06-29 02:36:45,628  INFO  
  Case : BraTS20_Training_346
2026-06-29 02:36:45,628  INFO    PRED :
Lesion area: the right frontal and parietal lobes with a mix of heterogeneous high and low signals along with patchy high signal areas
Edema: the right frontal and parietal lobes with a high degree of swelling, indicating significant swelling of the tissue surrounding the lesions
Necrosis: the right frontal and parietal lobes with a mix of heterogeneous high and low signals
Ventricular compression: the right lateral ventricle is compressed and deformed
2026-06-29 02:36:45,628  INFO    REF  :
Lesion area: the left parietal and temporal lobes with mixed high-signal areas with spotty high signals inside
Edema: particularly around the left parietal and temporal lobe regions, indicating increased swelling in these areas
Necrosis: within the lesion area as low-signal regions, presenting as mixed high and low signals internally, primarily concentrated in the central region of the lesion
Ventricular compression: observed, as the left ventricle is noticeably compressed and deformed, indicating significant compressive effects on the ventricles due to the lesions
2026-06-29 02:36:45,628  INFO  ============================================================
2026-06-29 02:36:45,794  INFO  HTTP Request: HEAD https://huggingface.co/razent/SciFive-large-Pubmed/resolve/main/config.json "HTTP/1.1 307 Temporary Redirect"
2026-06-29 02:36:45,832  INFO  HTTP Request: HEAD https://huggingface.co/api/resolve-cache/models/razent/SciFive-large-Pubmed/7dec1ea577acf357ee0f809fc0f7eeefb45aa42d/config.json "HTTP/1.1 200 OK"
2026-06-29 02:36:45,909  INFO  HTTP Request: HEAD https://huggingface.co/razent/SciFive-large-Pubmed/resolve/main/config.json "HTTP/1.1 307 Temporary Redirect"
2026-06-29 02:36:45,942  INFO  HTTP Request: HEAD https://huggingface.co/api/resolve-cache/models/razent/SciFive-large-Pubmed/7dec1ea577acf357ee0f809fc0f7eeefb45aa42d/config.json "HTTP/1.1 200 OK"
2026-06-29 02:36:46,059  INFO    ✓ New best (content=0.799) → checkpoints_multi_v4/scifive-large-aug
2026-06-29 02:39:06,605  INFO  [scifive-large-aug] E 45  train=1.2823 (ppl 3.60)  val=1.2881 (ppl 3.63)  gn=1.968
2026-06-29 02:39:18,712  INFO    Content score (lesion): lobe_jacc=0.372  hemi=0.875  -> 0.623
2026-06-29 02:39:28,843  INFO    Hemisphere quick-check (lesion field): 19/20 = 95.0%
2026-06-29 02:39:47,249  INFO    Within-report distinctness: collapse=0%  distinct_ratio=0.90  (0.25=full collapse, 1.0=all differ)
2026-06-29 02:39:57,316  INFO    Cross-patient[lesion]: 8/20 unique = 0.40  (1.0=all differ, low=TEMPLATE COLLAPSE)
2026-06-29 02:40:07,102  INFO    Cross-patient[necrosis]: 7/20 unique = 0.35  (1.0=all differ, low=TEMPLATE COLLAPSE)
2026-06-29 02:40:07,107  INFO  
============================================================  PREVIEW
2026-06-29 02:40:08,948  INFO  
  Case : BraTS20_Training_197
2026-06-29 02:40:08,948  INFO    PRED :
Lesion area: the right frontal and parietal lobes with a mixture of heterogeneous high and low signals along with patchy high signal areas
Edema: the right parietal and occipital lobes of the brain with high signals, indicating significant swelling of the tissue surrounding the lesions
Necrosis: the right parietal and occipital lobes with a mixture of low and high signals
Ventricular compression: the right lateral ventricle is compressed and deformed
2026-06-29 02:40:08,948  INFO    REF  :
Lesion area: the right frontal and parietal lobes with heterogeneous mixed high and low signals, and speckled high signal areas suggesting multiple lesions
Edema: marked, predominantly in the right frontal and parietal lobes, with noticeable tissue swelling and a distinct ring-shaped
edema area extending outward from the lesion
Necrosis: observed with very low signal intensity areas that distinctly differ from surrounding tissue, and low signal speckles mixed within high signal regions, mainly concentrated within the lesion but showing a slight dispersal trend
Ventricular compression: quite apparent, with the right lateral ventricle significantly reduced in size, and the left lateral ventricle slightly reduced due to right-side lesion compression, indicating a substantial impact on the
ventricular system
2026-06-29 02:40:10,840  INFO  
  Case : BraTS20_Training_026
2026-06-29 02:40:10,840  INFO    PRED :
Lesion area: the right frontal and parietal lobes with a mixture of heterogeneous high and low signals, with speckled high signal areas
Edema: the right parietal and occipital lobes of the brain with high signals, indicating significant swelling in the tissue surrounding the lesions
Necrosis: the right parietal and occipital lobes with a mixture of heterogeneous high and low signals
Ventricular compression: observed with the right lateral ventricle compressed and deformed
2026-06-29 02:40:10,840  INFO    REF  :
Lesion area: the right frontal and parietal lobes with a mixture of heterogeneous signal intensities and spotted high-signal areas
Edema: significant, particularly in the right parietal lobe, extensive and affects the surrounding brain tissue
Necrosis: in the right frontal lobe, low-signal areas interspersed with high-signal areas
Ventricular compression: significant, especially on the right side
2026-06-29 02:40:10,840  INFO  ============================================================
2026-06-29 02:40:10,840  INFO    No improvement (1/12)
2026-06-29 02:42:31,195  INFO  [scifive-large-aug] E 46  train=1.2733 (ppl 3.57)  val=1.2822 (ppl 3.60)  gn=1.942
2026-06-29 02:42:43,172  INFO    Content score (lesion): lobe_jacc=0.611  hemi=0.875  -> 0.743
2026-06-29 02:42:43,177  INFO  
============================================================  PREVIEW
2026-06-29 02:42:45,002  INFO  
  Case : BraTS20_Training_064
2026-06-29 02:42:45,002  INFO    PRED :
Lesion area: the right frontal and parietal lobes with a mixture of heterogeneous high and low signals along with speckled high signal areas
Edema: the right frontal and parietal lobes with a high degree of edema, indicating significant swelling in the tissue surrounding the lesions
Necrosis: the right frontal and parietal lobes with a mixture of low and high signals, accompanied by low signal areas
Ventricular compression: observed with the right lateral ventricle compressed and deformed
2026-06-29 02:42:45,002  INFO    REF  :
Lesion area: the right frontal and parietal lobes with mixed signals of varying intensity and patchy high-signal areas
Edema: located around the right frontal and parietal lobe regions with pronounced high-signal areas, indicating significant swelling in the tissues surrounding the lesions
Necrosis: mainly at the center of the lesions in the right frontal lobe region with lower signal intensity and higher heterogeneity
Ventricular compression: indicated by the right ventricle being narrowed, suggesting compression
2026-06-29 02:42:47,005  INFO  
  Case : BraTS20_Training_109
2026-06-29 02:42:47,005  INFO    PRED :
Lesion area: the left parietal and occipital lobes with a mixture of heterogeneous high and low signals along with speckled high signal areas
Edema: the left parietal and occipital lobes with high signals, indicating significant swelling of the tissue surrounding the lesions
Necrosis: the left parietal and occipital lobes with a mixture of heterogeneous high and low signals
Ventricular compression: the left lateral ventricle is compressed and deformed
2026-06-29 02:42:47,005  INFO    REF  :
Lesion area: the left frontal and parietal lobes with heterogeneous signal intensities, displaying both high and low signal areas, along with speckled high signal regions
Edema: evident around the lesions in the left frontal and parietal lobes, primarily observed around the high signal lesions, indicating the extent of tissue swelling and
edema
Necrosis: mainly concentrated in the left parietal region, characterized by low signal intensity, with some areas showing mixed signals and varying degrees of tissue
necrosis
Ventricular compression: observed with the right lateral ventricle slightly compressed, and the shape of the left lateral ventricle somewhat altered
2026-06-29 02:42:47,005  INFO  ============================================================
2026-06-29 02:42:47,005  INFO    No improvement (2/12)
2026-06-29 02:45:07,339  INFO  [scifive-large-aug] E 47  train=1.2670 (ppl 3.55)  val=1.2840 (ppl 3.61)  gn=2.012
2026-06-29 02:45:19,624  INFO    Content score (lesion): lobe_jacc=0.569  hemi=0.875  -> 0.722
2026-06-29 02:45:19,629  INFO  
============================================================  PREVIEW
2026-06-29 02:45:21,501  INFO  
  Case : BraTS20_Training_016
2026-06-29 02:45:21,501  INFO    PRED :
Lesion area: the right frontal and parietal lobes with a mixture of heterogeneous high and low signals along with spotty high signal areas
Edema: the right frontal and parietal lobes with a high degree of edema, indicating significant swelling in the tissue surrounding the lesions
Necrosis: the right frontal and parietal lobes with a mixture of heterogeneous high and low signals
Ventricular compression: the right lateral ventricle is compressed and deformed
2026-06-29 02:45:21,501  INFO    REF  :
Lesion area: the right frontal lobe, parietal lobe, and temporal lobe with heterogeneous, mixed high and low signals forming multiple spot-like high signal regions
Edema: clearly concentrated in the right frontal lobe, parietal lobe, and temporal lobe with a significant high signal indicating pronounced swelling, covering a large extent of these brain regions
Necrosis: characterized by an uneven mixture of high and low signals with significant possibility in the right frontal and parietal regions, predominantly as a central region of high signal surrounded by uneven low signal dispersions
Ventricular compression: noticeable, primarily concentrated on the right ventricle, with the right lateral ventricle visibly deformed due to pressure
2026-06-29 02:45:23,409  INFO  
  Case : BraTS20_Training_056
2026-06-29 02:45:23,409  INFO    PRED :
Lesion area: the right parietal and occipital lobes with a mixture of heterogeneous high and low signals along with speckled high signal areas
Edema: the right frontal and parietal lobes with a high degree of edema, indicating significant swelling in the tissue surrounding the lesions
Necrosis: the right frontal and parietal lobes with a mixture of heterogeneous high and low signals
Ventricular compression: the right lateral ventricle is compressed and deformed
2026-06-29 02:45:23,409  INFO    REF  :
Lesion area: the right parietal and temporal lobes with heterogeneous high and low signal areas accompanied by patchy high signal regions
Edema: extensive, covering the peripheral regions of the lesions, suggesting significant swelling of the surrounding tissue. The area of
edema extends inward from the right cortex, affecting the white matter, resulting in widespread
edema
Necrosis: in regions displaying lower signal intensity, primarily concentrated in the deep lesion areas of the right parietal lobe
Ventricular compression: evident, with compression and deformation of the right ventricle, leading to a reduction in its volume
2026-06-29 02:45:23,409  INFO  ============================================================
2026-06-29 02:45:23,409  INFO    No improvement (3/12)
2026-06-29 02:47:43,963  INFO  [scifive-large-aug] E 48  train=1.2542 (ppl 3.51)  val=1.2795 (ppl 3.59)  gn=2.172
2026-06-29 02:47:56,002  INFO    Content score (lesion): lobe_jacc=0.434  hemi=0.917  -> 0.675
2026-06-29 02:47:56,007  INFO  
============================================================  PREVIEW
2026-06-29 02:47:57,954  INFO  
  Case : BraTS20_Training_247
2026-06-29 02:47:57,954  INFO    PRED :
Lesion area: the right parietal and occipital lobes with a mixture of heterogeneous high and low signals along with speckled high signal areas
Edema: the right parietal and occipital lobes with a high degree of edema, covering a large area
Necrosis: the right frontal and parietal lobes with a mixture of heterogeneous high and low signals
Ventricular compression: the right lateral ventricle is compressed and deformed
2026-06-29 02:47:57,954  INFO    REF  :
Lesion area: the right hemisphere of the brain with a mix of heterogeneous high and low signals and patchy high-signal regions
Edema: significant high-signal, observed in parts of the right hemisphere surrounding the lesions, including sections of the frontal and temporal lobes
Necrosis: mixed signals with uneven intensity, displaying patchy or diffuse combinations of high and low signals, dispersed within the lesions
Ventricular compression: observable compression of the ventricles, particularly the right ventricle area, by the lesion area
2026-06-29 02:47:59,784  INFO  
  Case : BraTS20_Training_057
2026-06-29 02:47:59,784  INFO    PRED :
Lesion area: the left frontal and parietal lobes with a mixture of heterogeneous high and low signals, with speckled high signal areas
Edema: the left parietal and frontal lobes of the brain with high signals, indicating significant swelling in the tissue surrounding the lesions
Necrosis: the left frontal and parietal lobes with a mixture of heterogeneous high and low signals
Ventricular compression: the left lateral ventricle is compressed and deformed
2026-06-29 02:47:59,784  INFO    REF  :
Lesion area: the left frontal lobe with mixed signals of varying intensities and spot-like high signal areas
Edema: extensive, affecting parts of the parietal and temporal lobes, further illustrating the severity of the lesion
Necrosis: present, with possible signs of
necrosis in the left frontal lobe, showing uneven signal intensity with low signals mixed with high signal zones
Ventricular compression: present, with the left lateral ventricle showing some compression
2026-06-29 02:47:59,784  INFO  ============================================================
2026-06-29 02:47:59,784  INFO    No improvement (4/12)
2026-06-29 02:50:20,352  INFO  [scifive-large-aug] E 49  train=1.2557 (ppl 3.51)  val=1.2766 (ppl 3.58)  gn=2.049
2026-06-29 02:50:32,198  INFO    Content score (lesion): lobe_jacc=0.611  hemi=0.833  -> 0.722
2026-06-29 02:50:32,202  INFO  
============================================================  PREVIEW
2026-06-29 02:50:34,031  INFO  
  Case : BraTS20_Training_256
2026-06-29 02:50:34,031  INFO    PRED :
Lesion area: the right frontal and parietal lobes with a mixture of heterogeneous high and low signals along with patchy high signal areas
Edema: the right frontal and parietal lobes with high signals, indicating significant swelling of the tissue surrounding the lesions
Necrosis: the right frontal and parietal lobes with a mixture of heterogeneous high and low signals
Ventricular compression: observed with the right lateral ventricle compressed and deformed
2026-06-29 02:50:34,031  INFO    REF  :
Lesion area: the right frontal lobe and partially in the parietal lobe with a mix of heterogeneous high and low signals, including multiple spotted high signal areas, indicating the presence of multiple lesion foci
Edema: significant, surrounding the entire lesion region, particularly prominent in the right frontal lobe area, characterized by diffuse high signals and covering most of the right frontal lobe area
Necrosis: observed with low signal regions at the center of the lesion area, indicating potential
necrosis with low signal intensity and a high degree of heterogeneity, and the necrotic areas within the lesion foci are scattered and not centralized
Ventricular compression: observed, with the right lateral ventricle appearing compressed and deformed, suggesting that the lesion exerts a certain degree of pressure on the brain tissue and
ventricular system
2026-06-29 02:50:35,875  INFO  
  Case : BraTS20_Training_115
2026-06-29 02:50:35,875  INFO    PRED :
Lesion area: the right frontal and parietal lobes with a mixture of heterogeneous high and low signals along with patchy high signal areas
Edema: the right parietal and occipital lobes with a high degree of edema, covering a large area
Necrosis: the right parietal and occipital lobes with a mixture of low and high signals, indicating necrotic areas
Ventricular compression: the right lateral ventricle is compressed and deformed
2026-06-29 02:50:35,875  INFO    REF  :
Lesion area: the right frontal and parietal lobes with a mixture of heterogeneous high and low signals and speckled high-signal areas
Edema: extensive, visible around the lesions in the parietal and frontal lobes, primarily in the right frontal and parietal regions, extending to the adjacent ventricles
Necrosis: detected in the lesion area of the parietal lobe, presenting as heterogeneous low signals and mixed high signals
Ventricular compression: observed, indicated by pressure on the adjacent ventricles with slight morphological changes
2026-06-29 02:50:35,875  INFO  ============================================================
2026-06-29 02:50:35,875  INFO    No improvement (5/12)
2026-06-29 02:52:56,232  INFO  [scifive-large-aug] E 50  train=1.2554 (ppl 3.51)  val=1.2732 (ppl 3.57)  gn=2.224
2026-06-29 02:53:08,327  INFO    Content score (lesion): lobe_jacc=0.448  hemi=0.875  -> 0.661
2026-06-29 02:53:18,180  INFO    Hemisphere quick-check (lesion field): 19/20 = 95.0%
2026-06-29 02:53:36,644  INFO    Within-report distinctness: collapse=0%  distinct_ratio=1.00  (0.25=full collapse, 1.0=all differ)
2026-06-29 02:53:46,525  INFO    Cross-patient[lesion]: 6/20 unique = 0.30  (1.0=all differ, low=TEMPLATE COLLAPSE)
2026-06-29 02:53:56,233  INFO    Cross-patient[necrosis]: 8/20 unique = 0.40  (1.0=all differ, low=TEMPLATE COLLAPSE)
2026-06-29 02:53:56,237  INFO  
============================================================  PREVIEW
2026-06-29 02:53:58,091  INFO  
  Case : BraTS20_Training_301
2026-06-29 02:53:58,092  INFO    PRED :
Lesion area: the left frontal and parietal lobes with a mixture of heterogeneous high and low signals along with spotty high signal areas
Edema: the left parietal and occipital lobes of the brain with high signals, indicating significant swelling in the tissue surrounding the lesions
Necrosis: the left frontal and parietal lobes with a mixture of heterogeneous high and low signals
Ventricular compression: the left lateral ventricle is compressed and deformed
2026-06-29 02:53:58,092  INFO    REF  :
Lesion area: the left frontal, parietal, and temporal lobes with a mix of irregular high and low signals along with spotty high signal areas
Edema: significant, primarily located in the left parietal and frontal lobes, indicating considerable swelling of the surrounding tissues near the lesions
Necrosis: suggested by regions with abnormal signal intensity, exhibiting a mix of high and low signals, focusing on the left parietal and frontal lobes
Ventricular compression: observed as the ventricles are deformed and compressed, particularly near the parietal lobe lesion area, showing a notable impact of the lesion on the ventricles
2026-06-29 02:53:59,894  INFO  
  Case : BraTS20_Training_006
2026-06-29 02:53:59,894  INFO    PRED :
Lesion area: the left frontal and parietal lobes with a mixture of heterogeneous high and low signals along with patchy high signal areas
Edema: the left frontal and parietal lobes with high signals, indicating significant swelling in the tissue surrounding the lesions
Necrosis: the left parietal and occipital lobes with a mixture of low and high signals
Ventricular compression: the left lateral ventricle is compressed and deformed
2026-06-29 02:53:59,894  INFO    REF  :
Lesion area: the left frontal and parietal lobes with a mixed signal characterized by spotty high-signal areas on the Flair modality
Edema: significant with high signals, suggesting marked swelling in the left frontal and parietal lobes, indicating a fairly extensive range of
edema
Necrosis: observed with low signals in the central parts of the lesions, showing a high degree of heterogeneity, distributed mainly in the left frontal and parietal lobe lesions
Ventricular compression: observed with noticeable reduction and deformation of the left ventricle and relative enlargement of the right ventricle
2026-06-29 02:53:59,894  INFO  ============================================================
2026-06-29 02:53:59,894  INFO    No improvement (6/12)
2026-06-29 02:56:20,205  INFO  [scifive-large-aug] E 51  train=1.2458 (ppl 3.48)  val=1.2727 (ppl 3.57)  gn=2.212
2026-06-29 02:56:32,465  INFO    Content score (lesion): lobe_jacc=0.583  hemi=0.917  -> 0.750
2026-06-29 02:56:32,469  INFO  
============================================================  PREVIEW
2026-06-29 02:56:34,336  INFO  
  Case : BraTS20_Training_341
2026-06-29 02:56:34,336  INFO    PRED :
Lesion area: the left frontal and parietal lobes with a mixture of heterogeneous high and low signals along with spotty high signal areas
Edema: the left frontal and parietal lobes with high signals, indicating significant swelling of the tissue surrounding the lesions
Necrosis: the left frontal and parietal lobes with a mix of heterogeneous high and low signals
Ventricular compression: the left lateral ventricle is compressed and deformed
2026-06-29 02:56:34,336  INFO    REF  :
Lesion area: the left side of the brain with a mixed pattern of high and low signals
Edema: significant, concentrated in the left frontal and temporal lobes, with extension into parts of the parietal lobe
Necrosis: observed with noticeable low signal areas in the left frontal and temporal lobes, displaying uneven signal intensity
Ventricular compression: significantly compressed, especially the deformation of the left ventricle
2026-06-29 02:56:36,181  INFO  
  Case : BraTS20_Training_001
2026-06-29 02:56:36,181  INFO    PRED :
Lesion area: the right frontal and parietal lobes with a mixture of heterogeneous high and low signals along with speckled high signal areas
Edema: the right frontal and parietal lobes with high signal intensity, indicating significant swelling in the tissue surrounding the lesions
Necrosis: the right frontal and parietal lobes with a mixture of low and high signals, accompanied by low signal areas
Ventricular compression: observed with the right lateral ventricle compressed and deformed
2026-06-29 02:56:36,181  INFO    REF  :
Lesion area: the right frontal and parietal lobes with a mixed pattern of high and low signals with speckled high signal regions
Edema: mainly observed in the right parietal lobe, partially extending to the frontal lobe, presenting as high signal, indicating significant tissue swelling around the lesion
Necrosis: within the lesions of the right parietal and frontal lobes, appearing as mixed, with alternating high and low signal regions
Ventricular compression: seen in the lateral ventricles with significant compressive effects on the brain tissue and ventricles
2026-06-29 02:56:36,181  INFO  ============================================================
2026-06-29 02:56:36,181  INFO    No improvement (7/12)
2026-06-29 02:58:56,566  INFO  [scifive-large-aug] E 52  train=1.2383 (ppl 3.45)  val=1.2715 (ppl 3.57)  gn=2.064
2026-06-29 02:59:08,468  INFO    Content score (lesion): lobe_jacc=0.556  hemi=0.875  -> 0.715
2026-06-29 02:59:08,472  INFO  
============================================================  PREVIEW
2026-06-29 02:59:10,244  INFO  
  Case : BraTS20_Training_001
2026-06-29 02:59:10,244  INFO    PRED :
Lesion area: the right frontal and parietal lobes with a mixture of heterogeneous high and low signals along with speckled high signal areas
Edema: the right frontal and parietal lobes with high signals, indicating significant swelling in the tissue surrounding the lesions
Necrosis: the right frontal and parietal lobes with a mixture of low and high signals, accompanied by low signal areas
Ventricular compression: observed with the right lateral ventricle compressed and deformed
2026-06-29 02:59:10,244  INFO    REF  :
Lesion area: the right frontal and parietal lobes with a mixed pattern of high and low signals with speckled high signal regions
Edema: mainly observed in the right parietal lobe, partially extending to the frontal lobe, presenting as high signal, indicating significant tissue swelling around the lesion
Necrosis: within the lesions of the right parietal and frontal lobes, appearing as mixed, with alternating high and low signal regions
Ventricular compression: seen in the lateral ventricles with significant compressive effects on the brain tissue and ventricles
2026-06-29 02:59:12,114  INFO  
  Case : BraTS20_Training_153
2026-06-29 02:59:12,114  INFO    PRED :
Lesion area: the left parietal and occipital lobes with a mixture of heterogeneous high and low signals along with spotty high signal areas
Edema: the left frontal and parietal lobes with high signals, indicating significant swelling in the tissue surrounding the lesions
Necrosis: the left frontal and parietal lobes with a mix of heterogeneous high and low signals
Ventricular compression: observed with the left lateral ventricle compressed and deformed
2026-06-29 02:59:12,114  INFO    REF  :
Lesion area: the left frontal and parietal lobes with a mix of heterogeneous high and low signals and speckled high-signal areas
Edema: significant in the left frontal and parietal lobes, mainly concentrated around the lesion area, with a broad range of diffusion, suggesting considerable swelling of the surrounding tissues
Necrosis: suggested by high signal intensity within the lesion area, predominantly concentrated in the right frontal and parietal lobes, with a relatively localized distribution
Ventricular compression: exerting some degree of compression on the right lateral ventricle
2026-06-29 02:59:12,114  INFO  ============================================================
2026-06-29 02:59:12,114  INFO    No improvement (8/12)
2026-06-29 03:01:32,622  INFO  [scifive-large-aug] E 53  train=1.2365 (ppl 3.44)  val=1.2674 (ppl 3.55)  gn=2.128
2026-06-29 03:01:44,587  INFO    Content score (lesion): lobe_jacc=0.514  hemi=0.917  -> 0.715
2026-06-29 03:01:44,592  INFO  
============================================================  PREVIEW
2026-06-29 03:01:46,526  INFO  
  Case : BraTS20_Training_091
2026-06-29 03:01:46,526  INFO    PRED :
Lesion area: the left parietal and occipital lobes with a mixture of heterogeneous high and low signals along with speckled high signal areas
Edema: the left parietal and occipital lobes with high signal intensity, indicating significant swelling of the tissue surrounding the lesions
Necrosis: the left parietal and occipital lobes with a mixture of heterogeneous high and low signals
Ventricular compression: observed with the left lateral ventricle compressed and deformed
2026-06-29 03:01:46,526  INFO    REF  :
Lesion area: the left hemisphere, especially in the left frontal and temporal lobes, with a mixture of irregular high and low signals, as well as spotty high signal regions
Edema: a high-signal region observable, mainly seen in the left frontal and temporal lobes, indicating significant swelling and a large area of
edema
Necrosis: within the lesion area with mixed signals, particularly within the high-signal area of the left frontal lobe, suggesting possible necrotic regions with a concentrated distribution and uneven signal characteristics
Ventricular compression: in the left ventricle, which appears compressed and deformed with an irregular shape
2026-06-29 03:01:48,358  INFO  
  Case : BraTS20_Training_292
2026-06-29 03:01:48,358  INFO    PRED :
Lesion area: the right frontal and parietal lobes with a mixture of heterogeneous high and low signals along with speckled high signal areas
Edema: the right frontal and parietal lobes with high signals, indicating significant swelling in the tissue surrounding the lesions
Necrosis: the right frontal and parietal lobes with a mixture of low and high signals, accompanied by some low signal areas
Ventricular compression: the right lateral ventricle is compressed and deformed
2026-06-29 03:01:48,358  INFO    REF  :
Lesion area: the right cerebral region, particularly involving the frontal and temporal lobes, with a mix of heterogeneous high and low signals, along with some spotty high signal areas
Edema: significant with signals around the right frontal and temporal lobes, suggesting a high degree of tissue swelling in these areas, and covers the main lesion areas
Necrosis: present within the lesion areas of the right frontal and temporal lobes, with regions showing significantly reduced signal intensity, mixed with both low signals and localized high signals scattered throughout
Ventricular compression: not observed
2026-06-29 03:01:48,358  INFO  ============================================================
2026-06-29 03:01:48,358  INFO    No improvement (9/12)
2026-06-29 03:04:08,828  INFO  [scifive-large-aug] E 54  train=1.2326 (ppl 3.43)  val=1.2655 (ppl 3.54)  gn=2.461
2026-06-29 03:04:21,077  INFO    Content score (lesion): lobe_jacc=0.448  hemi=0.917  -> 0.682
2026-06-29 03:04:21,081  INFO  
============================================================  PREVIEW
2026-06-29 03:04:22,831  INFO  
  Case : BraTS20_Training_209
2026-06-29 03:04:22,831  INFO    PRED :
Lesion area: the right frontal and parietal lobes with a mixture of heterogeneous high and low signals along with speckled high signal areas
Edema: the right frontal and parietal lobes with significant edema, extending over a large area
Necrosis: the right frontal and parietal lobes with a mixture of low and high signals, accompanied by some low signal areas
Ventricular compression: the right lateral ventricle is compressed and deformed, suggesting that the lesions are exerting pressure on the ventricles
2026-06-29 03:04:22,831  INFO    REF  :
Lesion area: the right temporal and parietal lobes with a mix of heterogeneous high and low signals with speckled high signal areas
Edema: observed mainly in the right temporal lobe and part of the right parietal lobe, with the surrounding tissue of the right temporal lobe exhibiting significant swelling
Necrosis: concentrated in the right temporal lobe with low and scattered signal intensity
Ventricular compression: observed with compression and deformation of the right ventricle while the left ventricle appears normal
2026-06-29 03:04:24,378  INFO  
  Case : BraTS20_Training_204
2026-06-29 03:04:24,378  INFO    PRED :
Lesion area: the right frontal and parietal lobes with a mixture of heterogeneous high and low signals along with speckled high signal areas
Edema: the right frontal and parietal lobes with a large area of edema
Necrosis: the right frontal and parietal lobes with a mixture of low and high signals
Ventricular compression: the right lateral ventricle is compressed and deformed, suggesting that the lesions are exerting pressure on the ventricles
2026-06-29 03:04:24,378  INFO    REF  :
Lesion area: the right side of the brain, specifically in the frontal, temporal, and parietal lobes, with heterogeneous mixed high and low signals and patchy high signal areas
Edema: primarily seen in the right temporal and parietal lobes, with an extent that is extensive, suggesting marked swelling in the tissues surrounding the lesion
Necrosis: interspersed in small patches among the lesion areas in the right side of the brain, featuring uneven signal intensity
Ventricular compression: significant on the right ventricle, indicating a degree of pressure exerted by the lesions on the brain tissue and ventricles
2026-06-29 03:04:24,378  INFO  ============================================================
2026-06-29 03:04:24,378  INFO    No improvement (10/12)
2026-06-29 03:06:44,835  INFO  [scifive-large-aug] E 55  train=1.2282 (ppl 3.42)  val=1.2642 (ppl 3.54)  gn=2.076
2026-06-29 03:06:56,918  INFO    Content score (lesion): lobe_jacc=0.562  hemi=1.000  -> 0.781
2026-06-29 03:07:06,878  INFO    Hemisphere quick-check (lesion field): 18/20 = 90.0%
2026-06-29 03:07:25,187  INFO    Within-report distinctness: collapse=0%  distinct_ratio=1.00  (0.25=full collapse, 1.0=all differ)
2026-06-29 03:07:35,205  INFO    Cross-patient[lesion]: 5/20 unique = 0.25  (1.0=all differ, low=TEMPLATE COLLAPSE)
2026-06-29 03:07:44,883  INFO    Cross-patient[necrosis]: 15/20 unique = 0.75  (1.0=all differ, low=TEMPLATE COLLAPSE)
2026-06-29 03:07:44,888  INFO  
============================================================  PREVIEW
2026-06-29 03:07:46,732  INFO  
  Case : BraTS20_Training_004
2026-06-29 03:07:46,732  INFO    PRED :
Lesion area: the left frontal and parietal lobes with a mixture of heterogeneous high and low signals along with speckled high signal areas
Edema: the left parietal and occipital lobes with high signals, indicating significant swelling in the tissue surrounding the lesions
Necrosis: the left frontal and parietal lobes with a mixture of heterogeneous high and low signals
Ventricular compression: observed with the left lateral ventricle compressed and deformed
2026-06-29 03:07:46,732  INFO    REF  :
Lesion area: the left temporal lobe area with a mixed characteristic of uneven high and low signals
Edema: a clear high-signal
edema area observed surrounding the left temporal lobe region, indicating a certain degree of swelling in the tissues around the lesion
Necrosis: in the central region of the high-signal lesion, areas with very low signals are observed, suggesting possible
necrosis
Ventricular compression: not observed
2026-06-29 03:07:48,499  INFO  
  Case : BraTS20_Training_305
2026-06-29 03:07:48,499  INFO    PRED :
Lesion area: the right frontal and parietal lobes with a mixture of heterogeneous high and low signals along with speckled high signal areas
Edema: observed in the right frontal and parietal lobes, indicating significant swelling in the tissue surrounding the lesions
Necrosis: the right parietal and occipital lobes with a mixture of low and high signals, accompanied by scattered low signal areas
Ventricular compression: the right lateral ventricle is compressed and deformed
2026-06-29 03:07:48,499  INFO    REF  :
Lesion area: the right cerebral hemisphere, particularly the parietal and occipital lobes, with a mix of heterogeneous high and low signals, along with speckled high-signal areas
Edema: notable high-signal areas surrounding the lesions mainly concentrated in the right parietal and occipital lobes, with significant swelling of the surrounding tissues, covering a large area
Necrosis: some low-signal areas with uneven signal intensity, with some areas exhibiting extremely low signals, both concentrated and somewhat dispersed
Ventricular compression: the right ventricle subjected to varying degrees of compression, resulting in slight deformation
2026-06-29 03:07:48,499  INFO  ============================================================
2026-06-29 03:07:48,499  INFO    No improvement (11/12)
2026-06-29 03:10:08,995  INFO  [scifive-large-aug] E 56  train=1.2282 (ppl 3.42)  val=1.2632 (ppl 3.54)  gn=2.080
2026-06-29 03:10:20,940  INFO    Content score (lesion): lobe_jacc=0.701  hemi=0.833  -> 0.767
2026-06-29 03:10:20,945  INFO  
============================================================  PREVIEW
2026-06-29 03:10:22,819  INFO  
  Case : BraTS20_Training_233
2026-06-29 03:10:22,819  INFO    PRED :
Lesion area: the left frontal and parietal lobes with a mixture of heterogeneous high and low signals along with speckled high signal areas
Edema: the left parietal and occipital lobes with significant edema, indicating significant swelling of the tissues surrounding the lesions
Necrosis: the left parietal and occipital lobes with a mixture of high and low signals
Ventricular compression: the left lateral ventricle is compressed and deformed, suggesting that the lesion is exerting pressure on the ventricles
2026-06-29 03:10:22,819  INFO    REF  :
Lesion area: the left temporal and occipital lobes with a mixture of heterogeneous high and low signals, with spotted high signal characteristics
Edema: mainly concentrated near the left temporal lobe region and around the occipital lobe with homogeneous or heterogeneous high signals, indicating significant swelling of the surrounding tissues in these areas, with a considerable range of
edema
Necrosis: present within the left occipital and temporal lobes, showing low signal areas intermixed with some high signal zones in the overall imaging
Ventricular compression: not observed
2026-06-29 03:10:24,684  INFO  
  Case : BraTS20_Training_006
2026-06-29 03:10:24,684  INFO    PRED :
Lesion area: the left frontal and parietal lobes with a mixture of heterogeneous high and low signals along with speckled high signal areas
Edema: the left parietal and occipital lobes with high signal intensity, indicating significant swelling in the tissue surrounding the lesions
Necrosis: the left parietal and occipital lobes with a mixture of low and high signals
Ventricular compression: the left lateral ventricle is compressed and deformed
2026-06-29 03:10:24,684  INFO    REF  :
Lesion area: the left frontal and parietal lobes with a mixed signal characterized by spotty high-signal areas on the Flair modality
Edema: significant with high signals, suggesting marked swelling in the left frontal and parietal lobes, indicating a fairly extensive range of
edema
Necrosis: observed with low signals in the central parts of the lesions, showing a high degree of heterogeneity, distributed mainly in the left frontal and parietal lobe lesions
Ventricular compression: observed with noticeable reduction and deformation of the left ventricle and relative enlargement of the right ventricle
2026-06-29 03:10:24,684  INFO  ============================================================
2026-06-29 03:10:24,684  INFO    No improvement (12/12)
2026-06-29 03:10:24,684  INFO  Early stopping.
2026-06-29 03:10:24,684  INFO  [scifive-large-aug] done in 164.9 min. Best val=1.2902 at epoch 44 (content=0.799)
2026-06-29 03:10:24,878  INFO  
Comparison summary → logs/summary_v4_20260628_204015.json
2026-06-29 03:10:24,878  INFO  
======================================================================
2026-06-29 03:10:24,878  INFO  FINAL RANKING BY BEST VAL LOSS
2026-06-29 03:10:24,878  INFO  ======================================================================
2026-06-29 03:10:24,878  INFO    1. scifive-large-aug      [aug] val_loss=1.2902  content=0.799  epoch 44/56  (164.9 min)
2026-06-29 03:10:24,878  INFO    2. scifive-large                val_loss=1.3672  content=0.819  epoch 31/43  (126.6 min)
2026-06-29 03:10:24,878  INFO    3. clinicalt5-hoss              val_loss=1.4677  content=0.821  epoch 56/68  (30.3 min)
2026-06-29 03:10:24,878  INFO    4. scifive-base-aug       [aug] val_loss=1.7191  content=0.766  epoch 12/24  (28.5 min)
2026-06-29 03:10:24,878  INFO    5. scifive-base                 val_loss=1.7898  content=0.809  epoch 11/23  (26.8 min)
2026-06-29 03:10:24,878  INFO    6. clinicalt5-hoss-aug    [aug] val_loss=2.2111  content=0.757  epoch 14/26  (12.8 min)
