[2026-02-24 21:35:04] ================================================================================
[2026-02-24 21:35:04] Training Session Started - SegResNet
[2026-02-24 21:35:04] Timestamp: 20260224_213504
[2026-02-24 21:35:04] ================================================================================
[2026-02-24 21:35:04] ================================================================================
[2026-02-24 21:35:04] SegResNet Training - BraTS 2023
[2026-02-24 21:35:04] ================================================================================
[2026-02-24 21:35:04] Device: cuda
[2026-02-24 21:35:04] GPU: NVIDIA GeForce RTX 4070 Ti SUPER
[2026-02-24 21:35:04] GPU Memory: 16.71 GB
[2026-02-24 21:35:04] 
Configuration:
[2026-02-24 21:35:04] --------------------------------------------------------------------------------
[2026-02-24 21:35:04] --------------------------------------------------------------------------------
[2026-02-24 21:35:04] 
Loading data lists...
[2026-02-24 21:35:04]   Training samples: 1000
[2026-02-24 21:35:04]   Validation samples: 251
[2026-02-24 21:35:04] 
Creating datasets...
[2026-02-24 21:35:04]   ✓ Datasets created
[2026-02-24 21:35:04] 
Creating model...
[2026-02-24 21:35:04] 
Model Information:
[2026-02-24 21:35:04] --------------------------------------------------------------------------------
[2026-02-24 21:35:04]   Architecture: SegResNet
[2026-02-24 21:35:04]   Total Parameters: 4,702,227
[2026-02-24 21:35:04]   Trainable Parameters: 4,702,227
[2026-02-24 21:35:04]   Model Size: 17.94 MB (float32)
[2026-02-24 21:35:04] --------------------------------------------------------------------------------
[2026-02-24 21:35:04] 
✓ Training setup complete
[2026-02-24 21:35:04] 
Starting training...
[2026-02-24 21:35:04] 
================================================================================
[2026-02-24 21:35:04] Epoch 1/300
[2026-02-24 21:35:04] ================================================================================
[2026-02-24 21:40:22] 
Epoch 1 Summary:
[2026-02-24 21:40:22]   Training Loss: 0.730023
[2026-02-24 21:40:22]   Learning Rate: 1.000000e-04
[2026-02-24 21:40:22]   Epoch Time: 317.68s
[2026-02-24 21:40:22]   Total Time: 0.09h
[2026-02-24 21:40:22] 
================================================================================
[2026-02-24 21:40:22] Epoch 2/300
[2026-02-24 21:40:22] ================================================================================
[2026-02-24 21:45:31] 
Epoch 2 Summary:
[2026-02-24 21:45:31]   Training Loss: 0.515758
[2026-02-24 21:45:31]   Learning Rate: 9.999726e-05
[2026-02-24 21:45:31]   Epoch Time: 309.23s
[2026-02-24 21:45:31]   Total Time: 0.17h
[2026-02-24 21:45:31] 
================================================================================
[2026-02-24 21:45:31] Epoch 3/300
[2026-02-24 21:45:31] ================================================================================
[2026-02-24 21:50:41] 
Epoch 3 Summary:
[2026-02-24 21:50:41]   Training Loss: 0.382877
[2026-02-24 21:50:41]   Learning Rate: 9.998903e-05
[2026-02-24 21:50:41]   Epoch Time: 309.98s
[2026-02-24 21:50:41]   Total Time: 0.26h
[2026-02-24 21:50:41] 
================================================================================
[2026-02-24 21:50:41] Epoch 4/300
[2026-02-24 21:50:41] ================================================================================
[2026-02-24 21:55:45] 
Epoch 4 Summary:
[2026-02-24 21:55:45]   Training Loss: 0.318264
[2026-02-24 21:55:45]   Learning Rate: 9.997533e-05
[2026-02-24 21:55:45]   Epoch Time: 303.31s
[2026-02-24 21:55:45]   Total Time: 0.34h
[2026-02-24 21:55:45] 
================================================================================
[2026-02-24 21:55:45] Epoch 5/300
[2026-02-24 21:55:45] ================================================================================
[2026-02-24 22:00:44] 
Epoch 5 Summary:
[2026-02-24 22:00:44]   Training Loss: 0.286880
[2026-02-24 22:00:44]   Learning Rate: 9.995614e-05
[2026-02-24 22:00:44]   Epoch Time: 299.11s
[2026-02-24 22:00:44]   Total Time: 0.43h
[2026-02-24 22:00:44] 
================================================================================
[2026-02-24 22:00:44] Epoch 6/300
[2026-02-24 22:00:44] ================================================================================
[2026-02-24 22:05:43] 
Epoch 6 Summary:
[2026-02-24 22:05:43]   Training Loss: 0.275869
[2026-02-24 22:05:43]   Learning Rate: 9.993148e-05
[2026-02-24 22:05:43]   Epoch Time: 298.70s
[2026-02-24 22:05:43]   Total Time: 0.51h
[2026-02-24 22:05:43] 
================================================================================
[2026-02-24 22:05:43] Epoch 7/300
[2026-02-24 22:05:43] ================================================================================
[2026-02-24 22:10:47] 
Epoch 7 Summary:
[2026-02-24 22:10:47]   Training Loss: 0.255185
[2026-02-24 22:10:47]   Learning Rate: 9.990134e-05
[2026-02-24 22:10:47]   Epoch Time: 304.17s
[2026-02-24 22:10:47]   Total Time: 0.60h
[2026-02-24 22:10:47] 
================================================================================
[2026-02-24 22:10:47] Epoch 8/300
[2026-02-24 22:10:47] ================================================================================
[2026-02-24 22:15:56] 
Epoch 8 Summary:
[2026-02-24 22:15:56]   Training Loss: 0.269079
[2026-02-24 22:15:56]   Learning Rate: 9.986572e-05
[2026-02-24 22:15:56]   Epoch Time: 309.50s
[2026-02-24 22:15:56]   Total Time: 0.68h
[2026-02-24 22:15:56] 
================================================================================
[2026-02-24 22:15:56] Epoch 9/300
[2026-02-24 22:15:56] ================================================================================
[2026-02-24 22:21:06] 
Epoch 9 Summary:
[2026-02-24 22:21:06]   Training Loss: 0.245758
[2026-02-24 22:21:06]   Learning Rate: 9.982464e-05
[2026-02-24 22:21:06]   Epoch Time: 309.54s
[2026-02-24 22:21:06]   Total Time: 0.77h
[2026-02-24 22:21:06] 
================================================================================
[2026-02-24 22:21:06] Epoch 10/300
[2026-02-24 22:21:06] ================================================================================
[2026-02-24 22:26:11] 
Epoch 10 Summary:
[2026-02-24 22:26:11]   Training Loss: 0.240780
[2026-02-24 22:26:11]   Learning Rate: 9.977810e-05
[2026-02-24 22:26:11]   Epoch Time: 305.09s
[2026-02-24 22:26:11]   Total Time: 0.85h
[2026-02-24 22:28:53] 
────────────────────────────────────────────────────────────────────────────────
[2026-02-24 22:28:53] Validation Results:
[2026-02-24 22:28:53]   ET (Enhancing Tumor): 0.8129
[2026-02-24 22:28:53]   TC (Tumor Core):      0.8364
[2026-02-24 22:28:53]   WT (Whole Tumor):     0.8694
[2026-02-24 22:28:53]   Average Dice:         0.8396
[2026-02-24 22:28:53]   ✓ New best model! (↑ 0.8396)
[2026-02-24 22:28:53] ────────────────────────────────────────────────────────────────────────────────
[2026-02-24 22:28:53]   ✓ Saved best checkpoint (Epoch 10)
[2026-02-24 22:28:53] 
================================================================================
[2026-02-24 22:28:53] Epoch 11/300
[2026-02-24 22:28:53] ================================================================================
[2026-02-24 22:33:51] 
Epoch 11 Summary:
[2026-02-24 22:33:51]   Training Loss: 0.244272
[2026-02-24 22:33:51]   Learning Rate: 9.972609e-05
[2026-02-24 22:33:51]   Epoch Time: 298.00s
[2026-02-24 22:33:51]   Total Time: 0.98h
[2026-02-24 22:33:51] 
================================================================================
[2026-02-24 22:33:51] Epoch 12/300
[2026-02-24 22:33:51] ================================================================================
[2026-02-24 22:38:50] 
Epoch 12 Summary:
[2026-02-24 22:38:50]   Training Loss: 0.253076
[2026-02-24 22:38:50]   Learning Rate: 9.966864e-05
[2026-02-24 22:38:50]   Epoch Time: 299.07s
[2026-02-24 22:38:50]   Total Time: 1.06h
[2026-02-24 22:38:50] 
================================================================================
[2026-02-24 22:38:50] Epoch 13/300
[2026-02-24 22:38:50] ================================================================================
[2026-02-24 22:43:50] 
Epoch 13 Summary:
[2026-02-24 22:43:50]   Training Loss: 0.236468
[2026-02-24 22:43:50]   Learning Rate: 9.960574e-05
[2026-02-24 22:43:50]   Epoch Time: 299.71s
[2026-02-24 22:43:50]   Total Time: 1.15h
[2026-02-24 22:43:50] 
================================================================================
[2026-02-24 22:43:50] Epoch 14/300
[2026-02-24 22:43:50] ================================================================================
[2026-02-24 22:48:59] 
Epoch 14 Summary:
[2026-02-24 22:48:59]   Training Loss: 0.224407
[2026-02-24 22:48:59]   Learning Rate: 9.953739e-05
[2026-02-24 22:48:59]   Epoch Time: 308.93s
[2026-02-24 22:48:59]   Total Time: 1.23h
[2026-02-24 22:48:59] 
================================================================================
[2026-02-24 22:48:59] Epoch 15/300
[2026-02-24 22:48:59] ================================================================================
[2026-02-24 22:54:08] 
Epoch 15 Summary:
[2026-02-24 22:54:08]   Training Loss: 0.232153
[2026-02-24 22:54:08]   Learning Rate: 9.946362e-05
[2026-02-24 22:54:08]   Epoch Time: 308.55s
[2026-02-24 22:54:08]   Total Time: 1.32h
[2026-02-24 22:54:08] 
================================================================================
[2026-02-24 22:54:08] Epoch 16/300
[2026-02-24 22:54:08] ================================================================================
[2026-02-24 22:59:17] 
Epoch 16 Summary:
[2026-02-24 22:59:17]   Training Loss: 0.234778
[2026-02-24 22:59:17]   Learning Rate: 9.938442e-05
[2026-02-24 22:59:17]   Epoch Time: 309.32s
[2026-02-24 22:59:17]   Total Time: 1.40h
[2026-02-24 22:59:17] 
================================================================================
[2026-02-24 22:59:17] Epoch 17/300
[2026-02-24 22:59:17] ================================================================================
[2026-02-24 23:04:15] 
Epoch 17 Summary:
[2026-02-24 23:04:15]   Training Loss: 0.220086
[2026-02-24 23:04:15]   Learning Rate: 9.929980e-05
[2026-02-24 23:04:15]   Epoch Time: 298.23s
[2026-02-24 23:04:15]   Total Time: 1.49h
[2026-02-24 23:04:15] 
================================================================================
[2026-02-24 23:04:15] Epoch 18/300
[2026-02-24 23:04:15] ================================================================================
[2026-02-24 23:09:13] 
Epoch 18 Summary:
[2026-02-24 23:09:13]   Training Loss: 0.228474
[2026-02-24 23:09:13]   Learning Rate: 9.920978e-05
[2026-02-24 23:09:13]   Epoch Time: 297.95s
[2026-02-24 23:09:13]   Total Time: 1.57h
[2026-02-24 23:09:13] 
================================================================================
[2026-02-24 23:09:13] Epoch 19/300
[2026-02-24 23:09:13] ================================================================================
[2026-02-24 23:14:11] 
Epoch 19 Summary:
[2026-02-24 23:14:11]   Training Loss: 0.222761
[2026-02-24 23:14:11]   Learning Rate: 9.911436e-05
[2026-02-24 23:14:11]   Epoch Time: 297.89s
[2026-02-24 23:14:11]   Total Time: 1.65h
[2026-02-24 23:14:11] 
================================================================================
[2026-02-24 23:14:11] Epoch 20/300
[2026-02-24 23:14:11] ================================================================================
[2026-02-24 23:19:20] 
Epoch 20 Summary:
[2026-02-24 23:19:20]   Training Loss: 0.227561
[2026-02-24 23:19:20]   Learning Rate: 9.901356e-05
[2026-02-24 23:19:20]   Epoch Time: 308.34s
[2026-02-24 23:19:20]   Total Time: 1.74h
[2026-02-24 23:22:01] 
────────────────────────────────────────────────────────────────────────────────
[2026-02-24 23:22:01] Validation Results:
[2026-02-24 23:22:01]   ET (Enhancing Tumor): 0.8458
[2026-02-24 23:22:01]   TC (Tumor Core):      0.8716
[2026-02-24 23:22:01]   WT (Whole Tumor):     0.8970
[2026-02-24 23:22:01]   Average Dice:         0.8715
[2026-02-24 23:22:01]   ✓ New best model! (↑ 0.0319)
[2026-02-24 23:22:01] ────────────────────────────────────────────────────────────────────────────────
[2026-02-24 23:22:02]   ✓ Saved best checkpoint (Epoch 20)
[2026-02-24 23:22:02] 
================================================================================
[2026-02-24 23:22:02] Epoch 21/300
[2026-02-24 23:22:02] ================================================================================
[2026-02-24 23:27:12] 
Epoch 21 Summary:
[2026-02-24 23:27:12]   Training Loss: 0.231321
[2026-02-24 23:27:12]   Learning Rate: 9.890738e-05
[2026-02-24 23:27:12]   Epoch Time: 310.08s
[2026-02-24 23:27:12]   Total Time: 1.87h
[2026-02-24 23:27:12] 
================================================================================
[2026-02-24 23:27:12] Epoch 22/300
[2026-02-24 23:27:12] ================================================================================
[2026-02-24 23:32:21] 
Epoch 22 Summary:
[2026-02-24 23:32:21]   Training Loss: 0.226100
[2026-02-24 23:32:21]   Learning Rate: 9.879584e-05
[2026-02-24 23:32:21]   Epoch Time: 309.57s
[2026-02-24 23:32:21]   Total Time: 1.95h
[2026-02-24 23:32:21] 
================================================================================
[2026-02-24 23:32:21] Epoch 23/300
[2026-02-24 23:32:21] ================================================================================
[2026-02-24 23:37:23] 
Epoch 23 Summary:
[2026-02-24 23:37:23]   Training Loss: 0.206906
[2026-02-24 23:37:23]   Learning Rate: 9.867895e-05
[2026-02-24 23:37:23]   Epoch Time: 301.41s
[2026-02-24 23:37:23]   Total Time: 2.04h
[2026-02-24 23:37:23] 
================================================================================
[2026-02-24 23:37:23] Epoch 24/300
[2026-02-24 23:37:23] ================================================================================
[2026-02-24 23:42:21] 
Epoch 24 Summary:
[2026-02-24 23:42:21]   Training Loss: 0.217255
[2026-02-24 23:42:21]   Learning Rate: 9.855671e-05
[2026-02-24 23:42:21]   Epoch Time: 298.24s
[2026-02-24 23:42:21]   Total Time: 2.12h
[2026-02-24 23:42:21] 
================================================================================
[2026-02-24 23:42:21] Epoch 25/300
[2026-02-24 23:42:21] ================================================================================
[2026-02-24 23:47:20] 
Epoch 25 Summary:
[2026-02-24 23:47:20]   Training Loss: 0.222411
[2026-02-24 23:47:20]   Learning Rate: 9.842916e-05
[2026-02-24 23:47:20]   Epoch Time: 298.76s
[2026-02-24 23:47:20]   Total Time: 2.20h
[2026-02-24 23:47:20] 
================================================================================
[2026-02-24 23:47:20] Epoch 26/300
[2026-02-24 23:47:20] ================================================================================
[2026-02-24 23:52:25] 
Epoch 26 Summary:
[2026-02-24 23:52:25]   Training Loss: 0.224606
[2026-02-24 23:52:25]   Learning Rate: 9.829629e-05
[2026-02-24 23:52:25]   Epoch Time: 304.67s
[2026-02-24 23:52:25]   Total Time: 2.29h
[2026-02-24 23:52:25] 
================================================================================
[2026-02-24 23:52:25] Epoch 27/300
[2026-02-24 23:52:25] ================================================================================
[2026-02-24 23:57:33] 
Epoch 27 Summary:
[2026-02-24 23:57:33]   Training Loss: 0.219555
[2026-02-24 23:57:33]   Learning Rate: 9.815813e-05
[2026-02-24 23:57:33]   Epoch Time: 308.42s
[2026-02-24 23:57:33]   Total Time: 2.37h
[2026-02-24 23:57:33] 
================================================================================
[2026-02-24 23:57:33] Epoch 28/300
[2026-02-24 23:57:33] ================================================================================
[2026-02-25 00:02:42] 
Epoch 28 Summary:
[2026-02-25 00:02:42]   Training Loss: 0.209117
[2026-02-25 00:02:42]   Learning Rate: 9.801468e-05
[2026-02-25 00:02:42]   Epoch Time: 309.16s
[2026-02-25 00:02:42]   Total Time: 2.46h
[2026-02-25 00:02:42] 
================================================================================
[2026-02-25 00:02:42] Epoch 29/300
[2026-02-25 00:02:42] ================================================================================
[2026-02-25 00:07:45] 
Epoch 29 Summary:
[2026-02-25 00:07:45]   Training Loss: 0.206526
[2026-02-25 00:07:45]   Learning Rate: 9.786597e-05
[2026-02-25 00:07:45]   Epoch Time: 302.81s
[2026-02-25 00:07:45]   Total Time: 2.54h
[2026-02-25 00:07:45] 
================================================================================
[2026-02-25 00:07:45] Epoch 30/300
[2026-02-25 00:07:45] ================================================================================
[2026-02-25 00:12:43] 
Epoch 30 Summary:
[2026-02-25 00:12:43]   Training Loss: 0.220660
[2026-02-25 00:12:43]   Learning Rate: 9.771202e-05
[2026-02-25 00:12:43]   Epoch Time: 298.24s
[2026-02-25 00:12:43]   Total Time: 2.63h
[2026-02-25 00:15:25] 
────────────────────────────────────────────────────────────────────────────────
[2026-02-25 00:15:25] Validation Results:
[2026-02-25 00:15:25]   ET (Enhancing Tumor): 0.8505
[2026-02-25 00:15:25]   TC (Tumor Core):      0.8745
[2026-02-25 00:15:25]   WT (Whole Tumor):     0.9008
[2026-02-25 00:15:25]   Average Dice:         0.8753
[2026-02-25 00:15:25]   ✓ New best model! (↑ 0.0038)
[2026-02-25 00:15:25] ────────────────────────────────────────────────────────────────────────────────
[2026-02-25 00:15:25]   ✓ Saved best checkpoint (Epoch 30)
[2026-02-25 00:15:25] 
================================================================================
[2026-02-25 00:15:25] Epoch 31/300
[2026-02-25 00:15:25] ================================================================================
[2026-02-25 00:20:23] 
Epoch 31 Summary:
[2026-02-25 00:20:23]   Training Loss: 0.214905
[2026-02-25 00:20:23]   Learning Rate: 9.755283e-05
[2026-02-25 00:20:23]   Epoch Time: 297.69s
[2026-02-25 00:20:23]   Total Time: 2.76h
[2026-02-25 00:20:23] 
================================================================================
[2026-02-25 00:20:23] Epoch 32/300
[2026-02-25 00:20:23] ================================================================================
[2026-02-25 00:25:24] 
Epoch 32 Summary:
[2026-02-25 00:25:24]   Training Loss: 0.204171
[2026-02-25 00:25:24]   Learning Rate: 9.738842e-05
[2026-02-25 00:25:24]   Epoch Time: 301.08s
[2026-02-25 00:25:24]   Total Time: 2.84h
[2026-02-25 00:25:24] 
================================================================================
[2026-02-25 00:25:24] Epoch 33/300
[2026-02-25 00:25:24] ================================================================================
[2026-02-25 00:30:32] 
Epoch 33 Summary:
[2026-02-25 00:30:32]   Training Loss: 0.194709
[2026-02-25 00:30:32]   Learning Rate: 9.721882e-05
[2026-02-25 00:30:32]   Epoch Time: 307.88s
[2026-02-25 00:30:32]   Total Time: 2.92h
[2026-02-25 00:30:32] 
================================================================================
[2026-02-25 00:30:32] Epoch 34/300
[2026-02-25 00:30:32] ================================================================================
[2026-02-25 00:35:41] 
Epoch 34 Summary:
[2026-02-25 00:35:41]   Training Loss: 0.210404
[2026-02-25 00:35:41]   Learning Rate: 9.704404e-05
[2026-02-25 00:35:41]   Epoch Time: 309.22s
[2026-02-25 00:35:41]   Total Time: 3.01h
[2026-02-25 00:35:41] 
================================================================================
[2026-02-25 00:35:41] Epoch 35/300
[2026-02-25 00:35:41] ================================================================================
[2026-02-25 00:40:48] 
Epoch 35 Summary:
[2026-02-25 00:40:48]   Training Loss: 0.200572
[2026-02-25 00:40:48]   Learning Rate: 9.686410e-05
[2026-02-25 00:40:48]   Epoch Time: 306.75s
[2026-02-25 00:40:48]   Total Time: 3.10h
[2026-02-25 00:40:48] 
================================================================================
[2026-02-25 00:40:48] Epoch 36/300
[2026-02-25 00:40:48] ================================================================================
[2026-02-25 00:45:46] 
Epoch 36 Summary:
[2026-02-25 00:45:46]   Training Loss: 0.211118
[2026-02-25 00:45:46]   Learning Rate: 9.667902e-05
[2026-02-25 00:45:46]   Epoch Time: 298.15s
[2026-02-25 00:45:46]   Total Time: 3.18h
[2026-02-25 00:45:46] 
================================================================================
[2026-02-25 00:45:46] Epoch 37/300
[2026-02-25 00:45:46] ================================================================================
[2026-02-25 00:50:44] 
Epoch 37 Summary:
[2026-02-25 00:50:44]   Training Loss: 0.199148
[2026-02-25 00:50:44]   Learning Rate: 9.648882e-05
[2026-02-25 00:50:44]   Epoch Time: 297.44s
[2026-02-25 00:50:44]   Total Time: 3.26h
[2026-02-25 00:50:44] 
================================================================================
[2026-02-25 00:50:44] Epoch 38/300
[2026-02-25 00:50:44] ================================================================================
[2026-02-25 00:55:41] 
Epoch 38 Summary:
[2026-02-25 00:55:41]   Training Loss: 0.205811
[2026-02-25 00:55:41]   Learning Rate: 9.629353e-05
[2026-02-25 00:55:41]   Epoch Time: 297.54s
[2026-02-25 00:55:41]   Total Time: 3.34h
[2026-02-25 00:55:41] 
================================================================================
[2026-02-25 00:55:41] Epoch 39/300
[2026-02-25 00:55:41] ================================================================================
[2026-02-25 01:00:51] 
Epoch 39 Summary:
[2026-02-25 01:00:51]   Training Loss: 0.213228
[2026-02-25 01:00:51]   Learning Rate: 9.609316e-05
[2026-02-25 01:00:51]   Epoch Time: 309.92s
[2026-02-25 01:00:51]   Total Time: 3.43h
[2026-02-25 01:00:51] 
================================================================================
[2026-02-25 01:00:51] Epoch 40/300
[2026-02-25 01:00:51] ================================================================================
[2026-02-25 01:05:59] 
Epoch 40 Summary:
[2026-02-25 01:05:59]   Training Loss: 0.194729
[2026-02-25 01:05:59]   Learning Rate: 9.588773e-05
[2026-02-25 01:05:59]   Epoch Time: 308.15s
[2026-02-25 01:05:59]   Total Time: 3.52h
[2026-02-25 01:08:41] 
────────────────────────────────────────────────────────────────────────────────
[2026-02-25 01:08:41] Validation Results:
[2026-02-25 01:08:41]   ET (Enhancing Tumor): 0.8588
[2026-02-25 01:08:41]   TC (Tumor Core):      0.8850
[2026-02-25 01:08:41]   WT (Whole Tumor):     0.9099
[2026-02-25 01:08:41]   Average Dice:         0.8846
[2026-02-25 01:08:41]   ✓ New best model! (↑ 0.0093)
[2026-02-25 01:08:41] ────────────────────────────────────────────────────────────────────────────────
[2026-02-25 01:08:41]   ✓ Saved best checkpoint (Epoch 40)
[2026-02-25 01:08:41] 
================================================================================
[2026-02-25 01:08:41] Epoch 41/300
[2026-02-25 01:08:41] ================================================================================
[2026-02-25 01:13:51] 
Epoch 41 Summary:
[2026-02-25 01:13:51]   Training Loss: 0.211718
[2026-02-25 01:13:51]   Learning Rate: 9.567727e-05
[2026-02-25 01:13:51]   Epoch Time: 309.43s
[2026-02-25 01:13:51]   Total Time: 3.65h
[2026-02-25 01:13:51] 
================================================================================
[2026-02-25 01:13:51] Epoch 42/300
[2026-02-25 01:13:51] ================================================================================
[2026-02-25 01:18:51] 
Epoch 42 Summary:
[2026-02-25 01:18:51]   Training Loss: 0.212158
[2026-02-25 01:18:51]   Learning Rate: 9.546181e-05
[2026-02-25 01:18:51]   Epoch Time: 300.17s
[2026-02-25 01:18:51]   Total Time: 3.73h
[2026-02-25 01:18:51] 
================================================================================
[2026-02-25 01:18:51] Epoch 43/300
[2026-02-25 01:18:51] ================================================================================
[2026-02-25 01:23:51] 
Epoch 43 Summary:
[2026-02-25 01:23:51]   Training Loss: 0.213129
[2026-02-25 01:23:51]   Learning Rate: 9.524135e-05
[2026-02-25 01:23:51]   Epoch Time: 299.62s
[2026-02-25 01:23:51]   Total Time: 3.81h
[2026-02-25 01:23:51] 
================================================================================
[2026-02-25 01:23:51] Epoch 44/300
[2026-02-25 01:23:51] ================================================================================
[2026-02-25 01:28:50] 
Epoch 44 Summary:
[2026-02-25 01:28:50]   Training Loss: 0.211333
[2026-02-25 01:28:50]   Learning Rate: 9.501594e-05
[2026-02-25 01:28:50]   Epoch Time: 299.79s
[2026-02-25 01:28:50]   Total Time: 3.90h
[2026-02-25 01:28:50] 
================================================================================
[2026-02-25 01:28:50] Epoch 45/300
[2026-02-25 01:28:50] ================================================================================
[2026-02-25 01:33:55] 
Epoch 45 Summary:
[2026-02-25 01:33:55]   Training Loss: 0.201891
[2026-02-25 01:33:55]   Learning Rate: 9.478559e-05
[2026-02-25 01:33:55]   Epoch Time: 304.99s
[2026-02-25 01:33:55]   Total Time: 3.98h
[2026-02-25 01:33:55] 
================================================================================
[2026-02-25 01:33:55] Epoch 46/300
[2026-02-25 01:33:55] ================================================================================
[2026-02-25 01:39:03] 
Epoch 46 Summary:
[2026-02-25 01:39:03]   Training Loss: 0.205332
[2026-02-25 01:39:03]   Learning Rate: 9.455033e-05
[2026-02-25 01:39:03]   Epoch Time: 307.88s
[2026-02-25 01:39:03]   Total Time: 4.07h
[2026-02-25 01:39:03] 
================================================================================
[2026-02-25 01:39:03] Epoch 47/300
[2026-02-25 01:39:03] ================================================================================
[2026-02-25 01:44:13] 
Epoch 47 Summary:
[2026-02-25 01:44:13]   Training Loss: 0.221403
[2026-02-25 01:44:13]   Learning Rate: 9.431018e-05
[2026-02-25 01:44:13]   Epoch Time: 309.12s
[2026-02-25 01:44:13]   Total Time: 4.15h
[2026-02-25 01:44:13] 
================================================================================
[2026-02-25 01:44:13] Epoch 48/300
[2026-02-25 01:44:13] ================================================================================
[2026-02-25 01:49:15] 
Epoch 48 Summary:
[2026-02-25 01:49:15]   Training Loss: 0.207393
[2026-02-25 01:49:15]   Learning Rate: 9.406517e-05
[2026-02-25 01:49:15]   Epoch Time: 302.42s
[2026-02-25 01:49:15]   Total Time: 4.24h
[2026-02-25 01:49:15] 
================================================================================
[2026-02-25 01:49:15] Epoch 49/300
[2026-02-25 01:49:15] ================================================================================
[2026-02-25 01:54:14] 
Epoch 49 Summary:
[2026-02-25 01:54:14]   Training Loss: 0.193775
[2026-02-25 01:54:14]   Learning Rate: 9.381533e-05
[2026-02-25 01:54:14]   Epoch Time: 299.20s
[2026-02-25 01:54:14]   Total Time: 4.32h
[2026-02-25 01:54:14] 
================================================================================
[2026-02-25 01:54:14] Epoch 50/300
[2026-02-25 01:54:14] ================================================================================
[2026-02-25 01:59:12] 
Epoch 50 Summary:
[2026-02-25 01:59:12]   Training Loss: 0.200125
[2026-02-25 01:59:12]   Learning Rate: 9.356069e-05
[2026-02-25 01:59:12]   Epoch Time: 298.03s
[2026-02-25 01:59:12]   Total Time: 4.40h
[2026-02-25 02:01:54] 
────────────────────────────────────────────────────────────────────────────────
[2026-02-25 02:01:54] Validation Results:
[2026-02-25 02:01:54]   ET (Enhancing Tumor): 0.8644
[2026-02-25 02:01:54]   TC (Tumor Core):      0.8924
[2026-02-25 02:01:54]   WT (Whole Tumor):     0.9186
[2026-02-25 02:01:54]   Average Dice:         0.8918
[2026-02-25 02:01:54]   ✓ New best model! (↑ 0.0073)
[2026-02-25 02:01:54] ────────────────────────────────────────────────────────────────────────────────
[2026-02-25 02:01:54]   ✓ Saved best checkpoint (Epoch 50)
[2026-02-25 02:01:54]   ✓ Saved epoch_50 checkpoint (Epoch 50)
[2026-02-25 02:01:54] 
================================================================================
[2026-02-25 02:01:54] Epoch 51/300
[2026-02-25 02:01:54] ================================================================================
[2026-02-25 02:06:56] 
Epoch 51 Summary:
[2026-02-25 02:06:56]   Training Loss: 0.196625
[2026-02-25 02:06:56]   Learning Rate: 9.330127e-05
[2026-02-25 02:06:56]   Epoch Time: 302.21s
[2026-02-25 02:06:56]   Total Time: 4.53h
[2026-02-25 02:06:56] 
================================================================================
[2026-02-25 02:06:56] Epoch 52/300
[2026-02-25 02:06:56] ================================================================================
[2026-02-25 02:12:06] 
Epoch 52 Summary:
[2026-02-25 02:12:06]   Training Loss: 0.200200
[2026-02-25 02:12:06]   Learning Rate: 9.303710e-05
[2026-02-25 02:12:06]   Epoch Time: 309.27s
[2026-02-25 02:12:06]   Total Time: 4.62h
[2026-02-25 02:12:06] 
================================================================================
[2026-02-25 02:12:06] Epoch 53/300
[2026-02-25 02:12:06] ================================================================================
[2026-02-25 02:17:14] 
Epoch 53 Summary:
[2026-02-25 02:17:14]   Training Loss: 0.200495
[2026-02-25 02:17:14]   Learning Rate: 9.276821e-05
[2026-02-25 02:17:14]   Epoch Time: 308.53s
[2026-02-25 02:17:14]   Total Time: 4.70h
[2026-02-25 02:17:14] 
================================================================================
[2026-02-25 02:17:14] Epoch 54/300
[2026-02-25 02:17:14] ================================================================================
[2026-02-25 02:22:20] 
Epoch 54 Summary:
[2026-02-25 02:22:20]   Training Loss: 0.199222
[2026-02-25 02:22:20]   Learning Rate: 9.249463e-05
[2026-02-25 02:22:20]   Epoch Time: 305.25s
[2026-02-25 02:22:20]   Total Time: 4.79h
[2026-02-25 02:22:20] 
================================================================================
[2026-02-25 02:22:20] Epoch 55/300
[2026-02-25 02:22:20] ================================================================================
[2026-02-25 02:27:18] 
Epoch 55 Summary:
[2026-02-25 02:27:18]   Training Loss: 0.201611
[2026-02-25 02:27:18]   Learning Rate: 9.221640e-05
[2026-02-25 02:27:18]   Epoch Time: 298.90s
[2026-02-25 02:27:18]   Total Time: 4.87h
[2026-02-25 02:27:19] 
================================================================================
[2026-02-25 02:27:19] Epoch 56/300
[2026-02-25 02:27:19] ================================================================================
[2026-02-25 02:32:17] 
Epoch 56 Summary:
[2026-02-25 02:32:17]   Training Loss: 0.201717
[2026-02-25 02:32:17]   Learning Rate: 9.193353e-05
[2026-02-25 02:32:17]   Epoch Time: 298.63s
[2026-02-25 02:32:17]   Total Time: 4.95h
[2026-02-25 02:32:17] 
================================================================================
[2026-02-25 02:32:17] Epoch 57/300
[2026-02-25 02:32:17] ================================================================================
[2026-02-25 02:37:18] 
Epoch 57 Summary:
[2026-02-25 02:37:18]   Training Loss: 0.192801
[2026-02-25 02:37:18]   Learning Rate: 9.164606e-05
[2026-02-25 02:37:18]   Epoch Time: 301.07s
[2026-02-25 02:37:18]   Total Time: 5.04h
[2026-02-25 02:37:18] 
================================================================================
[2026-02-25 02:37:18] Epoch 58/300
[2026-02-25 02:37:18] ================================================================================
[2026-02-25 02:42:27] 
Epoch 58 Summary:
[2026-02-25 02:42:27]   Training Loss: 0.188868
[2026-02-25 02:42:27]   Learning Rate: 9.135403e-05
[2026-02-25 02:42:27]   Epoch Time: 308.39s
[2026-02-25 02:42:27]   Total Time: 5.12h
[2026-02-25 02:42:27] 
================================================================================
[2026-02-25 02:42:27] Epoch 59/300
[2026-02-25 02:42:27] ================================================================================
[2026-02-25 02:47:36] 
Epoch 59 Summary:
[2026-02-25 02:47:36]   Training Loss: 0.195921
[2026-02-25 02:47:36]   Learning Rate: 9.105746e-05
[2026-02-25 02:47:36]   Epoch Time: 308.90s
[2026-02-25 02:47:36]   Total Time: 5.21h
[2026-02-25 02:47:36] 
================================================================================
[2026-02-25 02:47:36] Epoch 60/300
[2026-02-25 02:47:36] ================================================================================
[2026-02-25 02:52:46] 
Epoch 60 Summary:
[2026-02-25 02:52:46]   Training Loss: 0.195075
[2026-02-25 02:52:46]   Learning Rate: 9.075639e-05
[2026-02-25 02:52:46]   Epoch Time: 310.01s
[2026-02-25 02:52:46]   Total Time: 5.29h
[2026-02-25 02:55:27] 
────────────────────────────────────────────────────────────────────────────────
[2026-02-25 02:55:27] Validation Results:
[2026-02-25 02:55:27]   ET (Enhancing Tumor): 0.8626
[2026-02-25 02:55:27]   TC (Tumor Core):      0.8890
[2026-02-25 02:55:27]   WT (Whole Tumor):     0.9168
[2026-02-25 02:55:27]   Average Dice:         0.8894
[2026-02-25 02:55:27]   Best remains: 0.8918
[2026-02-25 02:55:27] ────────────────────────────────────────────────────────────────────────────────
[2026-02-25 02:55:27] 
================================================================================
[2026-02-25 02:55:27] Epoch 61/300
[2026-02-25 02:55:27] ================================================================================
[2026-02-25 03:00:27] 
Epoch 61 Summary:
[2026-02-25 03:00:27]   Training Loss: 0.200165
[2026-02-25 03:00:27]   Learning Rate: 9.045085e-05
[2026-02-25 03:00:27]   Epoch Time: 299.21s
[2026-02-25 03:00:27]   Total Time: 5.42h
[2026-02-25 03:00:27] 
================================================================================
[2026-02-25 03:00:27] Epoch 62/300
[2026-02-25 03:00:27] ================================================================================
[2026-02-25 03:05:25] 
Epoch 62 Summary:
[2026-02-25 03:05:25]   Training Loss: 0.190784
[2026-02-25 03:05:25]   Learning Rate: 9.014087e-05
[2026-02-25 03:05:25]   Epoch Time: 297.83s
[2026-02-25 03:05:25]   Total Time: 5.51h
[2026-02-25 03:05:25] 
================================================================================
[2026-02-25 03:05:25] Epoch 63/300
[2026-02-25 03:05:25] ================================================================================
[2026-02-25 03:10:23] 
Epoch 63 Summary:
[2026-02-25 03:10:23]   Training Loss: 0.197544
[2026-02-25 03:10:23]   Learning Rate: 8.982650e-05
[2026-02-25 03:10:23]   Epoch Time: 298.07s
[2026-02-25 03:10:23]   Total Time: 5.59h
[2026-02-25 03:10:23] 
================================================================================
[2026-02-25 03:10:23] Epoch 64/300
[2026-02-25 03:10:23] ================================================================================
[2026-02-25 03:15:29] 
Epoch 64 Summary:
[2026-02-25 03:15:29]   Training Loss: 0.194150
[2026-02-25 03:15:29]   Learning Rate: 8.950775e-05
[2026-02-25 03:15:29]   Epoch Time: 306.25s
[2026-02-25 03:15:29]   Total Time: 5.67h
[2026-02-25 03:15:29] 
================================================================================
[2026-02-25 03:15:29] Epoch 65/300
[2026-02-25 03:15:29] ================================================================================
[2026-02-25 03:20:37] 
Epoch 65 Summary:
[2026-02-25 03:20:37]   Training Loss: 0.185382
[2026-02-25 03:20:37]   Learning Rate: 8.918467e-05
[2026-02-25 03:20:37]   Epoch Time: 308.47s
[2026-02-25 03:20:37]   Total Time: 5.76h
[2026-02-25 03:20:38] 
================================================================================
[2026-02-25 03:20:38] Epoch 66/300
[2026-02-25 03:20:38] ================================================================================
[2026-02-25 03:25:46] 
Epoch 66 Summary:
[2026-02-25 03:25:46]   Training Loss: 0.208336
[2026-02-25 03:25:46]   Learning Rate: 8.885730e-05
[2026-02-25 03:25:46]   Epoch Time: 307.99s
[2026-02-25 03:25:46]   Total Time: 5.84h
[2026-02-25 03:25:46] 
================================================================================
[2026-02-25 03:25:46] Epoch 67/300
[2026-02-25 03:25:46] ================================================================================
[2026-02-25 03:30:47] 
Epoch 67 Summary:
[2026-02-25 03:30:47]   Training Loss: 0.193927
[2026-02-25 03:30:47]   Learning Rate: 8.852566e-05
[2026-02-25 03:30:47]   Epoch Time: 301.80s
[2026-02-25 03:30:47]   Total Time: 5.93h
[2026-02-25 03:30:47] 
================================================================================
[2026-02-25 03:30:47] Epoch 68/300
[2026-02-25 03:30:47] ================================================================================
[2026-02-25 03:35:46] 
Epoch 68 Summary:
[2026-02-25 03:35:46]   Training Loss: 0.201764
[2026-02-25 03:35:46]   Learning Rate: 8.818980e-05
[2026-02-25 03:35:46]   Epoch Time: 298.27s
[2026-02-25 03:35:46]   Total Time: 6.01h
[2026-02-25 03:35:46] 
================================================================================
[2026-02-25 03:35:46] Epoch 69/300
[2026-02-25 03:35:46] ================================================================================
[2026-02-25 03:40:44] 
Epoch 69 Summary:
[2026-02-25 03:40:44]   Training Loss: 0.189785
[2026-02-25 03:40:44]   Learning Rate: 8.784975e-05
[2026-02-25 03:40:44]   Epoch Time: 298.07s
[2026-02-25 03:40:44]   Total Time: 6.09h
[2026-02-25 03:40:44] 
================================================================================
[2026-02-25 03:40:44] Epoch 70/300
[2026-02-25 03:40:44] ================================================================================
[2026-02-25 03:45:46] 
Epoch 70 Summary:
[2026-02-25 03:45:46]   Training Loss: 0.186937
[2026-02-25 03:45:46]   Learning Rate: 8.750555e-05
[2026-02-25 03:45:46]   Epoch Time: 302.56s
[2026-02-25 03:45:46]   Total Time: 6.18h
[2026-02-25 03:48:28] 
────────────────────────────────────────────────────────────────────────────────
[2026-02-25 03:48:28] Validation Results:
[2026-02-25 03:48:28]   ET (Enhancing Tumor): 0.8609
[2026-02-25 03:48:28]   TC (Tumor Core):      0.8808
[2026-02-25 03:48:28]   WT (Whole Tumor):     0.9095
[2026-02-25 03:48:28]   Average Dice:         0.8837
[2026-02-25 03:48:28]   Best remains: 0.8918
[2026-02-25 03:48:28] ────────────────────────────────────────────────────────────────────────────────
[2026-02-25 03:48:28] 
================================================================================
[2026-02-25 03:48:28] Epoch 71/300
[2026-02-25 03:48:28] ================================================================================
[2026-02-25 03:53:38] 
Epoch 71 Summary:
[2026-02-25 03:53:38]   Training Loss: 0.188842
[2026-02-25 03:53:38]   Learning Rate: 8.715724e-05
[2026-02-25 03:53:38]   Epoch Time: 309.79s
[2026-02-25 03:53:38]   Total Time: 6.31h
[2026-02-25 03:53:38] 
================================================================================
[2026-02-25 03:53:38] Epoch 72/300
[2026-02-25 03:53:38] ================================================================================
[2026-02-25 03:58:48] 
Epoch 72 Summary:
[2026-02-25 03:58:48]   Training Loss: 0.186393
[2026-02-25 03:58:48]   Learning Rate: 8.680485e-05
[2026-02-25 03:58:48]   Epoch Time: 309.65s
[2026-02-25 03:58:48]   Total Time: 6.40h
[2026-02-25 03:58:48] 
================================================================================
[2026-02-25 03:58:48] Epoch 73/300
[2026-02-25 03:58:48] ================================================================================
[2026-02-25 04:03:53] 
Epoch 73 Summary:
[2026-02-25 04:03:53]   Training Loss: 0.189226
[2026-02-25 04:03:53]   Learning Rate: 8.644843e-05
[2026-02-25 04:03:53]   Epoch Time: 305.40s
[2026-02-25 04:03:53]   Total Time: 6.48h
[2026-02-25 04:03:53] 
================================================================================
[2026-02-25 04:03:53] Epoch 74/300
[2026-02-25 04:03:53] ================================================================================
[2026-02-25 04:08:51] 
Epoch 74 Summary:
[2026-02-25 04:08:51]   Training Loss: 0.208460
[2026-02-25 04:08:51]   Learning Rate: 8.608801e-05
[2026-02-25 04:08:51]   Epoch Time: 297.79s
[2026-02-25 04:08:51]   Total Time: 6.56h
[2026-02-25 04:08:51] 
================================================================================
[2026-02-25 04:08:51] Epoch 75/300
[2026-02-25 04:08:51] ================================================================================
[2026-02-25 04:13:49] 
Epoch 75 Summary:
[2026-02-25 04:13:49]   Training Loss: 0.192483
[2026-02-25 04:13:49]   Learning Rate: 8.572363e-05
[2026-02-25 04:13:49]   Epoch Time: 298.19s
[2026-02-25 04:13:49]   Total Time: 6.65h
[2026-02-25 04:13:49] 
================================================================================
[2026-02-25 04:13:49] Epoch 76/300
[2026-02-25 04:13:49] ================================================================================
[2026-02-25 04:18:50] 
Epoch 76 Summary:
[2026-02-25 04:18:50]   Training Loss: 0.185745
[2026-02-25 04:18:50]   Learning Rate: 8.535534e-05
[2026-02-25 04:18:50]   Epoch Time: 301.12s
[2026-02-25 04:18:50]   Total Time: 6.73h
[2026-02-25 04:18:50] 
================================================================================
[2026-02-25 04:18:50] Epoch 77/300
[2026-02-25 04:18:50] ================================================================================
[2026-02-25 04:23:59] 
Epoch 77 Summary:
[2026-02-25 04:23:59]   Training Loss: 0.185967
[2026-02-25 04:23:59]   Learning Rate: 8.498317e-05
[2026-02-25 04:23:59]   Epoch Time: 308.85s
[2026-02-25 04:23:59]   Total Time: 6.82h
[2026-02-25 04:23:59] 
================================================================================
[2026-02-25 04:23:59] Epoch 78/300
[2026-02-25 04:23:59] ================================================================================
[2026-02-25 04:29:08] 
Epoch 78 Summary:
[2026-02-25 04:29:08]   Training Loss: 0.180827
[2026-02-25 04:29:08]   Learning Rate: 8.460716e-05
[2026-02-25 04:29:08]   Epoch Time: 308.86s
[2026-02-25 04:29:08]   Total Time: 6.90h
[2026-02-25 04:29:08] 
================================================================================
[2026-02-25 04:29:08] Epoch 79/300
[2026-02-25 04:29:08] ================================================================================
[2026-02-25 04:34:16] 
Epoch 79 Summary:
[2026-02-25 04:34:16]   Training Loss: 0.187736
[2026-02-25 04:34:16]   Learning Rate: 8.422736e-05
[2026-02-25 04:34:16]   Epoch Time: 307.46s
[2026-02-25 04:34:16]   Total Time: 6.99h
[2026-02-25 04:34:16] 
================================================================================
[2026-02-25 04:34:16] Epoch 80/300
[2026-02-25 04:34:16] ================================================================================
[2026-02-25 04:39:14] 
Epoch 80 Summary:
[2026-02-25 04:39:14]   Training Loss: 0.178980
[2026-02-25 04:39:14]   Learning Rate: 8.384380e-05
[2026-02-25 04:39:14]   Epoch Time: 298.31s
[2026-02-25 04:39:14]   Total Time: 7.07h
[2026-02-25 04:41:56] 
────────────────────────────────────────────────────────────────────────────────
[2026-02-25 04:41:56] Validation Results:
[2026-02-25 04:41:56]   ET (Enhancing Tumor): 0.8669
[2026-02-25 04:41:56]   TC (Tumor Core):      0.8932
[2026-02-25 04:41:56]   WT (Whole Tumor):     0.9177
[2026-02-25 04:41:56]   Average Dice:         0.8926
[2026-02-25 04:41:56]   ✓ New best model! (↑ 0.0008)
[2026-02-25 04:41:56] ────────────────────────────────────────────────────────────────────────────────
[2026-02-25 04:41:56]   ✓ Saved best checkpoint (Epoch 80)
[2026-02-25 04:41:56] 
================================================================================
[2026-02-25 04:41:56] Epoch 81/300
[2026-02-25 04:41:56] ================================================================================
[2026-02-25 04:46:56] 
Epoch 81 Summary:
[2026-02-25 04:46:56]   Training Loss: 0.200310
[2026-02-25 04:46:56]   Learning Rate: 8.345653e-05
[2026-02-25 04:46:56]   Epoch Time: 300.27s
[2026-02-25 04:46:56]   Total Time: 7.20h
[2026-02-25 04:46:56] 
================================================================================
[2026-02-25 04:46:56] Epoch 82/300
[2026-02-25 04:46:56] ================================================================================
[2026-02-25 04:51:54] 
Epoch 82 Summary:
[2026-02-25 04:51:54]   Training Loss: 0.183996
[2026-02-25 04:51:54]   Learning Rate: 8.306559e-05
[2026-02-25 04:51:54]   Epoch Time: 298.35s
[2026-02-25 04:51:54]   Total Time: 7.28h
[2026-02-25 04:51:54] 
================================================================================
[2026-02-25 04:51:54] Epoch 83/300
[2026-02-25 04:51:54] ================================================================================
[2026-02-25 04:57:03] 
Epoch 83 Summary:
[2026-02-25 04:57:03]   Training Loss: 0.184014
[2026-02-25 04:57:03]   Learning Rate: 8.267103e-05
[2026-02-25 04:57:03]   Epoch Time: 308.07s
[2026-02-25 04:57:03]   Total Time: 7.37h
[2026-02-25 04:57:03] 
================================================================================
[2026-02-25 04:57:03] Epoch 84/300
[2026-02-25 04:57:03] ================================================================================
[2026-02-25 05:02:12] 
Epoch 84 Summary:
[2026-02-25 05:02:12]   Training Loss: 0.172842
[2026-02-25 05:02:12]   Learning Rate: 8.227288e-05
[2026-02-25 05:02:12]   Epoch Time: 309.22s
[2026-02-25 05:02:12]   Total Time: 7.45h
[2026-02-25 05:02:12] 
================================================================================
[2026-02-25 05:02:12] Epoch 85/300
[2026-02-25 05:02:12] ================================================================================
[2026-02-25 05:07:22] 
Epoch 85 Summary:
[2026-02-25 05:07:22]   Training Loss: 0.186454
[2026-02-25 05:07:22]   Learning Rate: 8.187120e-05
[2026-02-25 05:07:22]   Epoch Time: 309.73s
[2026-02-25 05:07:22]   Total Time: 7.54h
[2026-02-25 05:07:22] 
================================================================================
[2026-02-25 05:07:22] Epoch 86/300
[2026-02-25 05:07:22] ================================================================================
[2026-02-25 05:12:23] 
Epoch 86 Summary:
[2026-02-25 05:12:23]   Training Loss: 0.195384
[2026-02-25 05:12:23]   Learning Rate: 8.146602e-05
[2026-02-25 05:12:23]   Epoch Time: 301.24s
[2026-02-25 05:12:23]   Total Time: 7.62h
[2026-02-25 05:12:23] 
================================================================================
[2026-02-25 05:12:23] Epoch 87/300
[2026-02-25 05:12:23] ================================================================================
[2026-02-25 05:17:21] 
Epoch 87 Summary:
[2026-02-25 05:17:21]   Training Loss: 0.196774
[2026-02-25 05:17:21]   Learning Rate: 8.105739e-05
[2026-02-25 05:17:21]   Epoch Time: 297.78s
[2026-02-25 05:17:21]   Total Time: 7.70h
[2026-02-25 05:17:21] 
================================================================================
[2026-02-25 05:17:21] Epoch 88/300
[2026-02-25 05:17:21] ================================================================================
[2026-02-25 05:22:20] 
Epoch 88 Summary:
[2026-02-25 05:22:20]   Training Loss: 0.188798
[2026-02-25 05:22:20]   Learning Rate: 8.064535e-05
[2026-02-25 05:22:20]   Epoch Time: 298.89s
[2026-02-25 05:22:20]   Total Time: 7.79h
[2026-02-25 05:22:20] 
================================================================================
[2026-02-25 05:22:20] Epoch 89/300
[2026-02-25 05:22:20] ================================================================================
[2026-02-25 05:27:25] 
Epoch 89 Summary:
[2026-02-25 05:27:25]   Training Loss: 0.182138
[2026-02-25 05:27:25]   Learning Rate: 8.022996e-05
[2026-02-25 05:27:25]   Epoch Time: 304.82s
[2026-02-25 05:27:25]   Total Time: 7.87h
[2026-02-25 05:27:25] 
================================================================================
[2026-02-25 05:27:25] Epoch 90/300
[2026-02-25 05:27:25] ================================================================================
[2026-02-25 05:32:34] 
Epoch 90 Summary:
[2026-02-25 05:32:34]   Training Loss: 0.196901
[2026-02-25 05:32:34]   Learning Rate: 7.981124e-05
[2026-02-25 05:32:34]   Epoch Time: 309.28s
[2026-02-25 05:32:34]   Total Time: 7.96h
[2026-02-25 05:35:16] 
────────────────────────────────────────────────────────────────────────────────
[2026-02-25 05:35:16] Validation Results:
[2026-02-25 05:35:16]   ET (Enhancing Tumor): 0.8766
[2026-02-25 05:35:16]   TC (Tumor Core):      0.9006
[2026-02-25 05:35:16]   WT (Whole Tumor):     0.9245
[2026-02-25 05:35:16]   Average Dice:         0.9006
[2026-02-25 05:35:16]   ✓ New best model! (↑ 0.0080)
[2026-02-25 05:35:16] ────────────────────────────────────────────────────────────────────────────────
[2026-02-25 05:35:16]   ✓ Saved best checkpoint (Epoch 90)
[2026-02-25 05:35:16] 
================================================================================
[2026-02-25 05:35:16] Epoch 91/300
[2026-02-25 05:35:16] ================================================================================
[2026-02-25 05:40:23] 
Epoch 91 Summary:
[2026-02-25 05:40:23]   Training Loss: 0.188463
[2026-02-25 05:40:23]   Learning Rate: 7.938926e-05
[2026-02-25 05:40:23]   Epoch Time: 307.63s
[2026-02-25 05:40:23]   Total Time: 8.09h
[2026-02-25 05:40:23] 
================================================================================
[2026-02-25 05:40:23] Epoch 92/300
[2026-02-25 05:40:23] ================================================================================
[2026-02-25 05:45:27] 
Epoch 92 Summary:
[2026-02-25 05:45:27]   Training Loss: 0.186617
[2026-02-25 05:45:27]   Learning Rate: 7.896406e-05
[2026-02-25 05:45:27]   Epoch Time: 303.76s
[2026-02-25 05:45:27]   Total Time: 8.17h
[2026-02-25 05:45:27] 
================================================================================
[2026-02-25 05:45:27] Epoch 93/300
[2026-02-25 05:45:27] ================================================================================
[2026-02-25 05:50:27] 
Epoch 93 Summary:
[2026-02-25 05:50:27]   Training Loss: 0.193248
[2026-02-25 05:50:27]   Learning Rate: 7.853568e-05
[2026-02-25 05:50:27]   Epoch Time: 300.03s
[2026-02-25 05:50:27]   Total Time: 8.26h
[2026-02-25 05:50:27] 
================================================================================
[2026-02-25 05:50:27] Epoch 94/300
[2026-02-25 05:50:27] ================================================================================
[2026-02-25 05:55:26] 
Epoch 94 Summary:
[2026-02-25 05:55:26]   Training Loss: 0.194835
[2026-02-25 05:55:26]   Learning Rate: 7.810417e-05
[2026-02-25 05:55:26]   Epoch Time: 298.67s
[2026-02-25 05:55:26]   Total Time: 8.34h
[2026-02-25 05:55:26] 
================================================================================
[2026-02-25 05:55:26] Epoch 95/300
[2026-02-25 05:55:26] ================================================================================
[2026-02-25 06:00:27] 
Epoch 95 Summary:
[2026-02-25 06:00:27]   Training Loss: 0.199487
[2026-02-25 06:00:27]   Learning Rate: 7.766958e-05
[2026-02-25 06:00:27]   Epoch Time: 301.54s
[2026-02-25 06:00:27]   Total Time: 8.42h
[2026-02-25 06:00:27] 
================================================================================
[2026-02-25 06:00:27] Epoch 96/300
[2026-02-25 06:00:27] ================================================================================
[2026-02-25 06:05:36] 
Epoch 96 Summary:
[2026-02-25 06:05:36]   Training Loss: 0.177547
[2026-02-25 06:05:36]   Learning Rate: 7.723195e-05
[2026-02-25 06:05:36]   Epoch Time: 308.70s
[2026-02-25 06:05:36]   Total Time: 8.51h
[2026-02-25 06:05:36] 
================================================================================
[2026-02-25 06:05:36] Epoch 97/300
[2026-02-25 06:05:36] ================================================================================
[2026-02-25 06:10:45] 
Epoch 97 Summary:
[2026-02-25 06:10:45]   Training Loss: 0.185024
[2026-02-25 06:10:45]   Learning Rate: 7.679134e-05
[2026-02-25 06:10:45]   Epoch Time: 308.62s
[2026-02-25 06:10:45]   Total Time: 8.59h
[2026-02-25 06:10:45] 
================================================================================
[2026-02-25 06:10:45] Epoch 98/300
[2026-02-25 06:10:45] ================================================================================
[2026-02-25 06:15:53] 
Epoch 98 Summary:
[2026-02-25 06:15:53]   Training Loss: 0.201026
[2026-02-25 06:15:53]   Learning Rate: 7.634779e-05
[2026-02-25 06:15:53]   Epoch Time: 307.87s
[2026-02-25 06:15:53]   Total Time: 8.68h
[2026-02-25 06:15:53] 
================================================================================
[2026-02-25 06:15:53] Epoch 99/300
[2026-02-25 06:15:53] ================================================================================
[2026-02-25 06:20:52] 
Epoch 99 Summary:
[2026-02-25 06:20:52]   Training Loss: 0.187505
[2026-02-25 06:20:52]   Learning Rate: 7.590135e-05
[2026-02-25 06:20:52]   Epoch Time: 298.96s
[2026-02-25 06:20:52]   Total Time: 8.76h
[2026-02-25 06:20:52] 
================================================================================
[2026-02-25 06:20:52] Epoch 100/300
[2026-02-25 06:20:52] ================================================================================
[2026-02-25 06:25:51] 
Epoch 100 Summary:
[2026-02-25 06:25:51]   Training Loss: 0.176058
[2026-02-25 06:25:51]   Learning Rate: 7.545207e-05
[2026-02-25 06:25:51]   Epoch Time: 299.21s
[2026-02-25 06:25:51]   Total Time: 8.85h
[2026-02-25 06:28:33] 
────────────────────────────────────────────────────────────────────────────────
[2026-02-25 06:28:33] Validation Results:
[2026-02-25 06:28:33]   ET (Enhancing Tumor): 0.8685
[2026-02-25 06:28:33]   TC (Tumor Core):      0.8948
[2026-02-25 06:28:33]   WT (Whole Tumor):     0.9144
[2026-02-25 06:28:33]   Average Dice:         0.8926
[2026-02-25 06:28:33]   Best remains: 0.9006
[2026-02-25 06:28:33] ────────────────────────────────────────────────────────────────────────────────
[2026-02-25 06:28:33]   ✓ Saved epoch_100 checkpoint (Epoch 100)
[2026-02-25 06:28:33] 
================================================================================
[2026-02-25 06:28:33] Epoch 101/300
[2026-02-25 06:28:33] ================================================================================
[2026-02-25 06:33:31] 
Epoch 101 Summary:
[2026-02-25 06:33:31]   Training Loss: 0.186964
[2026-02-25 06:33:31]   Learning Rate: 7.500000e-05
[2026-02-25 06:33:31]   Epoch Time: 298.24s
[2026-02-25 06:33:31]   Total Time: 8.97h
[2026-02-25 06:33:31] 
================================================================================
[2026-02-25 06:33:31] Epoch 102/300
[2026-02-25 06:33:31] ================================================================================
[2026-02-25 06:38:40] 
Epoch 102 Summary:
[2026-02-25 06:38:40]   Training Loss: 0.191888
[2026-02-25 06:38:40]   Learning Rate: 7.454519e-05
[2026-02-25 06:38:40]   Epoch Time: 308.74s
[2026-02-25 06:38:40]   Total Time: 9.06h
[2026-02-25 06:38:40] 
================================================================================
[2026-02-25 06:38:40] Epoch 103/300
[2026-02-25 06:38:40] ================================================================================
[2026-02-25 06:43:49] 
Epoch 103 Summary:
[2026-02-25 06:43:49]   Training Loss: 0.181905
[2026-02-25 06:43:49]   Learning Rate: 7.408768e-05
[2026-02-25 06:43:49]   Epoch Time: 309.11s
[2026-02-25 06:43:49]   Total Time: 9.15h
[2026-02-25 06:43:49] 
================================================================================
[2026-02-25 06:43:49] Epoch 104/300
[2026-02-25 06:43:49] ================================================================================
[2026-02-25 06:48:59] 
Epoch 104 Summary:
[2026-02-25 06:48:59]   Training Loss: 0.181125
[2026-02-25 06:48:59]   Learning Rate: 7.362754e-05
[2026-02-25 06:48:59]   Epoch Time: 310.07s
[2026-02-25 06:48:59]   Total Time: 9.23h
[2026-02-25 06:48:59] 
================================================================================
[2026-02-25 06:48:59] Epoch 105/300
[2026-02-25 06:48:59] ================================================================================
[2026-02-25 06:54:01] 
Epoch 105 Summary:
[2026-02-25 06:54:01]   Training Loss: 0.180021
[2026-02-25 06:54:01]   Learning Rate: 7.316480e-05
[2026-02-25 06:54:01]   Epoch Time: 301.93s
[2026-02-25 06:54:01]   Total Time: 9.32h
[2026-02-25 06:54:01] 
================================================================================
[2026-02-25 06:54:01] Epoch 106/300
[2026-02-25 06:54:01] ================================================================================
[2026-02-25 06:59:00] 
Epoch 106 Summary:
[2026-02-25 06:59:00]   Training Loss: 0.174426
[2026-02-25 06:59:00]   Learning Rate: 7.269952e-05
[2026-02-25 06:59:00]   Epoch Time: 299.19s
[2026-02-25 06:59:00]   Total Time: 9.40h
[2026-02-25 06:59:00] 
================================================================================
[2026-02-25 06:59:00] Epoch 107/300
[2026-02-25 06:59:00] ================================================================================
[2026-02-25 07:03:59] 
Epoch 107 Summary:
[2026-02-25 07:03:59]   Training Loss: 0.177795
[2026-02-25 07:03:59]   Learning Rate: 7.223176e-05
[2026-02-25 07:03:59]   Epoch Time: 298.96s
[2026-02-25 07:03:59]   Total Time: 9.48h
[2026-02-25 07:03:59] 
================================================================================
[2026-02-25 07:03:59] Epoch 108/300
[2026-02-25 07:03:59] ================================================================================
[2026-02-25 07:09:06] 
Epoch 108 Summary:
[2026-02-25 07:09:06]   Training Loss: 0.173942
[2026-02-25 07:09:06]   Learning Rate: 7.176155e-05
[2026-02-25 07:09:06]   Epoch Time: 306.92s
[2026-02-25 07:09:06]   Total Time: 9.57h
[2026-02-25 07:09:06] 
================================================================================
[2026-02-25 07:09:06] Epoch 109/300
[2026-02-25 07:09:06] ================================================================================
[2026-02-25 07:14:15] 
Epoch 109 Summary:
[2026-02-25 07:14:15]   Training Loss: 0.179606
[2026-02-25 07:14:15]   Learning Rate: 7.128896e-05
[2026-02-25 07:14:15]   Epoch Time: 308.17s
[2026-02-25 07:14:15]   Total Time: 9.65h
[2026-02-25 07:14:15] 
================================================================================
[2026-02-25 07:14:15] Epoch 110/300
[2026-02-25 07:14:15] ================================================================================
[2026-02-25 07:19:23] 
Epoch 110 Summary:
[2026-02-25 07:19:23]   Training Loss: 0.183414
[2026-02-25 07:19:23]   Learning Rate: 7.081404e-05
[2026-02-25 07:19:23]   Epoch Time: 308.80s
[2026-02-25 07:19:23]   Total Time: 9.74h
[2026-02-25 07:22:05] 
────────────────────────────────────────────────────────────────────────────────
[2026-02-25 07:22:05] Validation Results:
[2026-02-25 07:22:05]   ET (Enhancing Tumor): 0.8798
[2026-02-25 07:22:05]   TC (Tumor Core):      0.9084
[2026-02-25 07:22:05]   WT (Whole Tumor):     0.9186
[2026-02-25 07:22:05]   Average Dice:         0.9023
[2026-02-25 07:22:05]   ✓ New best model! (↑ 0.0017)
[2026-02-25 07:22:05] ────────────────────────────────────────────────────────────────────────────────
[2026-02-25 07:22:05]   ✓ Saved best checkpoint (Epoch 110)
[2026-02-25 07:22:05] 
================================================================================
[2026-02-25 07:22:05] Epoch 111/300
[2026-02-25 07:22:05] ================================================================================
[2026-02-25 07:27:09] 
Epoch 111 Summary:
[2026-02-25 07:27:09]   Training Loss: 0.185640
[2026-02-25 07:27:09]   Learning Rate: 7.033683e-05
[2026-02-25 07:27:09]   Epoch Time: 304.21s
[2026-02-25 07:27:09]   Total Time: 9.87h
[2026-02-25 07:27:09] 
================================================================================
[2026-02-25 07:27:09] Epoch 112/300
[2026-02-25 07:27:09] ================================================================================
[2026-02-25 07:32:07] 
Epoch 112 Summary:
[2026-02-25 07:32:07]   Training Loss: 0.172293
[2026-02-25 07:32:07]   Learning Rate: 6.985739e-05
[2026-02-25 07:32:07]   Epoch Time: 297.61s
[2026-02-25 07:32:07]   Total Time: 9.95h
[2026-02-25 07:32:07] 
================================================================================
[2026-02-25 07:32:07] Epoch 113/300
[2026-02-25 07:32:07] ================================================================================
[2026-02-25 07:37:07] 
Epoch 113 Summary:
[2026-02-25 07:37:07]   Training Loss: 0.176049
[2026-02-25 07:37:07]   Learning Rate: 6.937578e-05
[2026-02-25 07:37:07]   Epoch Time: 299.94s
[2026-02-25 07:37:07]   Total Time: 10.03h
[2026-02-25 07:37:07] 
================================================================================
[2026-02-25 07:37:07] Epoch 114/300
[2026-02-25 07:37:07] ================================================================================
[2026-02-25 07:42:09] 
Epoch 114 Summary:
[2026-02-25 07:42:09]   Training Loss: 0.188884
[2026-02-25 07:42:09]   Learning Rate: 6.889204e-05
[2026-02-25 07:42:09]   Epoch Time: 302.00s
[2026-02-25 07:42:09]   Total Time: 10.12h
[2026-02-25 07:42:09] 
================================================================================
[2026-02-25 07:42:09] Epoch 115/300
[2026-02-25 07:42:09] ================================================================================
[2026-02-25 07:47:18] 
Epoch 115 Summary:
[2026-02-25 07:47:18]   Training Loss: 0.189898
[2026-02-25 07:47:18]   Learning Rate: 6.840623e-05
[2026-02-25 07:47:18]   Epoch Time: 308.75s
[2026-02-25 07:47:18]   Total Time: 10.20h
[2026-02-25 07:47:18] 
================================================================================
[2026-02-25 07:47:18] Epoch 116/300
[2026-02-25 07:47:18] ================================================================================
[2026-02-25 07:52:26] 
Epoch 116 Summary:
[2026-02-25 07:52:26]   Training Loss: 0.172390
[2026-02-25 07:52:26]   Learning Rate: 6.791840e-05
[2026-02-25 07:52:26]   Epoch Time: 307.99s
[2026-02-25 07:52:26]   Total Time: 10.29h
[2026-02-25 07:52:26] 
================================================================================
[2026-02-25 07:52:26] Epoch 117/300
[2026-02-25 07:52:26] ================================================================================
[2026-02-25 07:57:33] 
Epoch 117 Summary:
[2026-02-25 07:57:33]   Training Loss: 0.169022
[2026-02-25 07:57:33]   Learning Rate: 6.742860e-05
[2026-02-25 07:57:33]   Epoch Time: 307.02s
[2026-02-25 07:57:33]   Total Time: 10.37h
[2026-02-25 07:57:33] 
================================================================================
[2026-02-25 07:57:33] Epoch 118/300
[2026-02-25 07:57:33] ================================================================================
[2026-02-25 08:02:31] 
Epoch 118 Summary:
[2026-02-25 08:02:31]   Training Loss: 0.175766
[2026-02-25 08:02:31]   Learning Rate: 6.693690e-05
[2026-02-25 08:02:31]   Epoch Time: 298.28s
[2026-02-25 08:02:31]   Total Time: 10.46h
[2026-02-25 08:02:31] 
================================================================================
[2026-02-25 08:02:31] Epoch 119/300
[2026-02-25 08:02:31] ================================================================================
[2026-02-25 08:07:30] 
Epoch 119 Summary:
[2026-02-25 08:07:30]   Training Loss: 0.176741
[2026-02-25 08:07:30]   Learning Rate: 6.644333e-05
[2026-02-25 08:07:30]   Epoch Time: 298.33s
[2026-02-25 08:07:30]   Total Time: 10.54h
[2026-02-25 08:07:30] 
================================================================================
[2026-02-25 08:07:30] Epoch 120/300
[2026-02-25 08:07:30] ================================================================================
[2026-02-25 08:12:29] 
Epoch 120 Summary:
[2026-02-25 08:12:29]   Training Loss: 0.182263
[2026-02-25 08:12:29]   Learning Rate: 6.594797e-05
[2026-02-25 08:12:29]   Epoch Time: 299.14s
[2026-02-25 08:12:29]   Total Time: 10.62h
[2026-02-25 08:15:10] 
────────────────────────────────────────────────────────────────────────────────
[2026-02-25 08:15:10] Validation Results:
[2026-02-25 08:15:10]   ET (Enhancing Tumor): 0.8789
[2026-02-25 08:15:10]   TC (Tumor Core):      0.9014
[2026-02-25 08:15:10]   WT (Whole Tumor):     0.9257
[2026-02-25 08:15:10]   Average Dice:         0.9020
[2026-02-25 08:15:10]   Best remains: 0.9023
[2026-02-25 08:15:10] ────────────────────────────────────────────────────────────────────────────────
[2026-02-25 08:15:10] 
================================================================================
[2026-02-25 08:15:10] Epoch 121/300
[2026-02-25 08:15:10] ================================================================================
[2026-02-25 08:20:18] 
Epoch 121 Summary:
[2026-02-25 08:20:18]   Training Loss: 0.168194
[2026-02-25 08:20:18]   Learning Rate: 6.545085e-05
[2026-02-25 08:20:18]   Epoch Time: 307.36s
[2026-02-25 08:20:18]   Total Time: 10.75h
[2026-02-25 08:20:18] 
================================================================================
[2026-02-25 08:20:18] Epoch 122/300
[2026-02-25 08:20:18] ================================================================================
[2026-02-25 08:25:26] 
Epoch 122 Summary:
[2026-02-25 08:25:26]   Training Loss: 0.167594
[2026-02-25 08:25:26]   Learning Rate: 6.495204e-05
[2026-02-25 08:25:26]   Epoch Time: 308.49s
[2026-02-25 08:25:26]   Total Time: 10.84h
[2026-02-25 08:25:26] 
================================================================================
[2026-02-25 08:25:26] Epoch 123/300
[2026-02-25 08:25:26] ================================================================================
[2026-02-25 08:30:34] 
Epoch 123 Summary:
[2026-02-25 08:30:34]   Training Loss: 0.168964
[2026-02-25 08:30:34]   Learning Rate: 6.445159e-05
[2026-02-25 08:30:34]   Epoch Time: 307.88s
[2026-02-25 08:30:34]   Total Time: 10.93h
[2026-02-25 08:30:34] 
================================================================================
[2026-02-25 08:30:34] Epoch 124/300
[2026-02-25 08:30:34] ================================================================================
[2026-02-25 08:35:35] 
Epoch 124 Summary:
[2026-02-25 08:35:35]   Training Loss: 0.175752
[2026-02-25 08:35:35]   Learning Rate: 6.394956e-05
[2026-02-25 08:35:35]   Epoch Time: 300.17s
[2026-02-25 08:35:35]   Total Time: 11.01h
[2026-02-25 08:35:35] 
================================================================================
[2026-02-25 08:35:35] Epoch 125/300
[2026-02-25 08:35:35] ================================================================================
[2026-02-25 08:40:32] 
Epoch 125 Summary:
[2026-02-25 08:40:32]   Training Loss: 0.174719
[2026-02-25 08:40:32]   Learning Rate: 6.344599e-05
[2026-02-25 08:40:32]   Epoch Time: 297.75s
[2026-02-25 08:40:32]   Total Time: 11.09h
[2026-02-25 08:40:32] 
================================================================================
[2026-02-25 08:40:32] Epoch 126/300
[2026-02-25 08:40:32] ================================================================================
[2026-02-25 08:45:32] 
Epoch 126 Summary:
[2026-02-25 08:45:32]   Training Loss: 0.181333
[2026-02-25 08:45:32]   Learning Rate: 6.294095e-05
[2026-02-25 08:45:32]   Epoch Time: 299.78s
[2026-02-25 08:45:32]   Total Time: 11.17h
[2026-02-25 08:45:32] 
================================================================================
[2026-02-25 08:45:32] Epoch 127/300
[2026-02-25 08:45:32] ================================================================================
[2026-02-25 08:50:39] 
Epoch 127 Summary:
[2026-02-25 08:50:39]   Training Loss: 0.179103
[2026-02-25 08:50:39]   Learning Rate: 6.243449e-05
[2026-02-25 08:50:39]   Epoch Time: 306.78s
[2026-02-25 08:50:39]   Total Time: 11.26h
[2026-02-25 08:50:39] 
================================================================================
[2026-02-25 08:50:39] Epoch 128/300
[2026-02-25 08:50:39] ================================================================================
[2026-02-25 08:55:49] 
Epoch 128 Summary:
[2026-02-25 08:55:49]   Training Loss: 0.184398
[2026-02-25 08:55:49]   Learning Rate: 6.192667e-05
[2026-02-25 08:55:49]   Epoch Time: 309.55s
[2026-02-25 08:55:49]   Total Time: 11.35h
[2026-02-25 08:55:49] 
================================================================================
[2026-02-25 08:55:49] Epoch 129/300
[2026-02-25 08:55:49] ================================================================================
[2026-02-25 09:00:58] 
Epoch 129 Summary:
[2026-02-25 09:00:58]   Training Loss: 0.183975
[2026-02-25 09:00:58]   Learning Rate: 6.141754e-05
[2026-02-25 09:00:58]   Epoch Time: 309.05s
[2026-02-25 09:00:58]   Total Time: 11.43h
[2026-02-25 09:00:58] 
================================================================================
[2026-02-25 09:00:58] Epoch 130/300
[2026-02-25 09:00:58] ================================================================================
[2026-02-25 09:06:00] 
Epoch 130 Summary:
[2026-02-25 09:06:00]   Training Loss: 0.169467
[2026-02-25 09:06:00]   Learning Rate: 6.090716e-05
[2026-02-25 09:06:00]   Epoch Time: 302.70s
[2026-02-25 09:06:00]   Total Time: 11.52h
[2026-02-25 09:08:42] 
────────────────────────────────────────────────────────────────────────────────
[2026-02-25 09:08:42] Validation Results:
[2026-02-25 09:08:42]   ET (Enhancing Tumor): 0.8804
[2026-02-25 09:08:42]   TC (Tumor Core):      0.9034
[2026-02-25 09:08:42]   WT (Whole Tumor):     0.9268
[2026-02-25 09:08:42]   Average Dice:         0.9036
[2026-02-25 09:08:42]   ✓ New best model! (↑ 0.0013)
[2026-02-25 09:08:42] ────────────────────────────────────────────────────────────────────────────────
[2026-02-25 09:08:42]   ✓ Saved best checkpoint (Epoch 130)
[2026-02-25 09:08:42] 
================================================================================
[2026-02-25 09:08:42] Epoch 131/300
[2026-02-25 09:08:42] ================================================================================
[2026-02-25 09:13:42] 
Epoch 131 Summary:
[2026-02-25 09:13:42]   Training Loss: 0.174186
[2026-02-25 09:13:42]   Learning Rate: 6.039558e-05
[2026-02-25 09:13:42]   Epoch Time: 300.15s
[2026-02-25 09:13:42]   Total Time: 11.64h
[2026-02-25 09:13:42] 
================================================================================
[2026-02-25 09:13:42] Epoch 132/300
[2026-02-25 09:13:42] ================================================================================
[2026-02-25 09:18:41] 
Epoch 132 Summary:
[2026-02-25 09:18:41]   Training Loss: 0.167664
[2026-02-25 09:18:41]   Learning Rate: 5.988287e-05
[2026-02-25 09:18:41]   Epoch Time: 299.10s
[2026-02-25 09:18:41]   Total Time: 11.73h
[2026-02-25 09:18:41] 
================================================================================
[2026-02-25 09:18:41] Epoch 133/300
[2026-02-25 09:18:41] ================================================================================
[2026-02-25 09:23:44] 
Epoch 133 Summary:
[2026-02-25 09:23:44]   Training Loss: 0.189797
[2026-02-25 09:23:44]   Learning Rate: 5.936907e-05
[2026-02-25 09:23:44]   Epoch Time: 302.73s
[2026-02-25 09:23:44]   Total Time: 11.81h
[2026-02-25 09:23:44] 
================================================================================
[2026-02-25 09:23:44] Epoch 134/300
[2026-02-25 09:23:44] ================================================================================
[2026-02-25 09:28:53] 
Epoch 134 Summary:
[2026-02-25 09:28:53]   Training Loss: 0.173325
[2026-02-25 09:28:53]   Learning Rate: 5.885424e-05
[2026-02-25 09:28:53]   Epoch Time: 309.19s
[2026-02-25 09:28:53]   Total Time: 11.90h
[2026-02-25 09:28:54] 
================================================================================
[2026-02-25 09:28:54] Epoch 135/300
[2026-02-25 09:28:54] ================================================================================
[2026-02-25 09:34:03] 
Epoch 135 Summary:
[2026-02-25 09:34:03]   Training Loss: 0.176556
[2026-02-25 09:34:03]   Learning Rate: 5.833844e-05
[2026-02-25 09:34:03]   Epoch Time: 309.37s
[2026-02-25 09:34:03]   Total Time: 11.98h
[2026-02-25 09:34:03] 
================================================================================
[2026-02-25 09:34:03] Epoch 136/300
[2026-02-25 09:34:03] ================================================================================
[2026-02-25 09:39:10] 
Epoch 136 Summary:
[2026-02-25 09:39:10]   Training Loss: 0.195102
[2026-02-25 09:39:10]   Learning Rate: 5.782172e-05
[2026-02-25 09:39:10]   Epoch Time: 307.44s
[2026-02-25 09:39:10]   Total Time: 12.07h
[2026-02-25 09:39:10] 
================================================================================
[2026-02-25 09:39:10] Epoch 137/300
[2026-02-25 09:39:10] ================================================================================
[2026-02-25 09:44:12] 
Epoch 137 Summary:
[2026-02-25 09:44:12]   Training Loss: 0.168692
[2026-02-25 09:44:12]   Learning Rate: 5.730415e-05
[2026-02-25 09:44:12]   Epoch Time: 301.15s
[2026-02-25 09:44:12]   Total Time: 12.15h
[2026-02-25 09:44:12] 
================================================================================
[2026-02-25 09:44:12] Epoch 138/300
[2026-02-25 09:44:12] ================================================================================
[2026-02-25 09:49:11] 
Epoch 138 Summary:
[2026-02-25 09:49:11]   Training Loss: 0.169401
[2026-02-25 09:49:11]   Learning Rate: 5.678578e-05
[2026-02-25 09:49:11]   Epoch Time: 299.56s
[2026-02-25 09:49:11]   Total Time: 12.24h
[2026-02-25 09:49:11] 
================================================================================
[2026-02-25 09:49:11] Epoch 139/300
[2026-02-25 09:49:11] ================================================================================
[2026-02-25 09:54:11] 
Epoch 139 Summary:
[2026-02-25 09:54:11]   Training Loss: 0.184426
[2026-02-25 09:54:11]   Learning Rate: 5.626666e-05
[2026-02-25 09:54:11]   Epoch Time: 300.09s
[2026-02-25 09:54:11]   Total Time: 12.32h
[2026-02-25 09:54:11] 
================================================================================
[2026-02-25 09:54:11] Epoch 140/300
[2026-02-25 09:54:11] ================================================================================
[2026-02-25 09:59:21] 
Epoch 140 Summary:
[2026-02-25 09:59:21]   Training Loss: 0.193976
[2026-02-25 09:59:21]   Learning Rate: 5.574686e-05
[2026-02-25 09:59:21]   Epoch Time: 309.92s
[2026-02-25 09:59:21]   Total Time: 12.40h
[2026-02-25 10:02:03] 
────────────────────────────────────────────────────────────────────────────────
[2026-02-25 10:02:03] Validation Results:
[2026-02-25 10:02:03]   ET (Enhancing Tumor): 0.8787
[2026-02-25 10:02:03]   TC (Tumor Core):      0.9020
[2026-02-25 10:02:03]   WT (Whole Tumor):     0.9243
[2026-02-25 10:02:03]   Average Dice:         0.9017
[2026-02-25 10:02:03]   Best remains: 0.9036
[2026-02-25 10:02:03] ────────────────────────────────────────────────────────────────────────────────
[2026-02-25 10:02:03] 
================================================================================
[2026-02-25 10:02:03] Epoch 141/300
[2026-02-25 10:02:03] ================================================================================
[2026-02-25 10:07:11] 
Epoch 141 Summary:
[2026-02-25 10:07:11]   Training Loss: 0.173946
[2026-02-25 10:07:11]   Learning Rate: 5.522642e-05
[2026-02-25 10:07:11]   Epoch Time: 308.43s
[2026-02-25 10:07:11]   Total Time: 12.54h
[2026-02-25 10:07:11] 
================================================================================
[2026-02-25 10:07:11] Epoch 142/300
[2026-02-25 10:07:11] ================================================================================
[2026-02-25 10:12:20] 
Epoch 142 Summary:
[2026-02-25 10:12:20]   Training Loss: 0.166900
[2026-02-25 10:12:20]   Learning Rate: 5.470542e-05
[2026-02-25 10:12:20]   Epoch Time: 308.99s
[2026-02-25 10:12:20]   Total Time: 12.62h
[2026-02-25 10:12:20] 
================================================================================
[2026-02-25 10:12:20] Epoch 143/300
[2026-02-25 10:12:20] ================================================================================
[2026-02-25 10:17:20] 
Epoch 143 Summary:
[2026-02-25 10:17:20]   Training Loss: 0.171760
[2026-02-25 10:17:20]   Learning Rate: 5.418389e-05
[2026-02-25 10:17:20]   Epoch Time: 299.72s
[2026-02-25 10:17:20]   Total Time: 12.70h
[2026-02-25 10:17:20] 
================================================================================
[2026-02-25 10:17:20] Epoch 144/300
[2026-02-25 10:17:20] ================================================================================
[2026-02-25 10:22:18] 
Epoch 144 Summary:
[2026-02-25 10:22:18]   Training Loss: 0.176367
[2026-02-25 10:22:18]   Learning Rate: 5.366191e-05
[2026-02-25 10:22:18]   Epoch Time: 297.65s
[2026-02-25 10:22:18]   Total Time: 12.79h
[2026-02-25 10:22:18] 
================================================================================
[2026-02-25 10:22:18] Epoch 145/300
[2026-02-25 10:22:18] ================================================================================
[2026-02-25 10:27:18] 
Epoch 145 Summary:
[2026-02-25 10:27:18]   Training Loss: 0.170700
[2026-02-25 10:27:18]   Learning Rate: 5.313953e-05
[2026-02-25 10:27:18]   Epoch Time: 299.72s
[2026-02-25 10:27:18]   Total Time: 12.87h
[2026-02-25 10:27:18] 
================================================================================
[2026-02-25 10:27:18] Epoch 146/300
[2026-02-25 10:27:18] ================================================================================
[2026-02-25 10:32:28] 
Epoch 146 Summary:
[2026-02-25 10:32:28]   Training Loss: 0.176165
[2026-02-25 10:32:28]   Learning Rate: 5.261680e-05
[2026-02-25 10:32:28]   Epoch Time: 309.94s
[2026-02-25 10:32:28]   Total Time: 12.96h
[2026-02-25 10:32:28] 
================================================================================
[2026-02-25 10:32:28] Epoch 147/300
[2026-02-25 10:32:28] ================================================================================
[2026-02-25 10:37:37] 
Epoch 147 Summary:
[2026-02-25 10:37:37]   Training Loss: 0.181409
[2026-02-25 10:37:37]   Learning Rate: 5.209378e-05
[2026-02-25 10:37:37]   Epoch Time: 309.71s
[2026-02-25 10:37:37]   Total Time: 13.04h
[2026-02-25 10:37:37] 
================================================================================
[2026-02-25 10:37:37] Epoch 148/300
[2026-02-25 10:37:37] ================================================================================
[2026-02-25 10:42:47] 
Epoch 148 Summary:
[2026-02-25 10:42:47]   Training Loss: 0.182224
[2026-02-25 10:42:47]   Learning Rate: 5.157054e-05
[2026-02-25 10:42:47]   Epoch Time: 309.69s
[2026-02-25 10:42:47]   Total Time: 13.13h
[2026-02-25 10:42:47] 
================================================================================
[2026-02-25 10:42:47] Epoch 149/300
[2026-02-25 10:42:47] ================================================================================
[2026-02-25 10:47:49] 
Epoch 149 Summary:
[2026-02-25 10:47:49]   Training Loss: 0.163158
[2026-02-25 10:47:49]   Learning Rate: 5.104712e-05
[2026-02-25 10:47:49]   Epoch Time: 302.09s
[2026-02-25 10:47:49]   Total Time: 13.21h
[2026-02-25 10:47:49] 
================================================================================
[2026-02-25 10:47:49] Epoch 150/300
[2026-02-25 10:47:49] ================================================================================
[2026-02-25 10:52:47] 
Epoch 150 Summary:
[2026-02-25 10:52:47]   Training Loss: 0.192873
[2026-02-25 10:52:47]   Learning Rate: 5.052359e-05
[2026-02-25 10:52:47]   Epoch Time: 298.01s
[2026-02-25 10:52:47]   Total Time: 13.30h
[2026-02-25 10:55:29] 
────────────────────────────────────────────────────────────────────────────────
[2026-02-25 10:55:29] Validation Results:
[2026-02-25 10:55:29]   ET (Enhancing Tumor): 0.8839
[2026-02-25 10:55:29]   TC (Tumor Core):      0.9049
[2026-02-25 10:55:29]   WT (Whole Tumor):     0.9292
[2026-02-25 10:55:29]   Average Dice:         0.9060
[2026-02-25 10:55:29]   ✓ New best model! (↑ 0.0025)
[2026-02-25 10:55:29] ────────────────────────────────────────────────────────────────────────────────
[2026-02-25 10:55:29]   ✓ Saved best checkpoint (Epoch 150)
[2026-02-25 10:55:29]   ✓ Saved epoch_150 checkpoint (Epoch 150)
[2026-02-25 10:55:29] 
================================================================================
[2026-02-25 10:55:29] Epoch 151/300
[2026-02-25 10:55:29] ================================================================================
[2026-02-25 11:00:27] 
Epoch 151 Summary:
[2026-02-25 11:00:27]   Training Loss: 0.182741
[2026-02-25 11:00:27]   Learning Rate: 5.000000e-05
[2026-02-25 11:00:27]   Epoch Time: 298.31s
[2026-02-25 11:00:27]   Total Time: 13.42h
[2026-02-25 11:00:27] 
================================================================================
[2026-02-25 11:00:27] Epoch 152/300
[2026-02-25 11:00:27] ================================================================================
[2026-02-25 11:05:30] 
Epoch 152 Summary:
[2026-02-25 11:05:30]   Training Loss: 0.176471
[2026-02-25 11:05:30]   Learning Rate: 4.947641e-05
[2026-02-25 11:05:30]   Epoch Time: 303.05s
[2026-02-25 11:05:30]   Total Time: 13.51h
[2026-02-25 11:05:31] 
================================================================================
[2026-02-25 11:05:31] Epoch 153/300
[2026-02-25 11:05:31] ================================================================================
[2026-02-25 11:10:39] 
Epoch 153 Summary:
[2026-02-25 11:10:39]   Training Loss: 0.178265
[2026-02-25 11:10:39]   Learning Rate: 4.895288e-05
[2026-02-25 11:10:39]   Epoch Time: 308.50s
[2026-02-25 11:10:39]   Total Time: 13.59h
[2026-02-25 11:10:39] 
================================================================================
[2026-02-25 11:10:39] Epoch 154/300
[2026-02-25 11:10:39] ================================================================================
[2026-02-25 11:15:46] 
Epoch 154 Summary:
[2026-02-25 11:15:46]   Training Loss: 0.173927
[2026-02-25 11:15:46]   Learning Rate: 4.842946e-05
[2026-02-25 11:15:46]   Epoch Time: 307.25s
[2026-02-25 11:15:46]   Total Time: 13.68h
[2026-02-25 11:15:46] 
================================================================================
[2026-02-25 11:15:46] Epoch 155/300
[2026-02-25 11:15:46] ================================================================================
[2026-02-25 11:20:55] 
Epoch 155 Summary:
[2026-02-25 11:20:55]   Training Loss: 0.176457
[2026-02-25 11:20:55]   Learning Rate: 4.790622e-05
[2026-02-25 11:20:55]   Epoch Time: 308.15s
[2026-02-25 11:20:55]   Total Time: 13.76h
[2026-02-25 11:20:55] 
================================================================================
[2026-02-25 11:20:55] Epoch 156/300
[2026-02-25 11:20:55] ================================================================================
[2026-02-25 11:26:04] 
Epoch 156 Summary:
[2026-02-25 11:26:04]   Training Loss: 0.169202
[2026-02-25 11:26:04]   Learning Rate: 4.738320e-05
[2026-02-25 11:26:04]   Epoch Time: 309.73s
[2026-02-25 11:26:04]   Total Time: 13.85h
[2026-02-25 11:26:04] 
================================================================================
[2026-02-25 11:26:04] Epoch 157/300
[2026-02-25 11:26:04] ================================================================================
[2026-02-25 11:31:13] 
Epoch 157 Summary:
[2026-02-25 11:31:13]   Training Loss: 0.169581
[2026-02-25 11:31:13]   Learning Rate: 4.686047e-05
[2026-02-25 11:31:13]   Epoch Time: 308.26s
[2026-02-25 11:31:13]   Total Time: 13.94h
[2026-02-25 11:31:13] 
================================================================================
[2026-02-25 11:31:13] Epoch 158/300
[2026-02-25 11:31:13] ================================================================================
[2026-02-25 11:36:21] 
Epoch 158 Summary:
[2026-02-25 11:36:21]   Training Loss: 0.176835
[2026-02-25 11:36:21]   Learning Rate: 4.633809e-05
[2026-02-25 11:36:21]   Epoch Time: 308.13s
[2026-02-25 11:36:21]   Total Time: 14.02h
[2026-02-25 11:36:21] 
================================================================================
[2026-02-25 11:36:21] Epoch 159/300
[2026-02-25 11:36:21] ================================================================================
[2026-02-25 11:41:28] 
Epoch 159 Summary:
[2026-02-25 11:41:28]   Training Loss: 0.180256
[2026-02-25 11:41:28]   Learning Rate: 4.581611e-05
[2026-02-25 11:41:28]   Epoch Time: 306.77s
[2026-02-25 11:41:28]   Total Time: 14.11h
[2026-02-25 11:41:28] 
================================================================================
[2026-02-25 11:41:28] Epoch 160/300
[2026-02-25 11:41:28] ================================================================================
[2026-02-25 11:46:35] 
Epoch 160 Summary:
[2026-02-25 11:46:35]   Training Loss: 0.174675
[2026-02-25 11:46:35]   Learning Rate: 4.529458e-05
[2026-02-25 11:46:35]   Epoch Time: 306.96s
[2026-02-25 11:46:35]   Total Time: 14.19h
[2026-02-25 11:49:16] 
────────────────────────────────────────────────────────────────────────────────
[2026-02-25 11:49:16] Validation Results:
[2026-02-25 11:49:16]   ET (Enhancing Tumor): 0.8813
[2026-02-25 11:49:16]   TC (Tumor Core):      0.9081
[2026-02-25 11:49:16]   WT (Whole Tumor):     0.9233
[2026-02-25 11:49:16]   Average Dice:         0.9042
[2026-02-25 11:49:16]   Best remains: 0.9060
[2026-02-25 11:49:16] ────────────────────────────────────────────────────────────────────────────────
[2026-02-25 11:49:16] 
================================================================================
[2026-02-25 11:49:16] Epoch 161/300
[2026-02-25 11:49:16] ================================================================================
[2026-02-25 11:54:24] 
Epoch 161 Summary:
[2026-02-25 11:54:24]   Training Loss: 0.175327
[2026-02-25 11:54:24]   Learning Rate: 4.477358e-05
[2026-02-25 11:54:24]   Epoch Time: 307.52s
[2026-02-25 11:54:24]   Total Time: 14.32h
[2026-02-25 11:54:24] 
================================================================================
[2026-02-25 11:54:24] Epoch 162/300
[2026-02-25 11:54:24] ================================================================================
[2026-02-25 11:59:33] 
Epoch 162 Summary:
[2026-02-25 11:59:33]   Training Loss: 0.175074
[2026-02-25 11:59:33]   Learning Rate: 4.425314e-05
[2026-02-25 11:59:33]   Epoch Time: 309.18s
[2026-02-25 11:59:33]   Total Time: 14.41h
[2026-02-25 11:59:33] 
================================================================================
[2026-02-25 11:59:33] Epoch 163/300
[2026-02-25 11:59:33] ================================================================================
[2026-02-25 12:04:41] 
Epoch 163 Summary:
[2026-02-25 12:04:41]   Training Loss: 0.175047
[2026-02-25 12:04:41]   Learning Rate: 4.373334e-05
[2026-02-25 12:04:41]   Epoch Time: 308.13s
[2026-02-25 12:04:41]   Total Time: 14.49h
[2026-02-25 12:04:41] 
================================================================================
[2026-02-25 12:04:41] Epoch 164/300
[2026-02-25 12:04:41] ================================================================================
[2026-02-25 12:09:50] 
Epoch 164 Summary:
[2026-02-25 12:09:50]   Training Loss: 0.165237
[2026-02-25 12:09:50]   Learning Rate: 4.321422e-05
[2026-02-25 12:09:50]   Epoch Time: 308.36s
[2026-02-25 12:09:50]   Total Time: 14.58h
[2026-02-25 12:09:50] 
================================================================================
[2026-02-25 12:09:50] Epoch 165/300
[2026-02-25 12:09:50] ================================================================================
[2026-02-25 12:14:55] 
Epoch 165 Summary:
[2026-02-25 12:14:55]   Training Loss: 0.169870
[2026-02-25 12:14:55]   Learning Rate: 4.269585e-05
[2026-02-25 12:14:55]   Epoch Time: 305.46s
[2026-02-25 12:14:55]   Total Time: 14.66h
[2026-02-25 12:14:55] 
================================================================================
[2026-02-25 12:14:55] Epoch 166/300
[2026-02-25 12:14:55] ================================================================================
[2026-02-25 12:20:03] 
Epoch 166 Summary:
[2026-02-25 12:20:03]   Training Loss: 0.165493
[2026-02-25 12:20:03]   Learning Rate: 4.217828e-05
[2026-02-25 12:20:03]   Epoch Time: 307.34s
[2026-02-25 12:20:03]   Total Time: 14.75h
[2026-02-25 12:20:03] 
================================================================================
[2026-02-25 12:20:03] Epoch 167/300
[2026-02-25 12:20:03] ================================================================================
[2026-02-25 12:25:10] 
Epoch 167 Summary:
[2026-02-25 12:25:10]   Training Loss: 0.182124
[2026-02-25 12:25:10]   Learning Rate: 4.166156e-05
[2026-02-25 12:25:10]   Epoch Time: 307.43s
[2026-02-25 12:25:10]   Total Time: 14.83h
[2026-02-25 12:25:10] 
================================================================================
[2026-02-25 12:25:10] Epoch 168/300
[2026-02-25 12:25:10] ================================================================================
[2026-02-25 12:30:18] 
Epoch 168 Summary:
[2026-02-25 12:30:18]   Training Loss: 0.180181
[2026-02-25 12:30:18]   Learning Rate: 4.114576e-05
[2026-02-25 12:30:18]   Epoch Time: 307.99s
[2026-02-25 12:30:18]   Total Time: 14.92h
[2026-02-25 12:30:18] 
================================================================================
[2026-02-25 12:30:18] Epoch 169/300
[2026-02-25 12:30:18] ================================================================================
[2026-02-25 12:35:26] 
Epoch 169 Summary:
[2026-02-25 12:35:26]   Training Loss: 0.169751
[2026-02-25 12:35:26]   Learning Rate: 4.063093e-05
[2026-02-25 12:35:26]   Epoch Time: 308.12s
[2026-02-25 12:35:26]   Total Time: 15.01h
[2026-02-25 12:35:26] 
================================================================================
[2026-02-25 12:35:26] Epoch 170/300
[2026-02-25 12:35:26] ================================================================================
[2026-02-25 12:40:35] 
Epoch 170 Summary:
[2026-02-25 12:40:35]   Training Loss: 0.168954
[2026-02-25 12:40:35]   Learning Rate: 4.011713e-05
[2026-02-25 12:40:35]   Epoch Time: 308.22s
[2026-02-25 12:40:35]   Total Time: 15.09h
[2026-02-25 12:43:16] 
────────────────────────────────────────────────────────────────────────────────
[2026-02-25 12:43:16] Validation Results:
[2026-02-25 12:43:16]   ET (Enhancing Tumor): 0.8781
[2026-02-25 12:43:16]   TC (Tumor Core):      0.9032
[2026-02-25 12:43:16]   WT (Whole Tumor):     0.9289
[2026-02-25 12:43:16]   Average Dice:         0.9034
[2026-02-25 12:43:16]   Best remains: 0.9060
[2026-02-25 12:43:16] ────────────────────────────────────────────────────────────────────────────────
[2026-02-25 12:43:16] 
================================================================================
[2026-02-25 12:43:16] Epoch 171/300
[2026-02-25 12:43:16] ================================================================================
[2026-02-25 12:48:23] 
Epoch 171 Summary:
[2026-02-25 12:48:23]   Training Loss: 0.157764
[2026-02-25 12:48:23]   Learning Rate: 3.960442e-05
[2026-02-25 12:48:23]   Epoch Time: 306.48s
[2026-02-25 12:48:23]   Total Time: 15.22h
[2026-02-25 12:48:23] 
================================================================================
[2026-02-25 12:48:23] Epoch 172/300
[2026-02-25 12:48:23] ================================================================================
[2026-02-25 12:53:29] 
Epoch 172 Summary:
[2026-02-25 12:53:29]   Training Loss: 0.176061
[2026-02-25 12:53:29]   Learning Rate: 3.909284e-05
[2026-02-25 12:53:29]   Epoch Time: 306.37s
[2026-02-25 12:53:29]   Total Time: 15.31h
[2026-02-25 12:53:29] 
================================================================================
[2026-02-25 12:53:29] Epoch 173/300
[2026-02-25 12:53:29] ================================================================================
[2026-02-25 12:58:38] 
Epoch 173 Summary:
[2026-02-25 12:58:38]   Training Loss: 0.168809
[2026-02-25 12:58:38]   Learning Rate: 3.858246e-05
[2026-02-25 12:58:38]   Epoch Time: 308.39s
[2026-02-25 12:58:38]   Total Time: 15.39h
[2026-02-25 12:58:38] 
================================================================================
[2026-02-25 12:58:38] Epoch 174/300
[2026-02-25 12:58:38] ================================================================================
[2026-02-25 13:03:45] 
Epoch 174 Summary:
[2026-02-25 13:03:45]   Training Loss: 0.162010
[2026-02-25 13:03:45]   Learning Rate: 3.807333e-05
[2026-02-25 13:03:45]   Epoch Time: 307.61s
[2026-02-25 13:03:45]   Total Time: 15.48h
[2026-02-25 13:03:45] 
================================================================================
[2026-02-25 13:03:45] Epoch 175/300
[2026-02-25 13:03:45] ================================================================================
[2026-02-25 13:08:54] 
Epoch 175 Summary:
[2026-02-25 13:08:54]   Training Loss: 0.167551
[2026-02-25 13:08:54]   Learning Rate: 3.756551e-05
[2026-02-25 13:08:54]   Epoch Time: 308.50s
[2026-02-25 13:08:54]   Total Time: 15.56h
[2026-02-25 13:08:54] 
================================================================================
[2026-02-25 13:08:54] Epoch 176/300
[2026-02-25 13:08:54] ================================================================================
[2026-02-25 13:14:03] 
Epoch 176 Summary:
[2026-02-25 13:14:03]   Training Loss: 0.182434
[2026-02-25 13:14:03]   Learning Rate: 3.705905e-05
[2026-02-25 13:14:03]   Epoch Time: 309.24s
[2026-02-25 13:14:03]   Total Time: 15.65h
[2026-02-25 13:14:03] 
================================================================================
[2026-02-25 13:14:03] Epoch 177/300
[2026-02-25 13:14:03] ================================================================================
[2026-02-25 13:19:12] 
Epoch 177 Summary:
[2026-02-25 13:19:12]   Training Loss: 0.164100
[2026-02-25 13:19:12]   Learning Rate: 3.655401e-05
[2026-02-25 13:19:12]   Epoch Time: 308.70s
[2026-02-25 13:19:12]   Total Time: 15.74h
[2026-02-25 13:19:12] 
================================================================================
[2026-02-25 13:19:12] Epoch 178/300
[2026-02-25 13:19:12] ================================================================================
[2026-02-25 13:24:20] 
Epoch 178 Summary:
[2026-02-25 13:24:20]   Training Loss: 0.166053
[2026-02-25 13:24:20]   Learning Rate: 3.605044e-05
[2026-02-25 13:24:20]   Epoch Time: 307.94s
[2026-02-25 13:24:20]   Total Time: 15.82h
[2026-02-25 13:24:20] 
================================================================================
[2026-02-25 13:24:20] Epoch 179/300
[2026-02-25 13:24:20] ================================================================================
[2026-02-25 13:29:27] 
Epoch 179 Summary:
[2026-02-25 13:29:27]   Training Loss: 0.162307
[2026-02-25 13:29:27]   Learning Rate: 3.554841e-05
[2026-02-25 13:29:27]   Epoch Time: 307.47s
[2026-02-25 13:29:27]   Total Time: 15.91h
[2026-02-25 13:29:27] 
================================================================================
[2026-02-25 13:29:27] Epoch 180/300
[2026-02-25 13:29:27] ================================================================================
[2026-02-25 13:34:34] 
Epoch 180 Summary:
[2026-02-25 13:34:34]   Training Loss: 0.180572
[2026-02-25 13:34:34]   Learning Rate: 3.504796e-05
[2026-02-25 13:34:34]   Epoch Time: 306.69s
[2026-02-25 13:34:34]   Total Time: 15.99h
[2026-02-25 13:37:16] 
────────────────────────────────────────────────────────────────────────────────
[2026-02-25 13:37:16] Validation Results:
[2026-02-25 13:37:16]   ET (Enhancing Tumor): 0.8813
[2026-02-25 13:37:16]   TC (Tumor Core):      0.9041
[2026-02-25 13:37:16]   WT (Whole Tumor):     0.9254
[2026-02-25 13:37:16]   Average Dice:         0.9036
[2026-02-25 13:37:16]   Best remains: 0.9060
[2026-02-25 13:37:16] ────────────────────────────────────────────────────────────────────────────────
[2026-02-25 13:37:16] 
================================================================================
[2026-02-25 13:37:16] Epoch 181/300
[2026-02-25 13:37:16] ================================================================================
[2026-02-25 13:42:24] 
Epoch 181 Summary:
[2026-02-25 13:42:24]   Training Loss: 0.178386
[2026-02-25 13:42:24]   Learning Rate: 3.454915e-05
[2026-02-25 13:42:24]   Epoch Time: 308.09s
[2026-02-25 13:42:24]   Total Time: 16.12h
[2026-02-25 13:42:24] 
================================================================================
[2026-02-25 13:42:24] Epoch 182/300
[2026-02-25 13:42:24] ================================================================================
[2026-02-25 13:47:32] 
Epoch 182 Summary:
[2026-02-25 13:47:32]   Training Loss: 0.171623
[2026-02-25 13:47:32]   Learning Rate: 3.405203e-05
[2026-02-25 13:47:32]   Epoch Time: 308.07s
[2026-02-25 13:47:32]   Total Time: 16.21h
[2026-02-25 13:47:32] 
================================================================================
[2026-02-25 13:47:32] Epoch 183/300
[2026-02-25 13:47:32] ================================================================================
[2026-02-25 13:52:38] 
Epoch 183 Summary:
[2026-02-25 13:52:38]   Training Loss: 0.168949
[2026-02-25 13:52:38]   Learning Rate: 3.355667e-05
[2026-02-25 13:52:38]   Epoch Time: 306.54s
[2026-02-25 13:52:38]   Total Time: 16.29h
[2026-02-25 13:52:38] 
================================================================================
[2026-02-25 13:52:38] Epoch 184/300
[2026-02-25 13:52:38] ================================================================================
[2026-02-25 13:57:44] 
Epoch 184 Summary:
[2026-02-25 13:57:44]   Training Loss: 0.159930
[2026-02-25 13:57:44]   Learning Rate: 3.306310e-05
[2026-02-25 13:57:44]   Epoch Time: 305.62s
[2026-02-25 13:57:44]   Total Time: 16.38h
[2026-02-25 13:57:44] 
================================================================================
[2026-02-25 13:57:44] Epoch 185/300
[2026-02-25 13:57:44] ================================================================================
[2026-02-25 14:02:52] 
Epoch 185 Summary:
[2026-02-25 14:02:52]   Training Loss: 0.184509
[2026-02-25 14:02:52]   Learning Rate: 3.257140e-05
[2026-02-25 14:02:52]   Epoch Time: 308.20s
[2026-02-25 14:02:52]   Total Time: 16.46h
[2026-02-25 14:02:52] 
================================================================================
[2026-02-25 14:02:52] Epoch 186/300
[2026-02-25 14:02:52] ================================================================================
[2026-02-25 14:08:00] 
Epoch 186 Summary:
[2026-02-25 14:08:00]   Training Loss: 0.167623
[2026-02-25 14:08:00]   Learning Rate: 3.208160e-05
[2026-02-25 14:08:00]   Epoch Time: 307.86s
[2026-02-25 14:08:00]   Total Time: 16.55h
[2026-02-25 14:08:00] 
================================================================================
[2026-02-25 14:08:00] Epoch 187/300
[2026-02-25 14:08:00] ================================================================================
[2026-02-25 14:13:08] 
Epoch 187 Summary:
[2026-02-25 14:13:08]   Training Loss: 0.176345
[2026-02-25 14:13:08]   Learning Rate: 3.159377e-05
[2026-02-25 14:13:08]   Epoch Time: 307.95s
[2026-02-25 14:13:08]   Total Time: 16.63h
[2026-02-25 14:13:08] 
================================================================================
[2026-02-25 14:13:08] Epoch 188/300
[2026-02-25 14:13:08] ================================================================================
[2026-02-25 14:18:16] 
Epoch 188 Summary:
[2026-02-25 14:18:16]   Training Loss: 0.171474
[2026-02-25 14:18:16]   Learning Rate: 3.110796e-05
[2026-02-25 14:18:16]   Epoch Time: 308.08s
[2026-02-25 14:18:16]   Total Time: 16.72h
[2026-02-25 14:18:16] 
================================================================================
[2026-02-25 14:18:16] Epoch 189/300
[2026-02-25 14:18:16] ================================================================================
[2026-02-25 14:23:26] 
Epoch 189 Summary:
[2026-02-25 14:23:26]   Training Loss: 0.165330
[2026-02-25 14:23:26]   Learning Rate: 3.062422e-05
[2026-02-25 14:23:26]   Epoch Time: 309.32s
[2026-02-25 14:23:26]   Total Time: 16.81h
[2026-02-25 14:23:26] 
================================================================================
[2026-02-25 14:23:26] Epoch 190/300
[2026-02-25 14:23:26] ================================================================================
[2026-02-25 14:28:32] 
Epoch 190 Summary:
[2026-02-25 14:28:32]   Training Loss: 0.164931
[2026-02-25 14:28:32]   Learning Rate: 3.014261e-05
[2026-02-25 14:28:32]   Epoch Time: 306.53s
[2026-02-25 14:28:32]   Total Time: 16.89h
[2026-02-25 14:31:14] 
────────────────────────────────────────────────────────────────────────────────
[2026-02-25 14:31:14] Validation Results:
[2026-02-25 14:31:14]   ET (Enhancing Tumor): 0.8822
[2026-02-25 14:31:14]   TC (Tumor Core):      0.9030
[2026-02-25 14:31:14]   WT (Whole Tumor):     0.9313
[2026-02-25 14:31:14]   Average Dice:         0.9055
[2026-02-25 14:31:14]   Best remains: 0.9060
[2026-02-25 14:31:14] ────────────────────────────────────────────────────────────────────────────────
[2026-02-25 14:31:14] 
================================================================================
[2026-02-25 14:31:14] Epoch 191/300
[2026-02-25 14:31:14] ================================================================================
[2026-02-25 14:36:21] 
Epoch 191 Summary:
[2026-02-25 14:36:21]   Training Loss: 0.182789
[2026-02-25 14:36:21]   Learning Rate: 2.966317e-05
[2026-02-25 14:36:21]   Epoch Time: 307.33s
[2026-02-25 14:36:21]   Total Time: 17.02h
[2026-02-25 14:36:21] 
================================================================================
[2026-02-25 14:36:21] Epoch 192/300
[2026-02-25 14:36:21] ================================================================================
[2026-02-25 14:41:30] 
Epoch 192 Summary:
[2026-02-25 14:41:30]   Training Loss: 0.176723
[2026-02-25 14:41:30]   Learning Rate: 2.918596e-05
[2026-02-25 14:41:30]   Epoch Time: 308.80s
[2026-02-25 14:41:30]   Total Time: 17.11h
[2026-02-25 14:41:30] 
================================================================================
[2026-02-25 14:41:30] Epoch 193/300
[2026-02-25 14:41:30] ================================================================================
[2026-02-25 14:46:39] 
Epoch 193 Summary:
[2026-02-25 14:46:39]   Training Loss: 0.172082
[2026-02-25 14:46:39]   Learning Rate: 2.871104e-05
[2026-02-25 14:46:39]   Epoch Time: 308.76s
[2026-02-25 14:46:39]   Total Time: 17.19h
[2026-02-25 14:46:39] 
================================================================================
[2026-02-25 14:46:39] Epoch 194/300
[2026-02-25 14:46:39] ================================================================================
[2026-02-25 14:51:48] 
Epoch 194 Summary:
[2026-02-25 14:51:48]   Training Loss: 0.164231
[2026-02-25 14:51:48]   Learning Rate: 2.823845e-05
[2026-02-25 14:51:48]   Epoch Time: 308.62s
[2026-02-25 14:51:48]   Total Time: 17.28h
[2026-02-25 14:51:48] 
================================================================================
[2026-02-25 14:51:48] Epoch 195/300
[2026-02-25 14:51:48] ================================================================================
[2026-02-25 14:56:55] 
Epoch 195 Summary:
[2026-02-25 14:56:55]   Training Loss: 0.176261
[2026-02-25 14:56:55]   Learning Rate: 2.776824e-05
[2026-02-25 14:56:55]   Epoch Time: 307.31s
[2026-02-25 14:56:55]   Total Time: 17.36h
[2026-02-25 14:56:55] 
================================================================================
[2026-02-25 14:56:55] Epoch 196/300
[2026-02-25 14:56:55] ================================================================================
[2026-02-25 15:02:01] 
Epoch 196 Summary:
[2026-02-25 15:02:01]   Training Loss: 0.165492
[2026-02-25 15:02:01]   Learning Rate: 2.730048e-05
[2026-02-25 15:02:01]   Epoch Time: 306.34s
[2026-02-25 15:02:01]   Total Time: 17.45h
[2026-02-25 15:02:01] 
================================================================================
[2026-02-25 15:02:01] Epoch 197/300
[2026-02-25 15:02:01] ================================================================================
[2026-02-25 15:07:09] 
Epoch 197 Summary:
[2026-02-25 15:07:09]   Training Loss: 0.167993
[2026-02-25 15:07:09]   Learning Rate: 2.683520e-05
[2026-02-25 15:07:09]   Epoch Time: 308.15s
[2026-02-25 15:07:09]   Total Time: 17.53h
[2026-02-25 15:07:10] 
================================================================================
[2026-02-25 15:07:10] Epoch 198/300
[2026-02-25 15:07:10] ================================================================================
[2026-02-25 15:12:17] 
Epoch 198 Summary:
[2026-02-25 15:12:17]   Training Loss: 0.164835
[2026-02-25 15:12:17]   Learning Rate: 2.637246e-05
[2026-02-25 15:12:17]   Epoch Time: 307.72s
[2026-02-25 15:12:17]   Total Time: 17.62h
[2026-02-25 15:12:17] 
================================================================================
[2026-02-25 15:12:17] Epoch 199/300
[2026-02-25 15:12:17] ================================================================================
[2026-02-25 15:17:23] 
Epoch 199 Summary:
[2026-02-25 15:17:23]   Training Loss: 0.173582
[2026-02-25 15:17:23]   Learning Rate: 2.591232e-05
[2026-02-25 15:17:23]   Epoch Time: 305.83s
[2026-02-25 15:17:23]   Total Time: 17.71h
[2026-02-25 15:17:23] 
================================================================================
[2026-02-25 15:17:23] Epoch 200/300
[2026-02-25 15:17:23] ================================================================================
[2026-02-25 15:22:31] 
Epoch 200 Summary:
[2026-02-25 15:22:31]   Training Loss: 0.162627
[2026-02-25 15:22:31]   Learning Rate: 2.545481e-05
[2026-02-25 15:22:31]   Epoch Time: 307.43s
[2026-02-25 15:22:31]   Total Time: 17.79h
[2026-02-25 15:25:12] 
────────────────────────────────────────────────────────────────────────────────
[2026-02-25 15:25:12] Validation Results:
[2026-02-25 15:25:12]   ET (Enhancing Tumor): 0.8791
[2026-02-25 15:25:12]   TC (Tumor Core):      0.9040
[2026-02-25 15:25:12]   WT (Whole Tumor):     0.9283
[2026-02-25 15:25:12]   Average Dice:         0.9038
[2026-02-25 15:25:12]   Best remains: 0.9060
[2026-02-25 15:25:12] ────────────────────────────────────────────────────────────────────────────────
[2026-02-25 15:25:12]   ✓ Saved epoch_200 checkpoint (Epoch 200)
[2026-02-25 15:25:12] 
================================================================================
[2026-02-25 15:25:12] Epoch 201/300
[2026-02-25 15:25:12] ================================================================================
[2026-02-25 15:30:19] 
Epoch 201 Summary:
[2026-02-25 15:30:19]   Training Loss: 0.171920
[2026-02-25 15:30:19]   Learning Rate: 2.500000e-05
[2026-02-25 15:30:19]   Epoch Time: 307.28s
[2026-02-25 15:30:19]   Total Time: 17.92h
[2026-02-25 15:30:20] 
================================================================================
[2026-02-25 15:30:20] Epoch 202/300
[2026-02-25 15:30:20] ================================================================================
[2026-02-25 15:35:25] 
Epoch 202 Summary:
[2026-02-25 15:35:25]   Training Loss: 0.164322
[2026-02-25 15:35:25]   Learning Rate: 2.454793e-05
[2026-02-25 15:35:25]   Epoch Time: 305.74s
[2026-02-25 15:35:25]   Total Time: 18.01h
[2026-02-25 15:35:25] 
================================================================================
[2026-02-25 15:35:25] Epoch 203/300
[2026-02-25 15:35:25] ================================================================================
[2026-02-25 15:40:33] 
Epoch 203 Summary:
[2026-02-25 15:40:33]   Training Loss: 0.176808
[2026-02-25 15:40:33]   Learning Rate: 2.409865e-05
[2026-02-25 15:40:33]   Epoch Time: 307.21s
[2026-02-25 15:40:33]   Total Time: 18.09h
[2026-02-25 15:40:33] 
================================================================================
[2026-02-25 15:40:33] Epoch 204/300
[2026-02-25 15:40:33] ================================================================================
[2026-02-25 15:45:40] 
Epoch 204 Summary:
[2026-02-25 15:45:40]   Training Loss: 0.159289
[2026-02-25 15:45:40]   Learning Rate: 2.365221e-05
[2026-02-25 15:45:40]   Epoch Time: 307.06s
[2026-02-25 15:45:40]   Total Time: 18.18h
[2026-02-25 15:45:40] 
================================================================================
[2026-02-25 15:45:40] Epoch 205/300
[2026-02-25 15:45:40] ================================================================================
[2026-02-25 15:50:47] 
Epoch 205 Summary:
[2026-02-25 15:50:47]   Training Loss: 0.180416
[2026-02-25 15:50:47]   Learning Rate: 2.320866e-05
[2026-02-25 15:50:47]   Epoch Time: 307.18s
[2026-02-25 15:50:47]   Total Time: 18.26h
[2026-02-25 15:50:47] 
================================================================================
[2026-02-25 15:50:47] Epoch 206/300
[2026-02-25 15:50:47] ================================================================================
[2026-02-25 15:55:55] 
Epoch 206 Summary:
[2026-02-25 15:55:55]   Training Loss: 0.173312
[2026-02-25 15:55:55]   Learning Rate: 2.276805e-05
[2026-02-25 15:55:55]   Epoch Time: 308.11s
[2026-02-25 15:55:55]   Total Time: 18.35h
[2026-02-25 15:55:55] 
================================================================================
[2026-02-25 15:55:55] Epoch 207/300
[2026-02-25 15:55:55] ================================================================================
[2026-02-25 16:01:04] 
Epoch 207 Summary:
[2026-02-25 16:01:04]   Training Loss: 0.181605
[2026-02-25 16:01:04]   Learning Rate: 2.233042e-05
[2026-02-25 16:01:04]   Epoch Time: 309.21s
[2026-02-25 16:01:04]   Total Time: 18.43h
[2026-02-25 16:01:04] 
================================================================================
[2026-02-25 16:01:04] Epoch 208/300
[2026-02-25 16:01:04] ================================================================================
[2026-02-25 16:06:13] 
Epoch 208 Summary:
[2026-02-25 16:06:13]   Training Loss: 0.162752
[2026-02-25 16:06:13]   Learning Rate: 2.189583e-05
[2026-02-25 16:06:13]   Epoch Time: 308.22s
[2026-02-25 16:06:13]   Total Time: 18.52h
[2026-02-25 16:06:13] 
================================================================================
[2026-02-25 16:06:13] Epoch 209/300
[2026-02-25 16:06:13] ================================================================================
[2026-02-25 16:11:21] 
Epoch 209 Summary:
[2026-02-25 16:11:21]   Training Loss: 0.162571
[2026-02-25 16:11:21]   Learning Rate: 2.146432e-05
[2026-02-25 16:11:21]   Epoch Time: 308.47s
[2026-02-25 16:11:21]   Total Time: 18.60h
[2026-02-25 16:11:21] 
================================================================================
[2026-02-25 16:11:21] Epoch 210/300
[2026-02-25 16:11:21] ================================================================================
[2026-02-25 16:16:30] 
Epoch 210 Summary:
[2026-02-25 16:16:30]   Training Loss: 0.167730
[2026-02-25 16:16:30]   Learning Rate: 2.103594e-05
[2026-02-25 16:16:30]   Epoch Time: 309.13s
[2026-02-25 16:16:30]   Total Time: 18.69h
[2026-02-25 16:19:12] 
────────────────────────────────────────────────────────────────────────────────
[2026-02-25 16:19:12] Validation Results:
[2026-02-25 16:19:12]   ET (Enhancing Tumor): 0.8792
[2026-02-25 16:19:12]   TC (Tumor Core):      0.9014
[2026-02-25 16:19:12]   WT (Whole Tumor):     0.9312
[2026-02-25 16:19:12]   Average Dice:         0.9039
[2026-02-25 16:19:12]   Best remains: 0.9060
[2026-02-25 16:19:12] ────────────────────────────────────────────────────────────────────────────────
[2026-02-25 16:19:12] 
================================================================================
[2026-02-25 16:19:12] Epoch 211/300
[2026-02-25 16:19:12] ================================================================================
[2026-02-25 16:24:21] 
Epoch 211 Summary:
[2026-02-25 16:24:21]   Training Loss: 0.161456
[2026-02-25 16:24:21]   Learning Rate: 2.061074e-05
[2026-02-25 16:24:21]   Epoch Time: 309.01s
[2026-02-25 16:24:21]   Total Time: 18.82h
[2026-02-25 16:24:21] 
================================================================================
[2026-02-25 16:24:21] Epoch 212/300
[2026-02-25 16:24:21] ================================================================================
[2026-02-25 16:29:30] 
Epoch 212 Summary:
[2026-02-25 16:29:30]   Training Loss: 0.171341
[2026-02-25 16:29:30]   Learning Rate: 2.018876e-05
[2026-02-25 16:29:30]   Epoch Time: 308.54s
[2026-02-25 16:29:30]   Total Time: 18.91h
[2026-02-25 16:29:30] 
================================================================================
[2026-02-25 16:29:30] Epoch 213/300
[2026-02-25 16:29:30] ================================================================================
[2026-02-25 16:34:40] 
Epoch 213 Summary:
[2026-02-25 16:34:40]   Training Loss: 0.169319
[2026-02-25 16:34:40]   Learning Rate: 1.977004e-05
[2026-02-25 16:34:40]   Epoch Time: 310.40s
[2026-02-25 16:34:40]   Total Time: 18.99h
[2026-02-25 16:34:40] 
================================================================================
[2026-02-25 16:34:40] Epoch 214/300
[2026-02-25 16:34:40] ================================================================================
[2026-02-25 16:39:49] 
Epoch 214 Summary:
[2026-02-25 16:39:49]   Training Loss: 0.171816
[2026-02-25 16:39:49]   Learning Rate: 1.935465e-05
[2026-02-25 16:39:49]   Epoch Time: 308.77s
[2026-02-25 16:39:49]   Total Time: 19.08h
[2026-02-25 16:39:49] 
================================================================================
[2026-02-25 16:39:49] Epoch 215/300
[2026-02-25 16:39:49] ================================================================================
[2026-02-25 16:44:57] 
Epoch 215 Summary:
[2026-02-25 16:44:57]   Training Loss: 0.163792
[2026-02-25 16:44:57]   Learning Rate: 1.894261e-05
[2026-02-25 16:44:57]   Epoch Time: 308.01s
[2026-02-25 16:44:57]   Total Time: 19.16h
[2026-02-25 16:44:57] 
================================================================================
[2026-02-25 16:44:57] Epoch 216/300
[2026-02-25 16:44:57] ================================================================================
[2026-02-25 16:50:06] 
Epoch 216 Summary:
[2026-02-25 16:50:06]   Training Loss: 0.166703
[2026-02-25 16:50:06]   Learning Rate: 1.853398e-05
[2026-02-25 16:50:06]   Epoch Time: 308.66s
[2026-02-25 16:50:06]   Total Time: 19.25h
[2026-02-25 16:50:06] 
================================================================================
[2026-02-25 16:50:06] Epoch 217/300
[2026-02-25 16:50:06] ================================================================================
[2026-02-25 16:55:13] 
Epoch 217 Summary:
[2026-02-25 16:55:13]   Training Loss: 0.169663
[2026-02-25 16:55:13]   Learning Rate: 1.812880e-05
[2026-02-25 16:55:13]   Epoch Time: 307.63s
[2026-02-25 16:55:13]   Total Time: 19.34h
[2026-02-25 16:55:13] 
================================================================================
[2026-02-25 16:55:13] Epoch 218/300
[2026-02-25 16:55:13] ================================================================================
[2026-02-25 17:00:22] 
Epoch 218 Summary:
[2026-02-25 17:00:22]   Training Loss: 0.166989
[2026-02-25 17:00:22]   Learning Rate: 1.772712e-05
[2026-02-25 17:00:22]   Epoch Time: 308.50s
[2026-02-25 17:00:22]   Total Time: 19.42h
[2026-02-25 17:00:22] 
================================================================================
[2026-02-25 17:00:22] Epoch 219/300
[2026-02-25 17:00:22] ================================================================================
[2026-02-25 17:05:31] 
Epoch 219 Summary:
[2026-02-25 17:05:31]   Training Loss: 0.169034
[2026-02-25 17:05:31]   Learning Rate: 1.732897e-05
[2026-02-25 17:05:31]   Epoch Time: 308.94s
[2026-02-25 17:05:31]   Total Time: 19.51h
[2026-02-25 17:05:31] 
================================================================================
[2026-02-25 17:05:31] Epoch 220/300
[2026-02-25 17:05:31] ================================================================================
[2026-02-25 17:10:41] 
Epoch 220 Summary:
[2026-02-25 17:10:41]   Training Loss: 0.174439
[2026-02-25 17:10:41]   Learning Rate: 1.693441e-05
[2026-02-25 17:10:41]   Epoch Time: 309.85s
[2026-02-25 17:10:41]   Total Time: 19.59h
[2026-02-25 17:13:22] 
────────────────────────────────────────────────────────────────────────────────
[2026-02-25 17:13:22] Validation Results:
[2026-02-25 17:13:22]   ET (Enhancing Tumor): 0.8784
[2026-02-25 17:13:22]   TC (Tumor Core):      0.9032
[2026-02-25 17:13:22]   WT (Whole Tumor):     0.9332
[2026-02-25 17:13:22]   Average Dice:         0.9049
[2026-02-25 17:13:22]   Best remains: 0.9060
[2026-02-25 17:13:22] ────────────────────────────────────────────────────────────────────────────────
[2026-02-25 17:13:22] 
================================================================================
[2026-02-25 17:13:22] Epoch 221/300
[2026-02-25 17:13:22] ================================================================================
[2026-02-25 17:18:31] 
Epoch 221 Summary:
[2026-02-25 17:18:31]   Training Loss: 0.164305
[2026-02-25 17:18:31]   Learning Rate: 1.654347e-05
[2026-02-25 17:18:31]   Epoch Time: 308.43s
[2026-02-25 17:18:31]   Total Time: 19.72h
[2026-02-25 17:18:31] 
================================================================================
[2026-02-25 17:18:31] Epoch 222/300
[2026-02-25 17:18:31] ================================================================================
[2026-02-25 17:23:39] 
Epoch 222 Summary:
[2026-02-25 17:23:39]   Training Loss: 0.172341
[2026-02-25 17:23:39]   Learning Rate: 1.615620e-05
[2026-02-25 17:23:39]   Epoch Time: 308.47s
[2026-02-25 17:23:39]   Total Time: 19.81h
[2026-02-25 17:23:39] 
================================================================================
[2026-02-25 17:23:39] Epoch 223/300
[2026-02-25 17:23:39] ================================================================================
[2026-02-25 17:28:48] 
Epoch 223 Summary:
[2026-02-25 17:28:48]   Training Loss: 0.164551
[2026-02-25 17:28:48]   Learning Rate: 1.577264e-05
[2026-02-25 17:28:48]   Epoch Time: 308.60s
[2026-02-25 17:28:48]   Total Time: 19.90h
[2026-02-25 17:28:48] 
================================================================================
[2026-02-25 17:28:48] Epoch 224/300
[2026-02-25 17:28:48] ================================================================================
[2026-02-25 17:33:57] 
Epoch 224 Summary:
[2026-02-25 17:33:57]   Training Loss: 0.167575
[2026-02-25 17:33:57]   Learning Rate: 1.539284e-05
[2026-02-25 17:33:57]   Epoch Time: 309.43s
[2026-02-25 17:33:57]   Total Time: 19.98h
[2026-02-25 17:33:58] 
================================================================================
[2026-02-25 17:33:58] Epoch 225/300
[2026-02-25 17:33:58] ================================================================================
[2026-02-25 17:39:08] 
Epoch 225 Summary:
[2026-02-25 17:39:08]   Training Loss: 0.161834
[2026-02-25 17:39:08]   Learning Rate: 1.501683e-05
[2026-02-25 17:39:08]   Epoch Time: 310.21s
[2026-02-25 17:39:08]   Total Time: 20.07h
[2026-02-25 17:39:08] 
================================================================================
[2026-02-25 17:39:08] Epoch 226/300
[2026-02-25 17:39:08] ================================================================================
[2026-02-25 17:44:16] 
Epoch 226 Summary:
[2026-02-25 17:44:16]   Training Loss: 0.167483
[2026-02-25 17:44:16]   Learning Rate: 1.464466e-05
[2026-02-25 17:44:16]   Epoch Time: 308.51s
[2026-02-25 17:44:16]   Total Time: 20.15h
[2026-02-25 17:44:16] 
================================================================================
[2026-02-25 17:44:16] Epoch 227/300
[2026-02-25 17:44:16] ================================================================================
[2026-02-25 17:49:27] 
Epoch 227 Summary:
[2026-02-25 17:49:27]   Training Loss: 0.175237
[2026-02-25 17:49:27]   Learning Rate: 1.427637e-05
[2026-02-25 17:49:27]   Epoch Time: 310.43s
[2026-02-25 17:49:27]   Total Time: 20.24h
[2026-02-25 17:49:27] 
================================================================================
[2026-02-25 17:49:27] Epoch 228/300
[2026-02-25 17:49:27] ================================================================================
[2026-02-25 17:54:34] 
Epoch 228 Summary:
[2026-02-25 17:54:34]   Training Loss: 0.167472
[2026-02-25 17:54:34]   Learning Rate: 1.391199e-05
[2026-02-25 17:54:34]   Epoch Time: 307.56s
[2026-02-25 17:54:34]   Total Time: 20.33h
[2026-02-25 17:54:34] 
================================================================================
[2026-02-25 17:54:34] Epoch 229/300
[2026-02-25 17:54:34] ================================================================================
[2026-02-25 17:59:44] 
Epoch 229 Summary:
[2026-02-25 17:59:44]   Training Loss: 0.162488
[2026-02-25 17:59:44]   Learning Rate: 1.355157e-05
[2026-02-25 17:59:44]   Epoch Time: 309.73s
[2026-02-25 17:59:44]   Total Time: 20.41h
[2026-02-25 17:59:44] 
================================================================================
[2026-02-25 17:59:44] Epoch 230/300
[2026-02-25 17:59:44] ================================================================================
[2026-02-25 18:04:53] 
Epoch 230 Summary:
[2026-02-25 18:04:53]   Training Loss: 0.157723
[2026-02-25 18:04:53]   Learning Rate: 1.319515e-05
[2026-02-25 18:04:53]   Epoch Time: 308.82s
[2026-02-25 18:04:53]   Total Time: 20.50h
[2026-02-25 18:07:35] 
────────────────────────────────────────────────────────────────────────────────
[2026-02-25 18:07:35] Validation Results:
[2026-02-25 18:07:35]   ET (Enhancing Tumor): 0.8822
[2026-02-25 18:07:35]   TC (Tumor Core):      0.9072
[2026-02-25 18:07:35]   WT (Whole Tumor):     0.9321
[2026-02-25 18:07:35]   Average Dice:         0.9072
[2026-02-25 18:07:35]   ✓ New best model! (↑ 0.0012)
[2026-02-25 18:07:35] ────────────────────────────────────────────────────────────────────────────────
[2026-02-25 18:07:35]   ✓ Saved best checkpoint (Epoch 230)
[2026-02-25 18:07:35] 
================================================================================
[2026-02-25 18:07:35] Epoch 231/300
[2026-02-25 18:07:35] ================================================================================
[2026-02-25 18:12:43] 
Epoch 231 Summary:
[2026-02-25 18:12:43]   Training Loss: 0.161808
[2026-02-25 18:12:43]   Learning Rate: 1.284276e-05
[2026-02-25 18:12:43]   Epoch Time: 308.14s
[2026-02-25 18:12:43]   Total Time: 20.63h
[2026-02-25 18:12:43] 
================================================================================
[2026-02-25 18:12:43] Epoch 232/300
[2026-02-25 18:12:43] ================================================================================
[2026-02-25 18:17:52] 
Epoch 232 Summary:
[2026-02-25 18:17:52]   Training Loss: 0.181348
[2026-02-25 18:17:52]   Learning Rate: 1.249445e-05
[2026-02-25 18:17:52]   Epoch Time: 308.56s
[2026-02-25 18:17:52]   Total Time: 20.71h
[2026-02-25 18:17:52] 
================================================================================
[2026-02-25 18:17:52] Epoch 233/300
[2026-02-25 18:17:52] ================================================================================
[2026-02-25 18:22:59] 
Epoch 233 Summary:
[2026-02-25 18:22:59]   Training Loss: 0.160246
[2026-02-25 18:22:59]   Learning Rate: 1.215025e-05
[2026-02-25 18:22:59]   Epoch Time: 307.44s
[2026-02-25 18:22:59]   Total Time: 20.80h
[2026-02-25 18:22:59] 
================================================================================
[2026-02-25 18:22:59] Epoch 234/300
[2026-02-25 18:22:59] ================================================================================
[2026-02-25 18:28:06] 
Epoch 234 Summary:
[2026-02-25 18:28:06]   Training Loss: 0.155757
[2026-02-25 18:28:06]   Learning Rate: 1.181020e-05
[2026-02-25 18:28:06]   Epoch Time: 307.32s
[2026-02-25 18:28:06]   Total Time: 20.88h
[2026-02-25 18:28:06] 
================================================================================
[2026-02-25 18:28:06] Epoch 235/300
[2026-02-25 18:28:06] ================================================================================
[2026-02-25 18:33:14] 
Epoch 235 Summary:
[2026-02-25 18:33:14]   Training Loss: 0.164399
[2026-02-25 18:33:14]   Learning Rate: 1.147434e-05
[2026-02-25 18:33:14]   Epoch Time: 307.59s
[2026-02-25 18:33:14]   Total Time: 20.97h
[2026-02-25 18:33:14] 
================================================================================
[2026-02-25 18:33:14] Epoch 236/300
[2026-02-25 18:33:14] ================================================================================
[2026-02-25 18:38:23] 
Epoch 236 Summary:
[2026-02-25 18:38:23]   Training Loss: 0.163034
[2026-02-25 18:38:23]   Learning Rate: 1.114270e-05
[2026-02-25 18:38:23]   Epoch Time: 309.36s
[2026-02-25 18:38:23]   Total Time: 21.06h
[2026-02-25 18:38:24] 
================================================================================
[2026-02-25 18:38:24] Epoch 237/300
[2026-02-25 18:38:24] ================================================================================
[2026-02-25 18:43:31] 
Epoch 237 Summary:
[2026-02-25 18:43:31]   Training Loss: 0.172947
[2026-02-25 18:43:31]   Learning Rate: 1.081533e-05
[2026-02-25 18:43:31]   Epoch Time: 307.72s
[2026-02-25 18:43:31]   Total Time: 21.14h
[2026-02-25 18:43:31] 
================================================================================
[2026-02-25 18:43:31] Epoch 238/300
[2026-02-25 18:43:31] ================================================================================
[2026-02-25 18:48:41] 
Epoch 238 Summary:
[2026-02-25 18:48:41]   Training Loss: 0.169010
[2026-02-25 18:48:41]   Learning Rate: 1.049225e-05
[2026-02-25 18:48:41]   Epoch Time: 309.49s
[2026-02-25 18:48:41]   Total Time: 21.23h
[2026-02-25 18:48:41] 
================================================================================
[2026-02-25 18:48:41] Epoch 239/300
[2026-02-25 18:48:41] ================================================================================
[2026-02-25 18:53:50] 
Epoch 239 Summary:
[2026-02-25 18:53:50]   Training Loss: 0.163876
[2026-02-25 18:53:50]   Learning Rate: 1.017350e-05
[2026-02-25 18:53:50]   Epoch Time: 309.31s
[2026-02-25 18:53:50]   Total Time: 21.31h
[2026-02-25 18:53:50] 
================================================================================
[2026-02-25 18:53:50] Epoch 240/300
[2026-02-25 18:53:50] ================================================================================
[2026-02-25 18:58:59] 
Epoch 240 Summary:
[2026-02-25 18:58:59]   Training Loss: 0.161242
[2026-02-25 18:58:59]   Learning Rate: 9.859126e-06
[2026-02-25 18:58:59]   Epoch Time: 308.88s
[2026-02-25 18:58:59]   Total Time: 21.40h
[2026-02-25 19:01:41] 
────────────────────────────────────────────────────────────────────────────────
[2026-02-25 19:01:41] Validation Results:
[2026-02-25 19:01:41]   ET (Enhancing Tumor): 0.8839
[2026-02-25 19:01:41]   TC (Tumor Core):      0.9068
[2026-02-25 19:01:41]   WT (Whole Tumor):     0.9333
[2026-02-25 19:01:41]   Average Dice:         0.9080
[2026-02-25 19:01:41]   ✓ New best model! (↑ 0.0008)
[2026-02-25 19:01:41] ────────────────────────────────────────────────────────────────────────────────
[2026-02-25 19:01:41]   ✓ Saved best checkpoint (Epoch 240)
[2026-02-25 19:01:41] 
================================================================================
[2026-02-25 19:01:41] Epoch 241/300
[2026-02-25 19:01:41] ================================================================================
[2026-02-25 19:06:49] 
Epoch 241 Summary:
[2026-02-25 19:06:49]   Training Loss: 0.154985
[2026-02-25 19:06:49]   Learning Rate: 9.549150e-06
[2026-02-25 19:06:49]   Epoch Time: 307.91s
[2026-02-25 19:06:49]   Total Time: 21.53h
[2026-02-25 19:06:49] 
================================================================================
[2026-02-25 19:06:49] Epoch 242/300
[2026-02-25 19:06:49] ================================================================================
[2026-02-25 19:11:58] 
Epoch 242 Summary:
[2026-02-25 19:11:58]   Training Loss: 0.161691
[2026-02-25 19:11:58]   Learning Rate: 9.243610e-06
[2026-02-25 19:11:58]   Epoch Time: 309.11s
[2026-02-25 19:11:58]   Total Time: 21.61h
[2026-02-25 19:11:58] 
================================================================================
[2026-02-25 19:11:58] Epoch 243/300
[2026-02-25 19:11:58] ================================================================================
[2026-02-25 19:17:07] 
Epoch 243 Summary:
[2026-02-25 19:17:07]   Training Loss: 0.190503
[2026-02-25 19:17:07]   Learning Rate: 8.942540e-06
[2026-02-25 19:17:07]   Epoch Time: 309.49s
[2026-02-25 19:17:07]   Total Time: 21.70h
[2026-02-25 19:17:07] 
================================================================================
[2026-02-25 19:17:07] Epoch 244/300
[2026-02-25 19:17:07] ================================================================================
[2026-02-25 19:22:16] 
Epoch 244 Summary:
[2026-02-25 19:22:16]   Training Loss: 0.159207
[2026-02-25 19:22:16]   Learning Rate: 8.645971e-06
[2026-02-25 19:22:16]   Epoch Time: 308.87s
[2026-02-25 19:22:16]   Total Time: 21.79h
[2026-02-25 19:22:16] 
================================================================================
[2026-02-25 19:22:16] Epoch 245/300
[2026-02-25 19:22:16] ================================================================================
[2026-02-25 19:27:25] 
Epoch 245 Summary:
[2026-02-25 19:27:25]   Training Loss: 0.161378
[2026-02-25 19:27:25]   Learning Rate: 8.353938e-06
[2026-02-25 19:27:25]   Epoch Time: 308.37s
[2026-02-25 19:27:25]   Total Time: 21.87h
[2026-02-25 19:27:25] 
================================================================================
[2026-02-25 19:27:25] Epoch 246/300
[2026-02-25 19:27:25] ================================================================================
[2026-02-25 19:32:35] 
Epoch 246 Summary:
[2026-02-25 19:32:35]   Training Loss: 0.159113
[2026-02-25 19:32:35]   Learning Rate: 8.066472e-06
[2026-02-25 19:32:35]   Epoch Time: 309.76s
[2026-02-25 19:32:35]   Total Time: 21.96h
[2026-02-25 19:32:35] 
================================================================================
[2026-02-25 19:32:35] Epoch 247/300
[2026-02-25 19:32:35] ================================================================================
[2026-02-25 19:37:45] 
Epoch 247 Summary:
[2026-02-25 19:37:45]   Training Loss: 0.154687
[2026-02-25 19:37:45]   Learning Rate: 7.783604e-06
[2026-02-25 19:37:45]   Epoch Time: 309.91s
[2026-02-25 19:37:45]   Total Time: 22.04h
[2026-02-25 19:37:45] 
================================================================================
[2026-02-25 19:37:45] Epoch 248/300
[2026-02-25 19:37:45] ================================================================================
[2026-02-25 19:42:53] 
Epoch 248 Summary:
[2026-02-25 19:42:53]   Training Loss: 0.168837
[2026-02-25 19:42:53]   Learning Rate: 7.505365e-06
[2026-02-25 19:42:53]   Epoch Time: 308.75s
[2026-02-25 19:42:53]   Total Time: 22.13h
[2026-02-25 19:42:53] 
================================================================================
[2026-02-25 19:42:53] Epoch 249/300
[2026-02-25 19:42:53] ================================================================================
[2026-02-25 19:48:02] 
Epoch 249 Summary:
[2026-02-25 19:48:02]   Training Loss: 0.179474
[2026-02-25 19:48:02]   Learning Rate: 7.231787e-06
[2026-02-25 19:48:02]   Epoch Time: 308.48s
[2026-02-25 19:48:02]   Total Time: 22.22h
[2026-02-25 19:48:02] 
================================================================================
[2026-02-25 19:48:02] Epoch 250/300
[2026-02-25 19:48:02] ================================================================================
[2026-02-25 19:53:12] 
Epoch 250 Summary:
[2026-02-25 19:53:12]   Training Loss: 0.169502
[2026-02-25 19:53:12]   Learning Rate: 6.962899e-06
[2026-02-25 19:53:12]   Epoch Time: 310.38s
[2026-02-25 19:53:12]   Total Time: 22.30h
[2026-02-25 19:55:54] 
────────────────────────────────────────────────────────────────────────────────
[2026-02-25 19:55:54] Validation Results:
[2026-02-25 19:55:54]   ET (Enhancing Tumor): 0.8845
[2026-02-25 19:55:54]   TC (Tumor Core):      0.9070
[2026-02-25 19:55:54]   WT (Whole Tumor):     0.9327
[2026-02-25 19:55:54]   Average Dice:         0.9080
[2026-02-25 19:55:54]   ✓ New best model! (↑ 0.0000)
[2026-02-25 19:55:54] ────────────────────────────────────────────────────────────────────────────────
[2026-02-25 19:55:54]   ✓ Saved best checkpoint (Epoch 250)
[2026-02-25 19:55:54]   ✓ Saved epoch_250 checkpoint (Epoch 250)
[2026-02-25 19:55:54] 
================================================================================
[2026-02-25 19:55:54] Epoch 251/300
[2026-02-25 19:55:54] ================================================================================
[2026-02-25 20:01:05] 
Epoch 251 Summary:
[2026-02-25 20:01:05]   Training Loss: 0.166443
[2026-02-25 20:01:05]   Learning Rate: 6.698730e-06
[2026-02-25 20:01:05]   Epoch Time: 310.13s
[2026-02-25 20:01:05]   Total Time: 22.43h
[2026-02-25 20:01:05] 
================================================================================
[2026-02-25 20:01:05] Epoch 252/300
[2026-02-25 20:01:05] ================================================================================
[2026-02-25 20:06:13] 
Epoch 252 Summary:
[2026-02-25 20:06:13]   Training Loss: 0.167635
[2026-02-25 20:06:13]   Learning Rate: 6.439309e-06
[2026-02-25 20:06:13]   Epoch Time: 308.72s
[2026-02-25 20:06:13]   Total Time: 22.52h
[2026-02-25 20:06:13] 
================================================================================
[2026-02-25 20:06:13] Epoch 253/300
[2026-02-25 20:06:13] ================================================================================
[2026-02-25 20:11:22] 
Epoch 253 Summary:
[2026-02-25 20:11:22]   Training Loss: 0.159915
[2026-02-25 20:11:22]   Learning Rate: 6.184666e-06
[2026-02-25 20:11:22]   Epoch Time: 308.55s
[2026-02-25 20:11:22]   Total Time: 22.60h
[2026-02-25 20:11:22] 
================================================================================
[2026-02-25 20:11:22] Epoch 254/300
[2026-02-25 20:11:22] ================================================================================
[2026-02-25 20:16:29] 
Epoch 254 Summary:
[2026-02-25 20:16:29]   Training Loss: 0.156544
[2026-02-25 20:16:29]   Learning Rate: 5.934827e-06
[2026-02-25 20:16:29]   Epoch Time: 307.38s
[2026-02-25 20:16:29]   Total Time: 22.69h
[2026-02-25 20:16:29] 
================================================================================
[2026-02-25 20:16:29] Epoch 255/300
[2026-02-25 20:16:29] ================================================================================
[2026-02-25 20:21:39] 
Epoch 255 Summary:
[2026-02-25 20:21:39]   Training Loss: 0.163512
[2026-02-25 20:21:39]   Learning Rate: 5.689821e-06
[2026-02-25 20:21:39]   Epoch Time: 310.00s
[2026-02-25 20:21:39]   Total Time: 22.78h
[2026-02-25 20:21:39] 
================================================================================
[2026-02-25 20:21:39] Epoch 256/300
[2026-02-25 20:21:39] ================================================================================
[2026-02-25 20:26:48] 
Epoch 256 Summary:
[2026-02-25 20:26:48]   Training Loss: 0.164138
[2026-02-25 20:26:48]   Learning Rate: 5.449674e-06
[2026-02-25 20:26:48]   Epoch Time: 308.84s
[2026-02-25 20:26:48]   Total Time: 22.86h
[2026-02-25 20:26:48] 
================================================================================
[2026-02-25 20:26:48] Epoch 257/300
[2026-02-25 20:26:48] ================================================================================
[2026-02-25 20:31:57] 
Epoch 257 Summary:
[2026-02-25 20:31:57]   Training Loss: 0.173445
[2026-02-25 20:31:57]   Learning Rate: 5.214412e-06
[2026-02-25 20:31:57]   Epoch Time: 308.89s
[2026-02-25 20:31:57]   Total Time: 22.95h
[2026-02-25 20:31:57] 
================================================================================
[2026-02-25 20:31:57] Epoch 258/300
[2026-02-25 20:31:57] ================================================================================
[2026-02-25 20:37:08] 
Epoch 258 Summary:
[2026-02-25 20:37:08]   Training Loss: 0.167781
[2026-02-25 20:37:08]   Learning Rate: 4.984061e-06
[2026-02-25 20:37:08]   Epoch Time: 310.55s
[2026-02-25 20:37:08]   Total Time: 23.03h
[2026-02-25 20:37:08] 
================================================================================
[2026-02-25 20:37:08] Epoch 259/300
[2026-02-25 20:37:08] ================================================================================
[2026-02-25 20:42:17] 
Epoch 259 Summary:
[2026-02-25 20:42:17]   Training Loss: 0.179207
[2026-02-25 20:42:17]   Learning Rate: 4.758647e-06
[2026-02-25 20:42:17]   Epoch Time: 309.25s
[2026-02-25 20:42:17]   Total Time: 23.12h
[2026-02-25 20:42:17] 
================================================================================
[2026-02-25 20:42:17] Epoch 260/300
[2026-02-25 20:42:17] ================================================================================
[2026-02-25 20:47:27] 
Epoch 260 Summary:
[2026-02-25 20:47:27]   Training Loss: 0.167282
[2026-02-25 20:47:27]   Learning Rate: 4.538195e-06
[2026-02-25 20:47:27]   Epoch Time: 310.17s
[2026-02-25 20:47:27]   Total Time: 23.21h
[2026-02-25 20:50:09] 
────────────────────────────────────────────────────────────────────────────────
[2026-02-25 20:50:09] Validation Results:
[2026-02-25 20:50:09]   ET (Enhancing Tumor): 0.8831
[2026-02-25 20:50:09]   TC (Tumor Core):      0.9060
[2026-02-25 20:50:09]   WT (Whole Tumor):     0.9328
[2026-02-25 20:50:09]   Average Dice:         0.9073
[2026-02-25 20:50:09]   Best remains: 0.9080
[2026-02-25 20:50:09] ────────────────────────────────────────────────────────────────────────────────
[2026-02-25 20:50:09] 
================================================================================
[2026-02-25 20:50:09] Epoch 261/300
[2026-02-25 20:50:09] ================================================================================
[2026-02-25 20:55:19] 
Epoch 261 Summary:
[2026-02-25 20:55:19]   Training Loss: 0.165518
[2026-02-25 20:55:19]   Learning Rate: 4.322727e-06
[2026-02-25 20:55:19]   Epoch Time: 309.44s
[2026-02-25 20:55:19]   Total Time: 23.34h
[2026-02-25 20:55:19] 
================================================================================
[2026-02-25 20:55:19] Epoch 262/300
[2026-02-25 20:55:19] ================================================================================
[2026-02-25 21:00:27] 
Epoch 262 Summary:
[2026-02-25 21:00:27]   Training Loss: 0.158540
[2026-02-25 21:00:27]   Learning Rate: 4.112269e-06
[2026-02-25 21:00:27]   Epoch Time: 308.30s
[2026-02-25 21:00:27]   Total Time: 23.42h
[2026-02-25 21:00:27] 
================================================================================
[2026-02-25 21:00:27] Epoch 263/300
[2026-02-25 21:00:27] ================================================================================
[2026-02-25 21:05:37] 
Epoch 263 Summary:
[2026-02-25 21:05:37]   Training Loss: 0.160767
[2026-02-25 21:05:37]   Learning Rate: 3.906842e-06
[2026-02-25 21:05:37]   Epoch Time: 310.12s
[2026-02-25 21:05:37]   Total Time: 23.51h
[2026-02-25 21:05:37] 
================================================================================
[2026-02-25 21:05:37] Epoch 264/300
[2026-02-25 21:05:37] ================================================================================
[2026-02-25 21:10:47] 
Epoch 264 Summary:
[2026-02-25 21:10:47]   Training Loss: 0.158038
[2026-02-25 21:10:47]   Learning Rate: 3.706471e-06
[2026-02-25 21:10:47]   Epoch Time: 309.18s
[2026-02-25 21:10:47]   Total Time: 23.60h
[2026-02-25 21:10:47] 
================================================================================
[2026-02-25 21:10:47] Epoch 265/300
[2026-02-25 21:10:47] ================================================================================
[2026-02-25 21:15:56] 
Epoch 265 Summary:
[2026-02-25 21:15:56]   Training Loss: 0.169969
[2026-02-25 21:15:56]   Learning Rate: 3.511176e-06
[2026-02-25 21:15:56]   Epoch Time: 309.73s
[2026-02-25 21:15:56]   Total Time: 23.68h
[2026-02-25 21:15:56] 
================================================================================
[2026-02-25 21:15:56] Epoch 266/300
[2026-02-25 21:15:56] ================================================================================
[2026-02-25 21:21:08] 
Epoch 266 Summary:
[2026-02-25 21:21:08]   Training Loss: 0.172528
[2026-02-25 21:21:08]   Learning Rate: 3.320979e-06
[2026-02-25 21:21:08]   Epoch Time: 311.35s
[2026-02-25 21:21:08]   Total Time: 23.77h
[2026-02-25 21:21:08] 
================================================================================
[2026-02-25 21:21:08] Epoch 267/300
[2026-02-25 21:21:08] ================================================================================
[2026-02-25 21:26:17] 
Epoch 267 Summary:
[2026-02-25 21:26:17]   Training Loss: 0.156657
[2026-02-25 21:26:17]   Learning Rate: 3.135901e-06
[2026-02-25 21:26:17]   Epoch Time: 309.24s
[2026-02-25 21:26:17]   Total Time: 23.85h
[2026-02-25 21:26:17] 
================================================================================
[2026-02-25 21:26:17] Epoch 268/300
[2026-02-25 21:26:17] ================================================================================
[2026-02-25 21:31:27] 
Epoch 268 Summary:
[2026-02-25 21:31:27]   Training Loss: 0.170112
[2026-02-25 21:31:27]   Learning Rate: 2.955962e-06
[2026-02-25 21:31:27]   Epoch Time: 309.88s
[2026-02-25 21:31:27]   Total Time: 23.94h
[2026-02-25 21:31:27] 
================================================================================
[2026-02-25 21:31:27] Epoch 269/300
[2026-02-25 21:31:27] ================================================================================
[2026-02-25 21:36:36] 
Epoch 269 Summary:
[2026-02-25 21:36:36]   Training Loss: 0.164101
[2026-02-25 21:36:36]   Learning Rate: 2.781181e-06
[2026-02-25 21:36:36]   Epoch Time: 309.39s
[2026-02-25 21:36:36]   Total Time: 24.03h
[2026-02-25 21:36:36] 
================================================================================
[2026-02-25 21:36:36] Epoch 270/300
[2026-02-25 21:36:36] ================================================================================
[2026-02-25 21:41:47] 
Epoch 270 Summary:
[2026-02-25 21:41:47]   Training Loss: 0.177293
[2026-02-25 21:41:47]   Learning Rate: 2.611579e-06
[2026-02-25 21:41:47]   Epoch Time: 310.29s
[2026-02-25 21:41:47]   Total Time: 24.11h
[2026-02-25 21:44:29] 
────────────────────────────────────────────────────────────────────────────────
[2026-02-25 21:44:29] Validation Results:
[2026-02-25 21:44:29]   ET (Enhancing Tumor): 0.8848
[2026-02-25 21:44:29]   TC (Tumor Core):      0.9066
[2026-02-25 21:44:29]   WT (Whole Tumor):     0.9330
[2026-02-25 21:44:29]   Average Dice:         0.9081
[2026-02-25 21:44:29]   ✓ New best model! (↑ 0.0001)
[2026-02-25 21:44:29] ────────────────────────────────────────────────────────────────────────────────
[2026-02-25 21:44:29]   ✓ Saved best checkpoint (Epoch 270)
[2026-02-25 21:44:29] 
================================================================================
[2026-02-25 21:44:29] Epoch 271/300
[2026-02-25 21:44:29] ================================================================================
[2026-02-25 21:49:40] 
Epoch 271 Summary:
[2026-02-25 21:49:40]   Training Loss: 0.171563
[2026-02-25 21:49:40]   Learning Rate: 2.447174e-06
[2026-02-25 21:49:40]   Epoch Time: 310.78s
[2026-02-25 21:49:40]   Total Time: 24.24h
[2026-02-25 21:49:40] 
================================================================================
[2026-02-25 21:49:40] Epoch 272/300
[2026-02-25 21:49:40] ================================================================================
[2026-02-25 21:54:49] 
Epoch 272 Summary:
[2026-02-25 21:54:49]   Training Loss: 0.156008
[2026-02-25 21:54:49]   Learning Rate: 2.287984e-06
[2026-02-25 21:54:49]   Epoch Time: 309.25s
[2026-02-25 21:54:49]   Total Time: 24.33h
[2026-02-25 21:54:49] 
================================================================================
[2026-02-25 21:54:49] Epoch 273/300
[2026-02-25 21:54:49] ================================================================================
[2026-02-25 22:00:00] 
Epoch 273 Summary:
[2026-02-25 22:00:00]   Training Loss: 0.163054
[2026-02-25 22:00:00]   Learning Rate: 2.134025e-06
[2026-02-25 22:00:00]   Epoch Time: 310.94s
[2026-02-25 22:00:00]   Total Time: 24.42h
[2026-02-25 22:00:00] 
================================================================================
[2026-02-25 22:00:00] Epoch 274/300
[2026-02-25 22:00:00] ================================================================================
[2026-02-25 22:05:10] 
Epoch 274 Summary:
[2026-02-25 22:05:10]   Training Loss: 0.162306
[2026-02-25 22:05:10]   Learning Rate: 1.985316e-06
[2026-02-25 22:05:10]   Epoch Time: 310.28s
[2026-02-25 22:05:10]   Total Time: 24.50h
[2026-02-25 22:05:10] 
================================================================================
[2026-02-25 22:05:10] Epoch 275/300
[2026-02-25 22:05:10] ================================================================================
[2026-02-25 22:10:20] 
Epoch 275 Summary:
[2026-02-25 22:10:20]   Training Loss: 0.167863
[2026-02-25 22:10:20]   Learning Rate: 1.841872e-06
[2026-02-25 22:10:20]   Epoch Time: 309.30s
[2026-02-25 22:10:20]   Total Time: 24.59h
[2026-02-25 22:10:20] 
================================================================================
[2026-02-25 22:10:20] Epoch 276/300
[2026-02-25 22:10:20] ================================================================================
[2026-02-25 22:15:31] 
Epoch 276 Summary:
[2026-02-25 22:15:31]   Training Loss: 0.176039
[2026-02-25 22:15:31]   Learning Rate: 1.703709e-06
[2026-02-25 22:15:31]   Epoch Time: 311.41s
[2026-02-25 22:15:31]   Total Time: 24.67h
[2026-02-25 22:15:31] 
================================================================================
[2026-02-25 22:15:31] Epoch 277/300
[2026-02-25 22:15:31] ================================================================================
[2026-02-25 22:20:43] 
Epoch 277 Summary:
[2026-02-25 22:20:43]   Training Loss: 0.174032
[2026-02-25 22:20:43]   Learning Rate: 1.570842e-06
[2026-02-25 22:20:43]   Epoch Time: 312.03s
[2026-02-25 22:20:43]   Total Time: 24.76h
[2026-02-25 22:20:43] 
================================================================================
[2026-02-25 22:20:43] Epoch 278/300
[2026-02-25 22:20:43] ================================================================================
[2026-02-25 22:25:51] 
Epoch 278 Summary:
[2026-02-25 22:25:51]   Training Loss: 0.162873
[2026-02-25 22:25:51]   Learning Rate: 1.443286e-06
[2026-02-25 22:25:51]   Epoch Time: 307.78s
[2026-02-25 22:25:51]   Total Time: 24.85h
[2026-02-25 22:25:51] 
================================================================================
[2026-02-25 22:25:51] Epoch 279/300
[2026-02-25 22:25:51] ================================================================================
[2026-02-25 22:31:00] 
Epoch 279 Summary:
[2026-02-25 22:31:00]   Training Loss: 0.162881
[2026-02-25 22:31:00]   Learning Rate: 1.321055e-06
[2026-02-25 22:31:00]   Epoch Time: 309.35s
[2026-02-25 22:31:00]   Total Time: 24.93h
[2026-02-25 22:31:00] 
================================================================================
[2026-02-25 22:31:00] Epoch 280/300
[2026-02-25 22:31:00] ================================================================================
[2026-02-25 22:36:13] 
Epoch 280 Summary:
[2026-02-25 22:36:13]   Training Loss: 0.162396
[2026-02-25 22:36:13]   Learning Rate: 1.204162e-06
[2026-02-25 22:36:13]   Epoch Time: 312.19s
[2026-02-25 22:36:13]   Total Time: 25.02h
[2026-02-25 22:38:55] 
────────────────────────────────────────────────────────────────────────────────
[2026-02-25 22:38:55] Validation Results:
[2026-02-25 22:38:55]   ET (Enhancing Tumor): 0.8848
[2026-02-25 22:38:55]   TC (Tumor Core):      0.9075
[2026-02-25 22:38:55]   WT (Whole Tumor):     0.9336
[2026-02-25 22:38:55]   Average Dice:         0.9086
[2026-02-25 22:38:55]   ✓ New best model! (↑ 0.0005)
[2026-02-25 22:38:55] ────────────────────────────────────────────────────────────────────────────────
[2026-02-25 22:38:55]   ✓ Saved best checkpoint (Epoch 280)
[2026-02-25 22:38:55] 
================================================================================
[2026-02-25 22:38:55] Epoch 281/300
[2026-02-25 22:38:55] ================================================================================
[2026-02-25 22:44:05] 
Epoch 281 Summary:
[2026-02-25 22:44:05]   Training Loss: 0.164914
[2026-02-25 22:44:05]   Learning Rate: 1.092620e-06
[2026-02-25 22:44:05]   Epoch Time: 309.83s
[2026-02-25 22:44:05]   Total Time: 25.15h
[2026-02-25 22:44:05] 
================================================================================
[2026-02-25 22:44:05] Epoch 282/300
[2026-02-25 22:44:05] ================================================================================
[2026-02-25 22:49:15] 
Epoch 282 Summary:
[2026-02-25 22:49:15]   Training Loss: 0.167994
[2026-02-25 22:49:15]   Learning Rate: 9.864413e-07
[2026-02-25 22:49:15]   Epoch Time: 310.90s
[2026-02-25 22:49:15]   Total Time: 25.24h
[2026-02-25 22:49:16] 
================================================================================
[2026-02-25 22:49:16] Epoch 283/300
[2026-02-25 22:49:16] ================================================================================
[2026-02-25 22:54:26] 
Epoch 283 Summary:
[2026-02-25 22:54:26]   Training Loss: 0.148436
[2026-02-25 22:54:26]   Learning Rate: 8.856375e-07
[2026-02-25 22:54:26]   Epoch Time: 310.47s
[2026-02-25 22:54:26]   Total Time: 25.32h
[2026-02-25 22:54:26] 
================================================================================
[2026-02-25 22:54:26] Epoch 284/300
[2026-02-25 22:54:26] ================================================================================
[2026-02-25 22:59:35] 
Epoch 284 Summary:
[2026-02-25 22:59:35]   Training Loss: 0.157270
[2026-02-25 22:59:35]   Learning Rate: 7.902196e-07
[2026-02-25 22:59:35]   Epoch Time: 308.81s
[2026-02-25 22:59:35]   Total Time: 25.41h
[2026-02-25 22:59:35] 
================================================================================
[2026-02-25 22:59:35] Epoch 285/300
[2026-02-25 22:59:35] ================================================================================
[2026-02-25 23:04:44] 
Epoch 285 Summary:
[2026-02-25 23:04:44]   Training Loss: 0.159222
[2026-02-25 23:04:44]   Learning Rate: 7.001981e-07
[2026-02-25 23:04:44]   Epoch Time: 309.49s
[2026-02-25 23:04:44]   Total Time: 25.49h
[2026-02-25 23:04:44] 
================================================================================
[2026-02-25 23:04:44] Epoch 286/300
[2026-02-25 23:04:44] ================================================================================
[2026-02-25 23:09:54] 
Epoch 286 Summary:
[2026-02-25 23:09:54]   Training Loss: 0.173291
[2026-02-25 23:09:54]   Learning Rate: 6.155830e-07
[2026-02-25 23:09:54]   Epoch Time: 309.40s
[2026-02-25 23:09:54]   Total Time: 25.58h
[2026-02-25 23:09:54] 
================================================================================
[2026-02-25 23:09:54] Epoch 287/300
[2026-02-25 23:09:54] ================================================================================
[2026-02-25 23:15:02] 
Epoch 287 Summary:
[2026-02-25 23:15:02]   Training Loss: 0.176420
[2026-02-25 23:15:02]   Learning Rate: 5.363834e-07
[2026-02-25 23:15:02]   Epoch Time: 307.96s
[2026-02-25 23:15:02]   Total Time: 25.67h
[2026-02-25 23:15:02] 
================================================================================
[2026-02-25 23:15:02] Epoch 288/300
[2026-02-25 23:15:02] ================================================================================
[2026-02-25 23:20:11] 
Epoch 288 Summary:
[2026-02-25 23:20:11]   Training Loss: 0.164267
[2026-02-25 23:20:11]   Learning Rate: 4.626080e-07
[2026-02-25 23:20:11]   Epoch Time: 308.73s
[2026-02-25 23:20:11]   Total Time: 25.75h
[2026-02-25 23:20:11] 
================================================================================
[2026-02-25 23:20:11] Epoch 289/300
[2026-02-25 23:20:11] ================================================================================
[2026-02-25 23:25:21] 
Epoch 289 Summary:
[2026-02-25 23:25:21]   Training Loss: 0.168880
[2026-02-25 23:25:21]   Learning Rate: 3.942649e-07
[2026-02-25 23:25:21]   Epoch Time: 310.14s
[2026-02-25 23:25:21]   Total Time: 25.84h
[2026-02-25 23:25:21] 
================================================================================
[2026-02-25 23:25:21] Epoch 290/300
[2026-02-25 23:25:21] ================================================================================
[2026-02-25 23:30:29] 
Epoch 290 Summary:
[2026-02-25 23:30:29]   Training Loss: 0.171096
[2026-02-25 23:30:29]   Learning Rate: 3.313617e-07
[2026-02-25 23:30:29]   Epoch Time: 308.25s
[2026-02-25 23:30:29]   Total Time: 25.92h
[2026-02-25 23:33:11] 
────────────────────────────────────────────────────────────────────────────────
[2026-02-25 23:33:11] Validation Results:
[2026-02-25 23:33:11]   ET (Enhancing Tumor): 0.8832
[2026-02-25 23:33:11]   TC (Tumor Core):      0.9068
[2026-02-25 23:33:11]   WT (Whole Tumor):     0.9336
[2026-02-25 23:33:11]   Average Dice:         0.9079
[2026-02-25 23:33:11]   Best remains: 0.9086
[2026-02-25 23:33:11] ────────────────────────────────────────────────────────────────────────────────
[2026-02-25 23:33:11] 
================================================================================
[2026-02-25 23:33:11] Epoch 291/300
[2026-02-25 23:33:11] ================================================================================
[2026-02-25 23:38:19] 
Epoch 291 Summary:
[2026-02-25 23:38:19]   Training Loss: 0.165201
[2026-02-25 23:38:19]   Learning Rate: 2.739052e-07
[2026-02-25 23:38:19]   Epoch Time: 308.10s
[2026-02-25 23:38:19]   Total Time: 26.05h
[2026-02-25 23:38:19] 
================================================================================
[2026-02-25 23:38:19] Epoch 292/300
[2026-02-25 23:38:19] ================================================================================
[2026-02-25 23:43:29] 
Epoch 292 Summary:
[2026-02-25 23:43:29]   Training Loss: 0.167997
[2026-02-25 23:43:29]   Learning Rate: 2.219018e-07
[2026-02-25 23:43:29]   Epoch Time: 309.97s
[2026-02-25 23:43:29]   Total Time: 26.14h
[2026-02-25 23:43:29] 
================================================================================
[2026-02-25 23:43:29] Epoch 293/300
[2026-02-25 23:43:29] ================================================================================
[2026-02-25 23:48:39] 
Epoch 293 Summary:
[2026-02-25 23:48:39]   Training Loss: 0.163682
[2026-02-25 23:48:39]   Learning Rate: 1.753570e-07
[2026-02-25 23:48:39]   Epoch Time: 309.51s
[2026-02-25 23:48:39]   Total Time: 26.23h
[2026-02-25 23:48:39] 
================================================================================
[2026-02-25 23:48:39] Epoch 294/300
[2026-02-25 23:48:39] ================================================================================
[2026-02-25 23:53:49] 
Epoch 294 Summary:
[2026-02-25 23:53:49]   Training Loss: 0.159062
[2026-02-25 23:53:49]   Learning Rate: 1.342761e-07
[2026-02-25 23:53:49]   Epoch Time: 310.05s
[2026-02-25 23:53:49]   Total Time: 26.31h
[2026-02-25 23:53:49] 
================================================================================
[2026-02-25 23:53:49] Epoch 295/300
[2026-02-25 23:53:49] ================================================================================
[2026-02-25 23:58:58] 
Epoch 295 Summary:
[2026-02-25 23:58:58]   Training Loss: 0.174361
[2026-02-25 23:58:58]   Learning Rate: 9.866358e-08
[2026-02-25 23:58:58]   Epoch Time: 308.73s
[2026-02-25 23:58:58]   Total Time: 26.40h
[2026-02-25 23:58:58] 
================================================================================
[2026-02-25 23:58:58] Epoch 296/300
[2026-02-25 23:58:58] ================================================================================
[2026-02-26 00:04:06] 
Epoch 296 Summary:
[2026-02-26 00:04:06]   Training Loss: 0.169321
[2026-02-26 00:04:06]   Learning Rate: 6.852326e-08
[2026-02-26 00:04:06]   Epoch Time: 307.88s
[2026-02-26 00:04:06]   Total Time: 26.48h
[2026-02-26 00:04:06] 
================================================================================
[2026-02-26 00:04:06] Epoch 297/300
[2026-02-26 00:04:06] ================================================================================
[2026-02-26 00:09:14] 
Epoch 297 Summary:
[2026-02-26 00:09:14]   Training Loss: 0.167323
[2026-02-26 00:09:14]   Learning Rate: 4.385850e-08
[2026-02-26 00:09:14]   Epoch Time: 308.21s
[2026-02-26 00:09:14]   Total Time: 26.57h
[2026-02-26 00:09:14] 
================================================================================
[2026-02-26 00:09:14] Epoch 298/300
[2026-02-26 00:09:14] ================================================================================
[2026-02-26 00:14:25] 
Epoch 298 Summary:
[2026-02-26 00:14:25]   Training Loss: 0.156360
[2026-02-26 00:14:25]   Learning Rate: 2.467198e-08
[2026-02-26 00:14:25]   Epoch Time: 310.57s
[2026-02-26 00:14:25]   Total Time: 26.66h
[2026-02-26 00:14:25] 
================================================================================
[2026-02-26 00:14:25] Epoch 299/300
[2026-02-26 00:14:25] ================================================================================
[2026-02-26 00:19:34] 
Epoch 299 Summary:
[2026-02-26 00:19:34]   Training Loss: 0.166016
[2026-02-26 00:19:34]   Learning Rate: 1.096583e-08
[2026-02-26 00:19:34]   Epoch Time: 309.50s
[2026-02-26 00:19:34]   Total Time: 26.74h
[2026-02-26 00:19:34] 
================================================================================
[2026-02-26 00:19:34] Epoch 300/300
[2026-02-26 00:19:34] ================================================================================
[2026-02-26 00:24:43] 
Epoch 300 Summary:
[2026-02-26 00:24:43]   Training Loss: 0.169759
[2026-02-26 00:24:43]   Learning Rate: 2.741532e-09
[2026-02-26 00:24:43]   Epoch Time: 308.44s
[2026-02-26 00:24:43]   Total Time: 26.83h
[2026-02-26 00:27:25] 
────────────────────────────────────────────────────────────────────────────────
[2026-02-26 00:27:25] Validation Results:
[2026-02-26 00:27:25]   ET (Enhancing Tumor): 0.8831
[2026-02-26 00:27:25]   TC (Tumor Core):      0.9067
[2026-02-26 00:27:25]   WT (Whole Tumor):     0.9337
[2026-02-26 00:27:25]   Average Dice:         0.9078
[2026-02-26 00:27:25]   Best remains: 0.9086
[2026-02-26 00:27:25] ────────────────────────────────────────────────────────────────────────────────
[2026-02-26 00:27:25]   ✓ Saved epoch_300 checkpoint (Epoch 300)
[2026-02-26 00:27:25] 
================================================================================
[2026-02-26 00:27:25] Training Complete!
[2026-02-26 00:27:25] ================================================================================
[2026-02-26 00:27:25] Total Training Time: 26.87 hours
[2026-02-26 00:27:25] Best Average Dice: 0.9086
[2026-02-26 00:27:25] Total Epochs: 300
[2026-02-26 00:27:25] Best Model: ./checkpoints_segresnet/best_model.pth
[2026-02-26 00:27:25] Logs: ./logs_segresnet/training_20260224_213504.log
[2026-02-26 00:27:25] TensorBoard: ./logs_segresnet/tensorboard
[2026-02-26 00:27:25] ================================================================================
[2026-02-26 00:27:25] Training summary saved: ./logs_segresnet/training_summary.json
