[2026-02-26 06:51:21] ================================================================================
[2026-02-26 06:51:21] Training Session Started - UNet
[2026-02-26 06:51:21] Timestamp: 20260226_065121
[2026-02-26 06:51:21] ================================================================================
[2026-02-26 06:51:21] ================================================================================
[2026-02-26 06:51:21] UNet Training - BraTS 2023
[2026-02-26 06:51:21] ================================================================================
[2026-02-26 06:51:21] Device: cuda
[2026-02-26 06:51:21] GPU: NVIDIA GeForce RTX 4070 Ti SUPER
[2026-02-26 06:51:21] GPU Memory: 16.71 GB
[2026-02-26 06:51:21] 
Configuration:
[2026-02-26 06:51:21] --------------------------------------------------------------------------------
[2026-02-26 06:51:21] --------------------------------------------------------------------------------
[2026-02-26 06:51:21] 
Loading data lists...
[2026-02-26 06:51:21]   Training samples: 1000
[2026-02-26 06:51:21]   Validation samples: 251
[2026-02-26 06:51:21] 
Creating datasets...
[2026-02-26 06:51:21]   ✓ Datasets created
[2026-02-26 06:51:21] 
Creating model...
[2026-02-26 06:51:21] 
Model Information:
[2026-02-26 06:51:21] --------------------------------------------------------------------------------
[2026-02-26 06:51:21]   Architecture: UNet
[2026-02-26 06:51:21]   Total Parameters: 4,810,074
[2026-02-26 06:51:21]   Trainable Parameters: 4,810,074
[2026-02-26 06:51:21]   Model Size: 18.35 MB (float32)
[2026-02-26 06:51:21] --------------------------------------------------------------------------------
[2026-02-26 06:51:21] 
✓ Training setup complete
[2026-02-26 06:51:21] 
Starting training...
[2026-02-26 06:51:21] 
================================================================================
[2026-02-26 06:51:21] Epoch 1/300
[2026-02-26 06:51:21] ================================================================================
[2026-02-26 06:56:28] 
Epoch 1 Summary:
[2026-02-26 06:56:28]   Training Loss: 0.840580
[2026-02-26 06:56:28]   Learning Rate: 1.000000e-04
[2026-02-26 06:56:28]   Epoch Time: 306.87s
[2026-02-26 06:56:28]   Total Time: 0.09h
[2026-02-26 06:56:28] 
================================================================================
[2026-02-26 06:56:28] Epoch 2/300
[2026-02-26 06:56:28] ================================================================================
[2026-02-26 07:01:36] 
Epoch 2 Summary:
[2026-02-26 07:01:36]   Training Loss: 0.615303
[2026-02-26 07:01:36]   Learning Rate: 9.999726e-05
[2026-02-26 07:01:36]   Epoch Time: 308.46s
[2026-02-26 07:01:36]   Total Time: 0.17h
[2026-02-26 07:01:36] 
================================================================================
[2026-02-26 07:01:36] Epoch 3/300
[2026-02-26 07:01:36] ================================================================================
[2026-02-26 07:06:44] 
Epoch 3 Summary:
[2026-02-26 07:06:44]   Training Loss: 0.387334
[2026-02-26 07:06:44]   Learning Rate: 9.998903e-05
[2026-02-26 07:06:44]   Epoch Time: 308.03s
[2026-02-26 07:06:44]   Total Time: 0.26h
[2026-02-26 07:06:44] 
================================================================================
[2026-02-26 07:06:44] Epoch 4/300
[2026-02-26 07:06:44] ================================================================================
[2026-02-26 07:11:44] 
Epoch 4 Summary:
[2026-02-26 07:11:44]   Training Loss: 0.321809
[2026-02-26 07:11:44]   Learning Rate: 9.997533e-05
[2026-02-26 07:11:44]   Epoch Time: 299.72s
[2026-02-26 07:11:44]   Total Time: 0.34h
[2026-02-26 07:11:44] 
================================================================================
[2026-02-26 07:11:44] Epoch 5/300
[2026-02-26 07:11:44] ================================================================================
[2026-02-26 07:16:40] 
Epoch 5 Summary:
[2026-02-26 07:16:40]   Training Loss: 0.316172
[2026-02-26 07:16:40]   Learning Rate: 9.995614e-05
[2026-02-26 07:16:40]   Epoch Time: 296.54s
[2026-02-26 07:16:40]   Total Time: 0.42h
[2026-02-26 07:16:40] 
================================================================================
[2026-02-26 07:16:40] Epoch 6/300
[2026-02-26 07:16:40] ================================================================================
[2026-02-26 07:21:38] 
Epoch 6 Summary:
[2026-02-26 07:21:38]   Training Loss: 0.295649
[2026-02-26 07:21:38]   Learning Rate: 9.993148e-05
[2026-02-26 07:21:38]   Epoch Time: 297.47s
[2026-02-26 07:21:38]   Total Time: 0.50h
[2026-02-26 07:21:38] 
================================================================================
[2026-02-26 07:21:38] Epoch 7/300
[2026-02-26 07:21:38] ================================================================================
[2026-02-26 07:26:41] 
Epoch 7 Summary:
[2026-02-26 07:26:41]   Training Loss: 0.298050
[2026-02-26 07:26:41]   Learning Rate: 9.990134e-05
[2026-02-26 07:26:41]   Epoch Time: 302.92s
[2026-02-26 07:26:41]   Total Time: 0.59h
[2026-02-26 07:26:41] 
================================================================================
[2026-02-26 07:26:41] Epoch 8/300
[2026-02-26 07:26:41] ================================================================================
[2026-02-26 07:31:50] 
Epoch 8 Summary:
[2026-02-26 07:31:50]   Training Loss: 0.278900
[2026-02-26 07:31:50]   Learning Rate: 9.986572e-05
[2026-02-26 07:31:50]   Epoch Time: 308.88s
[2026-02-26 07:31:50]   Total Time: 0.67h
[2026-02-26 07:31:50] 
================================================================================
[2026-02-26 07:31:50] Epoch 9/300
[2026-02-26 07:31:50] ================================================================================
[2026-02-26 07:36:58] 
Epoch 9 Summary:
[2026-02-26 07:36:58]   Training Loss: 0.265405
[2026-02-26 07:36:58]   Learning Rate: 9.982464e-05
[2026-02-26 07:36:58]   Epoch Time: 308.42s
[2026-02-26 07:36:58]   Total Time: 0.76h
[2026-02-26 07:36:58] 
================================================================================
[2026-02-26 07:36:58] Epoch 10/300
[2026-02-26 07:36:58] ================================================================================
[2026-02-26 07:42:03] 
Epoch 10 Summary:
[2026-02-26 07:42:03]   Training Loss: 0.265039
[2026-02-26 07:42:03]   Learning Rate: 9.977810e-05
[2026-02-26 07:42:03]   Epoch Time: 305.14s
[2026-02-26 07:42:03]   Total Time: 0.85h
[2026-02-26 07:43:24] 
────────────────────────────────────────────────────────────────────────────────
[2026-02-26 07:43:24] Validation Results:
[2026-02-26 07:43:24]   ET (Enhancing Tumor): 0.7943
[2026-02-26 07:43:24]   TC (Tumor Core):      0.7590
[2026-02-26 07:43:24]   WT (Whole Tumor):     0.8683
[2026-02-26 07:43:24]   Average Dice:         0.8072
[2026-02-26 07:43:24]   ✓ New best model! (↑ 0.8072)
[2026-02-26 07:43:24] ────────────────────────────────────────────────────────────────────────────────
[2026-02-26 07:43:24]   ✓ Saved best checkpoint (Epoch 10)
[2026-02-26 07:43:24] 
================================================================================
[2026-02-26 07:43:24] Epoch 11/300
[2026-02-26 07:43:24] ================================================================================
[2026-02-26 07:48:24] 
Epoch 11 Summary:
[2026-02-26 07:48:24]   Training Loss: 0.234795
[2026-02-26 07:48:24]   Learning Rate: 9.972609e-05
[2026-02-26 07:48:24]   Epoch Time: 299.38s
[2026-02-26 07:48:24]   Total Time: 0.95h
[2026-02-26 07:48:24] 
================================================================================
[2026-02-26 07:48:24] Epoch 12/300
[2026-02-26 07:48:24] ================================================================================
[2026-02-26 07:53:22] 
Epoch 12 Summary:
[2026-02-26 07:53:22]   Training Loss: 0.249628
[2026-02-26 07:53:22]   Learning Rate: 9.966864e-05
[2026-02-26 07:53:22]   Epoch Time: 298.75s
[2026-02-26 07:53:22]   Total Time: 1.03h
[2026-02-26 07:53:22] 
================================================================================
[2026-02-26 07:53:22] Epoch 13/300
[2026-02-26 07:53:22] ================================================================================
[2026-02-26 07:58:24] 
Epoch 13 Summary:
[2026-02-26 07:58:24]   Training Loss: 0.239245
[2026-02-26 07:58:24]   Learning Rate: 9.960574e-05
[2026-02-26 07:58:24]   Epoch Time: 301.40s
[2026-02-26 07:58:24]   Total Time: 1.12h
[2026-02-26 07:58:24] 
================================================================================
[2026-02-26 07:58:24] Epoch 14/300
[2026-02-26 07:58:24] ================================================================================
[2026-02-26 08:03:33] 
Epoch 14 Summary:
[2026-02-26 08:03:33]   Training Loss: 0.253753
[2026-02-26 08:03:33]   Learning Rate: 9.953739e-05
[2026-02-26 08:03:33]   Epoch Time: 309.14s
[2026-02-26 08:03:33]   Total Time: 1.20h
[2026-02-26 08:03:33] 
================================================================================
[2026-02-26 08:03:33] Epoch 15/300
[2026-02-26 08:03:33] ================================================================================
[2026-02-26 08:08:42] 
Epoch 15 Summary:
[2026-02-26 08:08:42]   Training Loss: 0.243311
[2026-02-26 08:08:42]   Learning Rate: 9.946362e-05
[2026-02-26 08:08:42]   Epoch Time: 308.59s
[2026-02-26 08:08:42]   Total Time: 1.29h
[2026-02-26 08:08:42] 
================================================================================
[2026-02-26 08:08:42] Epoch 16/300
[2026-02-26 08:08:42] ================================================================================
[2026-02-26 08:13:50] 
Epoch 16 Summary:
[2026-02-26 08:13:50]   Training Loss: 0.242181
[2026-02-26 08:13:50]   Learning Rate: 9.938442e-05
[2026-02-26 08:13:50]   Epoch Time: 308.39s
[2026-02-26 08:13:50]   Total Time: 1.37h
[2026-02-26 08:13:50] 
================================================================================
[2026-02-26 08:13:50] Epoch 17/300
[2026-02-26 08:13:50] ================================================================================
[2026-02-26 08:18:50] 
Epoch 17 Summary:
[2026-02-26 08:18:50]   Training Loss: 0.244633
[2026-02-26 08:18:50]   Learning Rate: 9.929980e-05
[2026-02-26 08:18:50]   Epoch Time: 299.49s
[2026-02-26 08:18:50]   Total Time: 1.46h
[2026-02-26 08:18:50] 
================================================================================
[2026-02-26 08:18:50] Epoch 18/300
[2026-02-26 08:18:50] ================================================================================
[2026-02-26 08:23:49] 
Epoch 18 Summary:
[2026-02-26 08:23:49]   Training Loss: 0.234376
[2026-02-26 08:23:49]   Learning Rate: 9.920978e-05
[2026-02-26 08:23:49]   Epoch Time: 299.41s
[2026-02-26 08:23:49]   Total Time: 1.54h
[2026-02-26 08:23:49] 
================================================================================
[2026-02-26 08:23:49] Epoch 19/300
[2026-02-26 08:23:49] ================================================================================
[2026-02-26 08:28:48] 
Epoch 19 Summary:
[2026-02-26 08:28:48]   Training Loss: 0.222271
[2026-02-26 08:28:48]   Learning Rate: 9.911436e-05
[2026-02-26 08:28:48]   Epoch Time: 298.89s
[2026-02-26 08:28:48]   Total Time: 1.62h
[2026-02-26 08:28:48] 
================================================================================
[2026-02-26 08:28:48] Epoch 20/300
[2026-02-26 08:28:48] ================================================================================
[2026-02-26 08:33:56] 
Epoch 20 Summary:
[2026-02-26 08:33:56]   Training Loss: 0.234591
[2026-02-26 08:33:56]   Learning Rate: 9.901356e-05
[2026-02-26 08:33:56]   Epoch Time: 308.02s
[2026-02-26 08:33:56]   Total Time: 1.71h
[2026-02-26 08:35:17] 
────────────────────────────────────────────────────────────────────────────────
[2026-02-26 08:35:17] Validation Results:
[2026-02-26 08:35:17]   ET (Enhancing Tumor): 0.8217
[2026-02-26 08:35:17]   TC (Tumor Core):      0.8224
[2026-02-26 08:35:17]   WT (Whole Tumor):     0.8964
[2026-02-26 08:35:17]   Average Dice:         0.8468
[2026-02-26 08:35:17]   ✓ New best model! (↑ 0.0396)
[2026-02-26 08:35:17] ────────────────────────────────────────────────────────────────────────────────
[2026-02-26 08:35:17]   ✓ Saved best checkpoint (Epoch 20)
[2026-02-26 08:35:17] 
================================================================================
[2026-02-26 08:35:17] Epoch 21/300
[2026-02-26 08:35:17] ================================================================================
[2026-02-26 08:40:27] 
Epoch 21 Summary:
[2026-02-26 08:40:27]   Training Loss: 0.232379
[2026-02-26 08:40:27]   Learning Rate: 9.890738e-05
[2026-02-26 08:40:27]   Epoch Time: 309.59s
[2026-02-26 08:40:27]   Total Time: 1.82h
[2026-02-26 08:40:27] 
================================================================================
[2026-02-26 08:40:27] Epoch 22/300
[2026-02-26 08:40:27] ================================================================================
[2026-02-26 08:45:37] 
Epoch 22 Summary:
[2026-02-26 08:45:37]   Training Loss: 0.229976
[2026-02-26 08:45:37]   Learning Rate: 9.879584e-05
[2026-02-26 08:45:37]   Epoch Time: 310.65s
[2026-02-26 08:45:37]   Total Time: 1.90h
[2026-02-26 08:45:37] 
================================================================================
[2026-02-26 08:45:37] Epoch 23/300
[2026-02-26 08:45:37] ================================================================================
[2026-02-26 08:50:38] 
Epoch 23 Summary:
[2026-02-26 08:50:38]   Training Loss: 0.235009
[2026-02-26 08:50:38]   Learning Rate: 9.867895e-05
[2026-02-26 08:50:38]   Epoch Time: 300.36s
[2026-02-26 08:50:38]   Total Time: 1.99h
[2026-02-26 08:50:38] 
================================================================================
[2026-02-26 08:50:38] Epoch 24/300
[2026-02-26 08:50:38] ================================================================================
[2026-02-26 08:55:36] 
Epoch 24 Summary:
[2026-02-26 08:55:36]   Training Loss: 0.236167
[2026-02-26 08:55:36]   Learning Rate: 9.855671e-05
[2026-02-26 08:55:36]   Epoch Time: 298.46s
[2026-02-26 08:55:36]   Total Time: 2.07h
[2026-02-26 08:55:36] 
================================================================================
[2026-02-26 08:55:36] Epoch 25/300
[2026-02-26 08:55:36] ================================================================================
[2026-02-26 09:00:34] 
Epoch 25 Summary:
[2026-02-26 09:00:34]   Training Loss: 0.230725
[2026-02-26 09:00:34]   Learning Rate: 9.842916e-05
[2026-02-26 09:00:34]   Epoch Time: 297.82s
[2026-02-26 09:00:34]   Total Time: 2.15h
[2026-02-26 09:00:34] 
================================================================================
[2026-02-26 09:00:34] Epoch 26/300
[2026-02-26 09:00:34] ================================================================================
[2026-02-26 09:05:41] 
Epoch 26 Summary:
[2026-02-26 09:05:41]   Training Loss: 0.222064
[2026-02-26 09:05:41]   Learning Rate: 9.829629e-05
[2026-02-26 09:05:41]   Epoch Time: 306.45s
[2026-02-26 09:05:41]   Total Time: 2.24h
[2026-02-26 09:05:41] 
================================================================================
[2026-02-26 09:05:41] Epoch 27/300
[2026-02-26 09:05:41] ================================================================================
[2026-02-26 09:10:51] 
Epoch 27 Summary:
[2026-02-26 09:10:51]   Training Loss: 0.220941
[2026-02-26 09:10:51]   Learning Rate: 9.815813e-05
[2026-02-26 09:10:51]   Epoch Time: 310.26s
[2026-02-26 09:10:51]   Total Time: 2.33h
[2026-02-26 09:10:51] 
================================================================================
[2026-02-26 09:10:51] Epoch 28/300
[2026-02-26 09:10:51] ================================================================================
[2026-02-26 09:16:01] 
Epoch 28 Summary:
[2026-02-26 09:16:01]   Training Loss: 0.213004
[2026-02-26 09:16:01]   Learning Rate: 9.801468e-05
[2026-02-26 09:16:01]   Epoch Time: 309.78s
[2026-02-26 09:16:01]   Total Time: 2.41h
[2026-02-26 09:16:01] 
================================================================================
[2026-02-26 09:16:01] Epoch 29/300
[2026-02-26 09:16:01] ================================================================================
[2026-02-26 09:21:05] 
Epoch 29 Summary:
[2026-02-26 09:21:05]   Training Loss: 0.231483
[2026-02-26 09:21:05]   Learning Rate: 9.786597e-05
[2026-02-26 09:21:05]   Epoch Time: 304.55s
[2026-02-26 09:21:05]   Total Time: 2.50h
[2026-02-26 09:21:05] 
================================================================================
[2026-02-26 09:21:05] Epoch 30/300
[2026-02-26 09:21:05] ================================================================================
[2026-02-26 09:26:05] 
Epoch 30 Summary:
[2026-02-26 09:26:05]   Training Loss: 0.215158
[2026-02-26 09:26:05]   Learning Rate: 9.771202e-05
[2026-02-26 09:26:05]   Epoch Time: 299.58s
[2026-02-26 09:26:05]   Total Time: 2.58h
[2026-02-26 09:27:26] 
────────────────────────────────────────────────────────────────────────────────
[2026-02-26 09:27:26] Validation Results:
[2026-02-26 09:27:26]   ET (Enhancing Tumor): 0.8362
[2026-02-26 09:27:26]   TC (Tumor Core):      0.8491
[2026-02-26 09:27:26]   WT (Whole Tumor):     0.8960
[2026-02-26 09:27:26]   Average Dice:         0.8604
[2026-02-26 09:27:26]   ✓ New best model! (↑ 0.0136)
[2026-02-26 09:27:26] ────────────────────────────────────────────────────────────────────────────────
[2026-02-26 09:27:26]   ✓ Saved best checkpoint (Epoch 30)
[2026-02-26 09:27:26] 
================================================================================
[2026-02-26 09:27:26] Epoch 31/300
[2026-02-26 09:27:26] ================================================================================
[2026-02-26 09:32:26] 
Epoch 31 Summary:
[2026-02-26 09:32:26]   Training Loss: 0.215669
[2026-02-26 09:32:26]   Learning Rate: 9.755283e-05
[2026-02-26 09:32:26]   Epoch Time: 300.00s
[2026-02-26 09:32:26]   Total Time: 2.68h
[2026-02-26 09:32:26] 
================================================================================
[2026-02-26 09:32:26] Epoch 32/300
[2026-02-26 09:32:26] ================================================================================
[2026-02-26 09:37:29] 
Epoch 32 Summary:
[2026-02-26 09:37:29]   Training Loss: 0.217084
[2026-02-26 09:37:29]   Learning Rate: 9.738842e-05
[2026-02-26 09:37:29]   Epoch Time: 302.87s
[2026-02-26 09:37:29]   Total Time: 2.77h
[2026-02-26 09:37:29] 
================================================================================
[2026-02-26 09:37:29] Epoch 33/300
[2026-02-26 09:37:29] ================================================================================
[2026-02-26 09:42:39] 
Epoch 33 Summary:
[2026-02-26 09:42:39]   Training Loss: 0.227976
[2026-02-26 09:42:39]   Learning Rate: 9.721882e-05
[2026-02-26 09:42:39]   Epoch Time: 310.35s
[2026-02-26 09:42:39]   Total Time: 2.86h
[2026-02-26 09:42:39] 
================================================================================
[2026-02-26 09:42:39] Epoch 34/300
[2026-02-26 09:42:39] ================================================================================
[2026-02-26 09:47:50] 
Epoch 34 Summary:
[2026-02-26 09:47:50]   Training Loss: 0.209328
[2026-02-26 09:47:50]   Learning Rate: 9.704404e-05
[2026-02-26 09:47:50]   Epoch Time: 310.31s
[2026-02-26 09:47:50]   Total Time: 2.94h
[2026-02-26 09:47:50] 
================================================================================
[2026-02-26 09:47:50] Epoch 35/300
[2026-02-26 09:47:50] ================================================================================
[2026-02-26 09:52:57] 
Epoch 35 Summary:
[2026-02-26 09:52:57]   Training Loss: 0.212909
[2026-02-26 09:52:57]   Learning Rate: 9.686410e-05
[2026-02-26 09:52:57]   Epoch Time: 307.72s
[2026-02-26 09:52:57]   Total Time: 3.03h
[2026-02-26 09:52:57] 
================================================================================
[2026-02-26 09:52:57] Epoch 36/300
[2026-02-26 09:52:57] ================================================================================
[2026-02-26 09:57:55] 
Epoch 36 Summary:
[2026-02-26 09:57:55]   Training Loss: 0.210293
[2026-02-26 09:57:55]   Learning Rate: 9.667902e-05
[2026-02-26 09:57:55]   Epoch Time: 297.98s
[2026-02-26 09:57:55]   Total Time: 3.11h
[2026-02-26 09:57:55] 
================================================================================
[2026-02-26 09:57:55] Epoch 37/300
[2026-02-26 09:57:55] ================================================================================
[2026-02-26 10:02:56] 
Epoch 37 Summary:
[2026-02-26 10:02:56]   Training Loss: 0.202363
[2026-02-26 10:02:56]   Learning Rate: 9.648882e-05
[2026-02-26 10:02:56]   Epoch Time: 300.05s
[2026-02-26 10:02:56]   Total Time: 3.19h
[2026-02-26 10:02:56] 
================================================================================
[2026-02-26 10:02:56] Epoch 38/300
[2026-02-26 10:02:56] ================================================================================
[2026-02-26 10:07:55] 
Epoch 38 Summary:
[2026-02-26 10:07:55]   Training Loss: 0.223335
[2026-02-26 10:07:55]   Learning Rate: 9.629353e-05
[2026-02-26 10:07:55]   Epoch Time: 299.24s
[2026-02-26 10:07:55]   Total Time: 3.28h
[2026-02-26 10:07:55] 
================================================================================
[2026-02-26 10:07:55] Epoch 39/300
[2026-02-26 10:07:55] ================================================================================
[2026-02-26 10:13:04] 
Epoch 39 Summary:
[2026-02-26 10:13:04]   Training Loss: 0.217544
[2026-02-26 10:13:04]   Learning Rate: 9.609316e-05
[2026-02-26 10:13:04]   Epoch Time: 309.07s
[2026-02-26 10:13:04]   Total Time: 3.36h
[2026-02-26 10:13:04] 
================================================================================
[2026-02-26 10:13:04] Epoch 40/300
[2026-02-26 10:13:04] ================================================================================
[2026-02-26 10:18:14] 
Epoch 40 Summary:
[2026-02-26 10:18:14]   Training Loss: 0.211283
[2026-02-26 10:18:14]   Learning Rate: 9.588773e-05
[2026-02-26 10:18:14]   Epoch Time: 310.19s
[2026-02-26 10:18:14]   Total Time: 3.45h
[2026-02-26 10:19:36] 
────────────────────────────────────────────────────────────────────────────────
[2026-02-26 10:19:36] Validation Results:
[2026-02-26 10:19:36]   ET (Enhancing Tumor): 0.8365
[2026-02-26 10:19:36]   TC (Tumor Core):      0.8570
[2026-02-26 10:19:36]   WT (Whole Tumor):     0.9042
[2026-02-26 10:19:36]   Average Dice:         0.8659
[2026-02-26 10:19:36]   ✓ New best model! (↑ 0.0055)
[2026-02-26 10:19:36] ────────────────────────────────────────────────────────────────────────────────
[2026-02-26 10:19:36]   ✓ Saved best checkpoint (Epoch 40)
[2026-02-26 10:19:36] 
================================================================================
[2026-02-26 10:19:36] Epoch 41/300
[2026-02-26 10:19:36] ================================================================================
[2026-02-26 10:24:46] 
Epoch 41 Summary:
[2026-02-26 10:24:46]   Training Loss: 0.208374
[2026-02-26 10:24:46]   Learning Rate: 9.567727e-05
[2026-02-26 10:24:46]   Epoch Time: 310.13s
[2026-02-26 10:24:46]   Total Time: 3.56h
[2026-02-26 10:24:46] 
================================================================================
[2026-02-26 10:24:46] Epoch 42/300
[2026-02-26 10:24:46] ================================================================================
[2026-02-26 10:29:47] 
Epoch 42 Summary:
[2026-02-26 10:29:47]   Training Loss: 0.204358
[2026-02-26 10:29:47]   Learning Rate: 9.546181e-05
[2026-02-26 10:29:47]   Epoch Time: 301.32s
[2026-02-26 10:29:47]   Total Time: 3.64h
[2026-02-26 10:29:47] 
================================================================================
[2026-02-26 10:29:47] Epoch 43/300
[2026-02-26 10:29:47] ================================================================================
[2026-02-26 10:34:46] 
Epoch 43 Summary:
[2026-02-26 10:34:46]   Training Loss: 0.207127
[2026-02-26 10:34:46]   Learning Rate: 9.524135e-05
[2026-02-26 10:34:46]   Epoch Time: 298.95s
[2026-02-26 10:34:46]   Total Time: 3.72h
[2026-02-26 10:34:46] 
================================================================================
[2026-02-26 10:34:46] Epoch 44/300
[2026-02-26 10:34:46] ================================================================================
[2026-02-26 10:39:45] 
Epoch 44 Summary:
[2026-02-26 10:39:45]   Training Loss: 0.210392
[2026-02-26 10:39:45]   Learning Rate: 9.501594e-05
[2026-02-26 10:39:45]   Epoch Time: 298.82s
[2026-02-26 10:39:45]   Total Time: 3.81h
[2026-02-26 10:39:45] 
================================================================================
[2026-02-26 10:39:45] Epoch 45/300
[2026-02-26 10:39:45] ================================================================================
[2026-02-26 10:44:50] 
Epoch 45 Summary:
[2026-02-26 10:44:50]   Training Loss: 0.210152
[2026-02-26 10:44:50]   Learning Rate: 9.478559e-05
[2026-02-26 10:44:50]   Epoch Time: 305.46s
[2026-02-26 10:44:50]   Total Time: 3.89h
[2026-02-26 10:44:50] 
================================================================================
[2026-02-26 10:44:50] Epoch 46/300
[2026-02-26 10:44:50] ================================================================================
[2026-02-26 10:50:01] 
Epoch 46 Summary:
[2026-02-26 10:50:01]   Training Loss: 0.216122
[2026-02-26 10:50:01]   Learning Rate: 9.455033e-05
[2026-02-26 10:50:01]   Epoch Time: 310.23s
[2026-02-26 10:50:01]   Total Time: 3.98h
[2026-02-26 10:50:01] 
================================================================================
[2026-02-26 10:50:01] Epoch 47/300
[2026-02-26 10:50:01] ================================================================================
[2026-02-26 10:55:11] 
Epoch 47 Summary:
[2026-02-26 10:55:11]   Training Loss: 0.222991
[2026-02-26 10:55:11]   Learning Rate: 9.431018e-05
[2026-02-26 10:55:11]   Epoch Time: 310.42s
[2026-02-26 10:55:11]   Total Time: 4.06h
[2026-02-26 10:55:11] 
================================================================================
[2026-02-26 10:55:11] Epoch 48/300
[2026-02-26 10:55:11] ================================================================================
[2026-02-26 11:00:15] 
Epoch 48 Summary:
[2026-02-26 11:00:15]   Training Loss: 0.219281
[2026-02-26 11:00:15]   Learning Rate: 9.406517e-05
[2026-02-26 11:00:15]   Epoch Time: 303.77s
[2026-02-26 11:00:15]   Total Time: 4.15h
[2026-02-26 11:00:15] 
================================================================================
[2026-02-26 11:00:15] Epoch 49/300
[2026-02-26 11:00:15] ================================================================================
[2026-02-26 11:05:15] 
Epoch 49 Summary:
[2026-02-26 11:05:15]   Training Loss: 0.212972
[2026-02-26 11:05:15]   Learning Rate: 9.381533e-05
[2026-02-26 11:05:15]   Epoch Time: 300.46s
[2026-02-26 11:05:15]   Total Time: 4.23h
[2026-02-26 11:05:15] 
================================================================================
[2026-02-26 11:05:15] Epoch 50/300
[2026-02-26 11:05:15] ================================================================================
[2026-02-26 11:10:15] 
Epoch 50 Summary:
[2026-02-26 11:10:15]   Training Loss: 0.207045
[2026-02-26 11:10:15]   Learning Rate: 9.356069e-05
[2026-02-26 11:10:15]   Epoch Time: 299.62s
[2026-02-26 11:10:15]   Total Time: 4.32h
[2026-02-26 11:11:36] 
────────────────────────────────────────────────────────────────────────────────
[2026-02-26 11:11:36] Validation Results:
[2026-02-26 11:11:36]   ET (Enhancing Tumor): 0.8435
[2026-02-26 11:11:36]   TC (Tumor Core):      0.8706
[2026-02-26 11:11:36]   WT (Whole Tumor):     0.9046
[2026-02-26 11:11:36]   Average Dice:         0.8729
[2026-02-26 11:11:36]   ✓ New best model! (↑ 0.0070)
[2026-02-26 11:11:36] ────────────────────────────────────────────────────────────────────────────────
[2026-02-26 11:11:36]   ✓ Saved best checkpoint (Epoch 50)
[2026-02-26 11:11:36]   ✓ Saved epoch_50 checkpoint (Epoch 50)
[2026-02-26 11:11:36] 
================================================================================
[2026-02-26 11:11:36] Epoch 51/300
[2026-02-26 11:11:36] ================================================================================
[2026-02-26 11:16:40] 
Epoch 51 Summary:
[2026-02-26 11:16:40]   Training Loss: 0.203067
[2026-02-26 11:16:40]   Learning Rate: 9.330127e-05
[2026-02-26 11:16:40]   Epoch Time: 304.00s
[2026-02-26 11:16:40]   Total Time: 4.42h
[2026-02-26 11:16:40] 
================================================================================
[2026-02-26 11:16:40] Epoch 52/300
[2026-02-26 11:16:40] ================================================================================
[2026-02-26 11:21:50] 
Epoch 52 Summary:
[2026-02-26 11:21:50]   Training Loss: 0.207650
[2026-02-26 11:21:50]   Learning Rate: 9.303710e-05
[2026-02-26 11:21:50]   Epoch Time: 310.07s
[2026-02-26 11:21:50]   Total Time: 4.51h
[2026-02-26 11:21:50] 
================================================================================
[2026-02-26 11:21:50] Epoch 53/300
[2026-02-26 11:21:50] ================================================================================
[2026-02-26 11:27:00] 
Epoch 53 Summary:
[2026-02-26 11:27:00]   Training Loss: 0.206639
[2026-02-26 11:27:00]   Learning Rate: 9.276821e-05
[2026-02-26 11:27:00]   Epoch Time: 309.96s
[2026-02-26 11:27:00]   Total Time: 4.59h
[2026-02-26 11:27:00] 
================================================================================
[2026-02-26 11:27:00] Epoch 54/300
[2026-02-26 11:27:00] ================================================================================
[2026-02-26 11:32:08] 
Epoch 54 Summary:
[2026-02-26 11:32:08]   Training Loss: 0.209611
[2026-02-26 11:32:08]   Learning Rate: 9.249463e-05
[2026-02-26 11:32:08]   Epoch Time: 307.18s
[2026-02-26 11:32:08]   Total Time: 4.68h
[2026-02-26 11:32:08] 
================================================================================
[2026-02-26 11:32:08] Epoch 55/300
[2026-02-26 11:32:08] ================================================================================
[2026-02-26 11:37:07] 
Epoch 55 Summary:
[2026-02-26 11:37:07]   Training Loss: 0.188732
[2026-02-26 11:37:07]   Learning Rate: 9.221640e-05
[2026-02-26 11:37:07]   Epoch Time: 299.29s
[2026-02-26 11:37:07]   Total Time: 4.76h
[2026-02-26 11:37:07] 
================================================================================
[2026-02-26 11:37:07] Epoch 56/300
[2026-02-26 11:37:07] ================================================================================
[2026-02-26 11:42:08] 
Epoch 56 Summary:
[2026-02-26 11:42:08]   Training Loss: 0.194030
[2026-02-26 11:42:08]   Learning Rate: 9.193353e-05
[2026-02-26 11:42:08]   Epoch Time: 300.95s
[2026-02-26 11:42:08]   Total Time: 4.85h
[2026-02-26 11:42:08] 
================================================================================
[2026-02-26 11:42:08] Epoch 57/300
[2026-02-26 11:42:08] ================================================================================
[2026-02-26 11:47:10] 
Epoch 57 Summary:
[2026-02-26 11:47:10]   Training Loss: 0.191088
[2026-02-26 11:47:10]   Learning Rate: 9.164606e-05
[2026-02-26 11:47:10]   Epoch Time: 302.20s
[2026-02-26 11:47:10]   Total Time: 4.93h
[2026-02-26 11:47:10] 
================================================================================
[2026-02-26 11:47:10] Epoch 58/300
[2026-02-26 11:47:10] ================================================================================
[2026-02-26 11:52:21] 
Epoch 58 Summary:
[2026-02-26 11:52:21]   Training Loss: 0.208761
[2026-02-26 11:52:21]   Learning Rate: 9.135403e-05
[2026-02-26 11:52:21]   Epoch Time: 311.04s
[2026-02-26 11:52:21]   Total Time: 5.02h
[2026-02-26 11:52:21] 
================================================================================
[2026-02-26 11:52:21] Epoch 59/300
[2026-02-26 11:52:21] ================================================================================
[2026-02-26 11:57:32] 
Epoch 59 Summary:
[2026-02-26 11:57:32]   Training Loss: 0.200170
[2026-02-26 11:57:32]   Learning Rate: 9.105746e-05
[2026-02-26 11:57:32]   Epoch Time: 310.70s
[2026-02-26 11:57:32]   Total Time: 5.10h
[2026-02-26 11:57:32] 
================================================================================
[2026-02-26 11:57:32] Epoch 60/300
[2026-02-26 11:57:32] ================================================================================
[2026-02-26 12:02:43] 
Epoch 60 Summary:
[2026-02-26 12:02:43]   Training Loss: 0.207226
[2026-02-26 12:02:43]   Learning Rate: 9.075639e-05
[2026-02-26 12:02:43]   Epoch Time: 311.29s
[2026-02-26 12:02:43]   Total Time: 5.19h
[2026-02-26 12:04:05] 
────────────────────────────────────────────────────────────────────────────────
[2026-02-26 12:04:05] Validation Results:
[2026-02-26 12:04:05]   ET (Enhancing Tumor): 0.8526
[2026-02-26 12:04:05]   TC (Tumor Core):      0.8730
[2026-02-26 12:04:05]   WT (Whole Tumor):     0.9100
[2026-02-26 12:04:05]   Average Dice:         0.8786
[2026-02-26 12:04:05]   ✓ New best model! (↑ 0.0056)
[2026-02-26 12:04:05] ────────────────────────────────────────────────────────────────────────────────
[2026-02-26 12:04:05]   ✓ Saved best checkpoint (Epoch 60)
[2026-02-26 12:04:05] 
================================================================================
[2026-02-26 12:04:05] Epoch 61/300
[2026-02-26 12:04:05] ================================================================================
[2026-02-26 12:09:05] 
Epoch 61 Summary:
[2026-02-26 12:09:05]   Training Loss: 0.222259
[2026-02-26 12:09:05]   Learning Rate: 9.045085e-05
[2026-02-26 12:09:05]   Epoch Time: 300.14s
[2026-02-26 12:09:05]   Total Time: 5.30h
[2026-02-26 12:09:05] 
================================================================================
[2026-02-26 12:09:05] Epoch 62/300
[2026-02-26 12:09:05] ================================================================================
[2026-02-26 12:14:05] 
Epoch 62 Summary:
[2026-02-26 12:14:05]   Training Loss: 0.203822
[2026-02-26 12:14:05]   Learning Rate: 9.014087e-05
[2026-02-26 12:14:05]   Epoch Time: 300.00s
[2026-02-26 12:14:05]   Total Time: 5.38h
[2026-02-26 12:14:05] 
================================================================================
[2026-02-26 12:14:05] Epoch 63/300
[2026-02-26 12:14:05] ================================================================================
[2026-02-26 12:19:03] 
Epoch 63 Summary:
[2026-02-26 12:19:03]   Training Loss: 0.206859
[2026-02-26 12:19:03]   Learning Rate: 8.982650e-05
[2026-02-26 12:19:03]   Epoch Time: 298.50s
[2026-02-26 12:19:03]   Total Time: 5.46h
[2026-02-26 12:19:03] 
================================================================================
[2026-02-26 12:19:03] Epoch 64/300
[2026-02-26 12:19:03] ================================================================================
[2026-02-26 12:24:12] 
Epoch 64 Summary:
[2026-02-26 12:24:12]   Training Loss: 0.202774
[2026-02-26 12:24:12]   Learning Rate: 8.950775e-05
[2026-02-26 12:24:12]   Epoch Time: 308.67s
[2026-02-26 12:24:12]   Total Time: 5.55h
[2026-02-26 12:24:12] 
================================================================================
[2026-02-26 12:24:12] Epoch 65/300
[2026-02-26 12:24:12] ================================================================================
[2026-02-26 12:29:23] 
Epoch 65 Summary:
[2026-02-26 12:29:23]   Training Loss: 0.203228
[2026-02-26 12:29:23]   Learning Rate: 8.918467e-05
[2026-02-26 12:29:23]   Epoch Time: 310.75s
[2026-02-26 12:29:23]   Total Time: 5.63h
[2026-02-26 12:29:23] 
================================================================================
[2026-02-26 12:29:23] Epoch 66/300
[2026-02-26 12:29:23] ================================================================================
[2026-02-26 12:34:33] 
Epoch 66 Summary:
[2026-02-26 12:34:33]   Training Loss: 0.198769
[2026-02-26 12:34:33]   Learning Rate: 8.885730e-05
[2026-02-26 12:34:33]   Epoch Time: 310.55s
[2026-02-26 12:34:33]   Total Time: 5.72h
[2026-02-26 12:34:33] 
================================================================================
[2026-02-26 12:34:33] Epoch 67/300
[2026-02-26 12:34:33] ================================================================================
[2026-02-26 12:39:36] 
Epoch 67 Summary:
[2026-02-26 12:39:36]   Training Loss: 0.205277
[2026-02-26 12:39:36]   Learning Rate: 8.852566e-05
[2026-02-26 12:39:36]   Epoch Time: 302.47s
[2026-02-26 12:39:36]   Total Time: 5.80h
[2026-02-26 12:39:36] 
================================================================================
[2026-02-26 12:39:36] Epoch 68/300
[2026-02-26 12:39:36] ================================================================================
[2026-02-26 12:44:35] 
Epoch 68 Summary:
[2026-02-26 12:44:35]   Training Loss: 0.200907
[2026-02-26 12:44:35]   Learning Rate: 8.818980e-05
[2026-02-26 12:44:35]   Epoch Time: 299.38s
[2026-02-26 12:44:35]   Total Time: 5.89h
[2026-02-26 12:44:35] 
================================================================================
[2026-02-26 12:44:35] Epoch 69/300
[2026-02-26 12:44:35] ================================================================================
[2026-02-26 12:49:35] 
Epoch 69 Summary:
[2026-02-26 12:49:35]   Training Loss: 0.200565
[2026-02-26 12:49:35]   Learning Rate: 8.784975e-05
[2026-02-26 12:49:35]   Epoch Time: 299.93s
[2026-02-26 12:49:35]   Total Time: 5.97h
[2026-02-26 12:49:35] 
================================================================================
[2026-02-26 12:49:35] Epoch 70/300
[2026-02-26 12:49:35] ================================================================================
[2026-02-26 12:54:39] 
Epoch 70 Summary:
[2026-02-26 12:54:39]   Training Loss: 0.203691
[2026-02-26 12:54:39]   Learning Rate: 8.750555e-05
[2026-02-26 12:54:39]   Epoch Time: 304.03s
[2026-02-26 12:54:39]   Total Time: 6.06h
[2026-02-26 12:56:01] 
────────────────────────────────────────────────────────────────────────────────
[2026-02-26 12:56:01] Validation Results:
[2026-02-26 12:56:01]   ET (Enhancing Tumor): 0.8602
[2026-02-26 12:56:01]   TC (Tumor Core):      0.8773
[2026-02-26 12:56:01]   WT (Whole Tumor):     0.9089
[2026-02-26 12:56:01]   Average Dice:         0.8821
[2026-02-26 12:56:01]   ✓ New best model! (↑ 0.0036)
[2026-02-26 12:56:01] ────────────────────────────────────────────────────────────────────────────────
[2026-02-26 12:56:01]   ✓ Saved best checkpoint (Epoch 70)
[2026-02-26 12:56:01] 
================================================================================
[2026-02-26 12:56:01] Epoch 71/300
[2026-02-26 12:56:01] ================================================================================
[2026-02-26 13:01:11] 
Epoch 71 Summary:
[2026-02-26 13:01:11]   Training Loss: 0.189101
[2026-02-26 13:01:11]   Learning Rate: 8.715724e-05
[2026-02-26 13:01:11]   Epoch Time: 309.87s
[2026-02-26 13:01:11]   Total Time: 6.16h
[2026-02-26 13:01:11] 
================================================================================
[2026-02-26 13:01:11] Epoch 72/300
[2026-02-26 13:01:11] ================================================================================
[2026-02-26 13:06:21] 
Epoch 72 Summary:
[2026-02-26 13:06:21]   Training Loss: 0.198927
[2026-02-26 13:06:21]   Learning Rate: 8.680485e-05
[2026-02-26 13:06:21]   Epoch Time: 309.62s
[2026-02-26 13:06:21]   Total Time: 6.25h
[2026-02-26 13:06:21] 
================================================================================
[2026-02-26 13:06:21] Epoch 73/300
[2026-02-26 13:06:21] ================================================================================
[2026-02-26 13:11:26] 
Epoch 73 Summary:
[2026-02-26 13:11:26]   Training Loss: 0.204611
[2026-02-26 13:11:26]   Learning Rate: 8.644843e-05
[2026-02-26 13:11:26]   Epoch Time: 305.79s
[2026-02-26 13:11:26]   Total Time: 6.33h
[2026-02-26 13:11:26] 
================================================================================
[2026-02-26 13:11:26] Epoch 74/300
[2026-02-26 13:11:26] ================================================================================
[2026-02-26 13:16:26] 
Epoch 74 Summary:
[2026-02-26 13:16:26]   Training Loss: 0.196315
[2026-02-26 13:16:26]   Learning Rate: 8.608801e-05
[2026-02-26 13:16:26]   Epoch Time: 299.18s
[2026-02-26 13:16:26]   Total Time: 6.42h
[2026-02-26 13:16:26] 
================================================================================
[2026-02-26 13:16:26] Epoch 75/300
[2026-02-26 13:16:26] ================================================================================
[2026-02-26 13:21:25] 
Epoch 75 Summary:
[2026-02-26 13:21:25]   Training Loss: 0.190092
[2026-02-26 13:21:25]   Learning Rate: 8.572363e-05
[2026-02-26 13:21:25]   Epoch Time: 299.66s
[2026-02-26 13:21:25]   Total Time: 6.50h
[2026-02-26 13:21:25] 
================================================================================
[2026-02-26 13:21:25] Epoch 76/300
[2026-02-26 13:21:25] ================================================================================
[2026-02-26 13:26:27] 
Epoch 76 Summary:
[2026-02-26 13:26:27]   Training Loss: 0.184037
[2026-02-26 13:26:27]   Learning Rate: 8.535534e-05
[2026-02-26 13:26:27]   Epoch Time: 301.57s
[2026-02-26 13:26:27]   Total Time: 6.59h
[2026-02-26 13:26:27] 
================================================================================
[2026-02-26 13:26:27] Epoch 77/300
[2026-02-26 13:26:27] ================================================================================
[2026-02-26 13:31:36] 
Epoch 77 Summary:
[2026-02-26 13:31:36]   Training Loss: 0.192478
[2026-02-26 13:31:36]   Learning Rate: 8.498317e-05
[2026-02-26 13:31:36]   Epoch Time: 308.88s
[2026-02-26 13:31:36]   Total Time: 6.67h
[2026-02-26 13:31:36] 
================================================================================
[2026-02-26 13:31:36] Epoch 78/300
[2026-02-26 13:31:36] ================================================================================
[2026-02-26 13:36:44] 
Epoch 78 Summary:
[2026-02-26 13:36:44]   Training Loss: 0.196380
[2026-02-26 13:36:44]   Learning Rate: 8.460716e-05
[2026-02-26 13:36:44]   Epoch Time: 307.95s
[2026-02-26 13:36:44]   Total Time: 6.76h
[2026-02-26 13:36:44] 
================================================================================
[2026-02-26 13:36:44] Epoch 79/300
[2026-02-26 13:36:44] ================================================================================
[2026-02-26 13:41:51] 
Epoch 79 Summary:
[2026-02-26 13:41:51]   Training Loss: 0.198951
[2026-02-26 13:41:51]   Learning Rate: 8.422736e-05
[2026-02-26 13:41:51]   Epoch Time: 307.37s
[2026-02-26 13:41:51]   Total Time: 6.84h
[2026-02-26 13:41:51] 
================================================================================
[2026-02-26 13:41:51] Epoch 80/300
[2026-02-26 13:41:51] ================================================================================
[2026-02-26 13:47:00] 
Epoch 80 Summary:
[2026-02-26 13:47:00]   Training Loss: 0.186227
[2026-02-26 13:47:00]   Learning Rate: 8.384380e-05
[2026-02-26 13:47:00]   Epoch Time: 308.78s
[2026-02-26 13:47:00]   Total Time: 6.93h
[2026-02-26 13:48:21] 
────────────────────────────────────────────────────────────────────────────────
[2026-02-26 13:48:21] Validation Results:
[2026-02-26 13:48:21]   ET (Enhancing Tumor): 0.8562
[2026-02-26 13:48:21]   TC (Tumor Core):      0.8741
[2026-02-26 13:48:21]   WT (Whole Tumor):     0.9150
[2026-02-26 13:48:21]   Average Dice:         0.8818
[2026-02-26 13:48:21]   Best remains: 0.8821
[2026-02-26 13:48:21] ────────────────────────────────────────────────────────────────────────────────
[2026-02-26 13:48:21] 
================================================================================
[2026-02-26 13:48:21] Epoch 81/300
[2026-02-26 13:48:21] ================================================================================
[2026-02-26 13:53:28] 
Epoch 81 Summary:
[2026-02-26 13:53:28]   Training Loss: 0.201053
[2026-02-26 13:53:28]   Learning Rate: 8.345653e-05
[2026-02-26 13:53:28]   Epoch Time: 307.16s
[2026-02-26 13:53:28]   Total Time: 7.04h
[2026-02-26 13:53:28] 
================================================================================
[2026-02-26 13:53:28] Epoch 82/300
[2026-02-26 13:53:28] ================================================================================
[2026-02-26 13:58:37] 
Epoch 82 Summary:
[2026-02-26 13:58:37]   Training Loss: 0.186135
[2026-02-26 13:58:37]   Learning Rate: 8.306559e-05
[2026-02-26 13:58:37]   Epoch Time: 308.59s
[2026-02-26 13:58:37]   Total Time: 7.12h
[2026-02-26 13:58:37] 
================================================================================
[2026-02-26 13:58:37] Epoch 83/300
[2026-02-26 13:58:37] ================================================================================
[2026-02-26 14:03:45] 
Epoch 83 Summary:
[2026-02-26 14:03:45]   Training Loss: 0.202527
[2026-02-26 14:03:45]   Learning Rate: 8.267103e-05
[2026-02-26 14:03:45]   Epoch Time: 307.96s
[2026-02-26 14:03:45]   Total Time: 7.21h
[2026-02-26 14:03:45] 
================================================================================
[2026-02-26 14:03:45] Epoch 84/300
[2026-02-26 14:03:45] ================================================================================
[2026-02-26 14:08:53] 
Epoch 84 Summary:
[2026-02-26 14:08:53]   Training Loss: 0.184615
[2026-02-26 14:08:53]   Learning Rate: 8.227288e-05
[2026-02-26 14:08:53]   Epoch Time: 308.43s
[2026-02-26 14:08:53]   Total Time: 7.29h
[2026-02-26 14:08:53] 
================================================================================
[2026-02-26 14:08:53] Epoch 85/300
[2026-02-26 14:08:53] ================================================================================
[2026-02-26 14:14:02] 
Epoch 85 Summary:
[2026-02-26 14:14:02]   Training Loss: 0.201315
[2026-02-26 14:14:02]   Learning Rate: 8.187120e-05
[2026-02-26 14:14:02]   Epoch Time: 309.06s
[2026-02-26 14:14:02]   Total Time: 7.38h
[2026-02-26 14:14:02] 
================================================================================
[2026-02-26 14:14:02] Epoch 86/300
[2026-02-26 14:14:02] ================================================================================
[2026-02-26 14:19:08] 
Epoch 86 Summary:
[2026-02-26 14:19:08]   Training Loss: 0.193801
[2026-02-26 14:19:08]   Learning Rate: 8.146602e-05
[2026-02-26 14:19:08]   Epoch Time: 305.80s
[2026-02-26 14:19:08]   Total Time: 7.46h
[2026-02-26 14:19:08] 
================================================================================
[2026-02-26 14:19:08] Epoch 87/300
[2026-02-26 14:19:08] ================================================================================
[2026-02-26 14:24:16] 
Epoch 87 Summary:
[2026-02-26 14:24:16]   Training Loss: 0.196588
[2026-02-26 14:24:16]   Learning Rate: 8.105739e-05
[2026-02-26 14:24:16]   Epoch Time: 307.67s
[2026-02-26 14:24:16]   Total Time: 7.55h
[2026-02-26 14:24:16] 
================================================================================
[2026-02-26 14:24:16] Epoch 88/300
[2026-02-26 14:24:16] ================================================================================
[2026-02-26 14:29:24] 
Epoch 88 Summary:
[2026-02-26 14:29:24]   Training Loss: 0.193363
[2026-02-26 14:29:24]   Learning Rate: 8.064535e-05
[2026-02-26 14:29:24]   Epoch Time: 308.70s
[2026-02-26 14:29:24]   Total Time: 7.63h
[2026-02-26 14:29:24] 
================================================================================
[2026-02-26 14:29:24] Epoch 89/300
[2026-02-26 14:29:24] ================================================================================
[2026-02-26 14:34:32] 
Epoch 89 Summary:
[2026-02-26 14:34:32]   Training Loss: 0.190498
[2026-02-26 14:34:32]   Learning Rate: 8.022996e-05
[2026-02-26 14:34:32]   Epoch Time: 307.39s
[2026-02-26 14:34:32]   Total Time: 7.72h
[2026-02-26 14:34:32] 
================================================================================
[2026-02-26 14:34:32] Epoch 90/300
[2026-02-26 14:34:32] ================================================================================
[2026-02-26 14:39:41] 
Epoch 90 Summary:
[2026-02-26 14:39:41]   Training Loss: 0.187264
[2026-02-26 14:39:41]   Learning Rate: 7.981124e-05
[2026-02-26 14:39:41]   Epoch Time: 309.07s
[2026-02-26 14:39:41]   Total Time: 7.81h
[2026-02-26 14:41:02] 
────────────────────────────────────────────────────────────────────────────────
[2026-02-26 14:41:02] Validation Results:
[2026-02-26 14:41:02]   ET (Enhancing Tumor): 0.8546
[2026-02-26 14:41:02]   TC (Tumor Core):      0.8730
[2026-02-26 14:41:02]   WT (Whole Tumor):     0.9176
[2026-02-26 14:41:02]   Average Dice:         0.8817
[2026-02-26 14:41:02]   Best remains: 0.8821
[2026-02-26 14:41:02] ────────────────────────────────────────────────────────────────────────────────
[2026-02-26 14:41:02] 
================================================================================
[2026-02-26 14:41:02] Epoch 91/300
[2026-02-26 14:41:02] ================================================================================
[2026-02-26 14:46:11] 
Epoch 91 Summary:
[2026-02-26 14:46:11]   Training Loss: 0.196311
[2026-02-26 14:46:11]   Learning Rate: 7.938926e-05
[2026-02-26 14:46:11]   Epoch Time: 309.18s
[2026-02-26 14:46:11]   Total Time: 7.91h
[2026-02-26 14:46:11] 
================================================================================
[2026-02-26 14:46:11] Epoch 92/300
[2026-02-26 14:46:11] ================================================================================
[2026-02-26 14:51:20] 
Epoch 92 Summary:
[2026-02-26 14:51:20]   Training Loss: 0.192786
[2026-02-26 14:51:20]   Learning Rate: 7.896406e-05
[2026-02-26 14:51:20]   Epoch Time: 308.61s
[2026-02-26 14:51:20]   Total Time: 8.00h
[2026-02-26 14:51:20] 
================================================================================
[2026-02-26 14:51:20] Epoch 93/300
[2026-02-26 14:51:20] ================================================================================
[2026-02-26 14:56:27] 
Epoch 93 Summary:
[2026-02-26 14:56:27]   Training Loss: 0.188325
[2026-02-26 14:56:27]   Learning Rate: 7.853568e-05
[2026-02-26 14:56:27]   Epoch Time: 307.27s
[2026-02-26 14:56:27]   Total Time: 8.09h
[2026-02-26 14:56:27] 
================================================================================
[2026-02-26 14:56:27] Epoch 94/300
[2026-02-26 14:56:27] ================================================================================
[2026-02-26 15:01:35] 
Epoch 94 Summary:
[2026-02-26 15:01:35]   Training Loss: 0.187461
[2026-02-26 15:01:35]   Learning Rate: 7.810417e-05
[2026-02-26 15:01:35]   Epoch Time: 307.74s
[2026-02-26 15:01:35]   Total Time: 8.17h
[2026-02-26 15:01:35] 
================================================================================
[2026-02-26 15:01:35] Epoch 95/300
[2026-02-26 15:01:35] ================================================================================
[2026-02-26 15:06:43] 
Epoch 95 Summary:
[2026-02-26 15:06:43]   Training Loss: 0.190053
[2026-02-26 15:06:43]   Learning Rate: 7.766958e-05
[2026-02-26 15:06:43]   Epoch Time: 308.55s
[2026-02-26 15:06:43]   Total Time: 8.26h
[2026-02-26 15:06:43] 
================================================================================
[2026-02-26 15:06:43] Epoch 96/300
[2026-02-26 15:06:43] ================================================================================
[2026-02-26 15:11:53] 
Epoch 96 Summary:
[2026-02-26 15:11:53]   Training Loss: 0.209563
[2026-02-26 15:11:53]   Learning Rate: 7.723195e-05
[2026-02-26 15:11:53]   Epoch Time: 309.57s
[2026-02-26 15:11:53]   Total Time: 8.34h
[2026-02-26 15:11:53] 
================================================================================
[2026-02-26 15:11:53] Epoch 97/300
[2026-02-26 15:11:53] ================================================================================
[2026-02-26 15:17:02] 
Epoch 97 Summary:
[2026-02-26 15:17:02]   Training Loss: 0.194690
[2026-02-26 15:17:02]   Learning Rate: 7.679134e-05
[2026-02-26 15:17:02]   Epoch Time: 308.95s
[2026-02-26 15:17:02]   Total Time: 8.43h
[2026-02-26 15:17:02] 
================================================================================
[2026-02-26 15:17:02] Epoch 98/300
[2026-02-26 15:17:02] ================================================================================
[2026-02-26 15:22:10] 
Epoch 98 Summary:
[2026-02-26 15:22:10]   Training Loss: 0.193125
[2026-02-26 15:22:10]   Learning Rate: 7.634779e-05
[2026-02-26 15:22:10]   Epoch Time: 308.62s
[2026-02-26 15:22:10]   Total Time: 8.51h
[2026-02-26 15:22:10] 
================================================================================
[2026-02-26 15:22:10] Epoch 99/300
[2026-02-26 15:22:10] ================================================================================
[2026-02-26 15:27:20] 
Epoch 99 Summary:
[2026-02-26 15:27:20]   Training Loss: 0.182784
[2026-02-26 15:27:20]   Learning Rate: 7.590135e-05
[2026-02-26 15:27:20]   Epoch Time: 309.14s
[2026-02-26 15:27:20]   Total Time: 8.60h
[2026-02-26 15:27:20] 
================================================================================
[2026-02-26 15:27:20] Epoch 100/300
[2026-02-26 15:27:20] ================================================================================
[2026-02-26 15:32:26] 
Epoch 100 Summary:
[2026-02-26 15:32:26]   Training Loss: 0.184746
[2026-02-26 15:32:26]   Learning Rate: 7.545207e-05
[2026-02-26 15:32:26]   Epoch Time: 306.60s
[2026-02-26 15:32:26]   Total Time: 8.68h
[2026-02-26 15:33:48] 
────────────────────────────────────────────────────────────────────────────────
[2026-02-26 15:33:48] Validation Results:
[2026-02-26 15:33:48]   ET (Enhancing Tumor): 0.8550
[2026-02-26 15:33:48]   TC (Tumor Core):      0.8838
[2026-02-26 15:33:48]   WT (Whole Tumor):     0.8841
[2026-02-26 15:33:48]   Average Dice:         0.8743
[2026-02-26 15:33:48]   Best remains: 0.8821
[2026-02-26 15:33:48] ────────────────────────────────────────────────────────────────────────────────
[2026-02-26 15:33:48]   ✓ Saved epoch_100 checkpoint (Epoch 100)
[2026-02-26 15:33:48] 
================================================================================
[2026-02-26 15:33:48] Epoch 101/300
[2026-02-26 15:33:48] ================================================================================
[2026-02-26 15:38:57] 
Epoch 101 Summary:
[2026-02-26 15:38:57]   Training Loss: 0.189236
[2026-02-26 15:38:57]   Learning Rate: 7.500000e-05
[2026-02-26 15:38:57]   Epoch Time: 309.04s
[2026-02-26 15:38:57]   Total Time: 8.79h
[2026-02-26 15:38:57] 
================================================================================
[2026-02-26 15:38:57] Epoch 102/300
[2026-02-26 15:38:57] ================================================================================
[2026-02-26 15:44:06] 
Epoch 102 Summary:
[2026-02-26 15:44:06]   Training Loss: 0.186656
[2026-02-26 15:44:06]   Learning Rate: 7.454519e-05
[2026-02-26 15:44:06]   Epoch Time: 308.70s
[2026-02-26 15:44:06]   Total Time: 8.88h
[2026-02-26 15:44:06] 
================================================================================
[2026-02-26 15:44:06] Epoch 103/300
[2026-02-26 15:44:06] ================================================================================
[2026-02-26 15:49:14] 
Epoch 103 Summary:
[2026-02-26 15:49:14]   Training Loss: 0.193454
[2026-02-26 15:49:14]   Learning Rate: 7.408768e-05
[2026-02-26 15:49:14]   Epoch Time: 308.30s
[2026-02-26 15:49:14]   Total Time: 8.96h
[2026-02-26 15:49:14] 
================================================================================
[2026-02-26 15:49:14] Epoch 104/300
[2026-02-26 15:49:14] ================================================================================
[2026-02-26 15:54:23] 
Epoch 104 Summary:
[2026-02-26 15:54:23]   Training Loss: 0.188574
[2026-02-26 15:54:23]   Learning Rate: 7.362754e-05
[2026-02-26 15:54:23]   Epoch Time: 308.74s
[2026-02-26 15:54:23]   Total Time: 9.05h
[2026-02-26 15:54:23] 
================================================================================
[2026-02-26 15:54:23] Epoch 105/300
[2026-02-26 15:54:23] ================================================================================
[2026-02-26 15:59:31] 
Epoch 105 Summary:
[2026-02-26 15:59:31]   Training Loss: 0.185176
[2026-02-26 15:59:31]   Learning Rate: 7.316480e-05
[2026-02-26 15:59:31]   Epoch Time: 308.16s
[2026-02-26 15:59:31]   Total Time: 9.14h
[2026-02-26 15:59:31] 
================================================================================
[2026-02-26 15:59:31] Epoch 106/300
[2026-02-26 15:59:31] ================================================================================
[2026-02-26 16:04:38] 
Epoch 106 Summary:
[2026-02-26 16:04:38]   Training Loss: 0.192072
[2026-02-26 16:04:38]   Learning Rate: 7.269952e-05
[2026-02-26 16:04:38]   Epoch Time: 307.61s
[2026-02-26 16:04:38]   Total Time: 9.22h
[2026-02-26 16:04:39] 
================================================================================
[2026-02-26 16:04:39] Epoch 107/300
[2026-02-26 16:04:39] ================================================================================
[2026-02-26 16:09:47] 
Epoch 107 Summary:
[2026-02-26 16:09:47]   Training Loss: 0.186547
[2026-02-26 16:09:47]   Learning Rate: 7.223176e-05
[2026-02-26 16:09:47]   Epoch Time: 308.67s
[2026-02-26 16:09:47]   Total Time: 9.31h
[2026-02-26 16:09:47] 
================================================================================
[2026-02-26 16:09:47] Epoch 108/300
[2026-02-26 16:09:47] ================================================================================
[2026-02-26 16:14:56] 
Epoch 108 Summary:
[2026-02-26 16:14:56]   Training Loss: 0.195048
[2026-02-26 16:14:56]   Learning Rate: 7.176155e-05
[2026-02-26 16:14:56]   Epoch Time: 309.24s
[2026-02-26 16:14:56]   Total Time: 9.39h
[2026-02-26 16:14:56] 
================================================================================
[2026-02-26 16:14:56] Epoch 109/300
[2026-02-26 16:14:56] ================================================================================
[2026-02-26 16:20:06] 
Epoch 109 Summary:
[2026-02-26 16:20:06]   Training Loss: 0.199022
[2026-02-26 16:20:06]   Learning Rate: 7.128896e-05
[2026-02-26 16:20:06]   Epoch Time: 309.66s
[2026-02-26 16:20:06]   Total Time: 9.48h
[2026-02-26 16:20:06] 
================================================================================
[2026-02-26 16:20:06] Epoch 110/300
[2026-02-26 16:20:06] ================================================================================
[2026-02-26 16:25:15] 
Epoch 110 Summary:
[2026-02-26 16:25:15]   Training Loss: 0.192480
[2026-02-26 16:25:15]   Learning Rate: 7.081404e-05
[2026-02-26 16:25:15]   Epoch Time: 309.33s
[2026-02-26 16:25:15]   Total Time: 9.57h
[2026-02-26 16:26:36] 
────────────────────────────────────────────────────────────────────────────────
[2026-02-26 16:26:36] Validation Results:
[2026-02-26 16:26:36]   ET (Enhancing Tumor): 0.8598
[2026-02-26 16:26:36]   TC (Tumor Core):      0.8900
[2026-02-26 16:26:36]   WT (Whole Tumor):     0.9200
[2026-02-26 16:26:36]   Average Dice:         0.8899
[2026-02-26 16:26:36]   ✓ New best model! (↑ 0.0078)
[2026-02-26 16:26:36] ────────────────────────────────────────────────────────────────────────────────
[2026-02-26 16:26:36]   ✓ Saved best checkpoint (Epoch 110)
[2026-02-26 16:26:36] 
================================================================================
[2026-02-26 16:26:36] Epoch 111/300
[2026-02-26 16:26:36] ================================================================================
[2026-02-26 16:31:43] 
Epoch 111 Summary:
[2026-02-26 16:31:43]   Training Loss: 0.200317
[2026-02-26 16:31:43]   Learning Rate: 7.033683e-05
[2026-02-26 16:31:43]   Epoch Time: 306.71s
[2026-02-26 16:31:43]   Total Time: 9.67h
[2026-02-26 16:31:43] 
================================================================================
[2026-02-26 16:31:43] Epoch 112/300
[2026-02-26 16:31:43] ================================================================================
[2026-02-26 16:36:52] 
Epoch 112 Summary:
[2026-02-26 16:36:52]   Training Loss: 0.197033
[2026-02-26 16:36:52]   Learning Rate: 6.985739e-05
[2026-02-26 16:36:52]   Epoch Time: 308.63s
[2026-02-26 16:36:52]   Total Time: 9.76h
[2026-02-26 16:36:52] 
================================================================================
[2026-02-26 16:36:52] Epoch 113/300
[2026-02-26 16:36:52] ================================================================================
[2026-02-26 16:42:00] 
Epoch 113 Summary:
[2026-02-26 16:42:00]   Training Loss: 0.195126
[2026-02-26 16:42:00]   Learning Rate: 6.937578e-05
[2026-02-26 16:42:00]   Epoch Time: 308.13s
[2026-02-26 16:42:00]   Total Time: 9.84h
[2026-02-26 16:42:00] 
================================================================================
[2026-02-26 16:42:00] Epoch 114/300
[2026-02-26 16:42:00] ================================================================================
[2026-02-26 16:47:08] 
Epoch 114 Summary:
[2026-02-26 16:47:08]   Training Loss: 0.187427
[2026-02-26 16:47:08]   Learning Rate: 6.889204e-05
[2026-02-26 16:47:08]   Epoch Time: 307.77s
[2026-02-26 16:47:08]   Total Time: 9.93h
[2026-02-26 16:47:08] 
================================================================================
[2026-02-26 16:47:08] Epoch 115/300
[2026-02-26 16:47:08] ================================================================================
[2026-02-26 16:52:16] 
Epoch 115 Summary:
[2026-02-26 16:52:16]   Training Loss: 0.178344
[2026-02-26 16:52:16]   Learning Rate: 6.840623e-05
[2026-02-26 16:52:16]   Epoch Time: 308.03s
[2026-02-26 16:52:16]   Total Time: 10.02h
[2026-02-26 16:52:16] 
================================================================================
[2026-02-26 16:52:16] Epoch 116/300
[2026-02-26 16:52:16] ================================================================================
[2026-02-26 16:57:25] 
Epoch 116 Summary:
[2026-02-26 16:57:25]   Training Loss: 0.202184
[2026-02-26 16:57:25]   Learning Rate: 6.791840e-05
[2026-02-26 16:57:25]   Epoch Time: 309.65s
[2026-02-26 16:57:25]   Total Time: 10.10h
[2026-02-26 16:57:25] 
================================================================================
[2026-02-26 16:57:25] Epoch 117/300
[2026-02-26 16:57:25] ================================================================================
[2026-02-26 17:02:34] 
Epoch 117 Summary:
[2026-02-26 17:02:34]   Training Loss: 0.177624
[2026-02-26 17:02:34]   Learning Rate: 6.742860e-05
[2026-02-26 17:02:34]   Epoch Time: 308.22s
[2026-02-26 17:02:34]   Total Time: 10.19h
[2026-02-26 17:02:34] 
================================================================================
[2026-02-26 17:02:34] Epoch 118/300
[2026-02-26 17:02:34] ================================================================================
[2026-02-26 17:07:42] 
Epoch 118 Summary:
[2026-02-26 17:07:42]   Training Loss: 0.178728
[2026-02-26 17:07:42]   Learning Rate: 6.693690e-05
[2026-02-26 17:07:42]   Epoch Time: 307.98s
[2026-02-26 17:07:42]   Total Time: 10.27h
[2026-02-26 17:07:42] 
================================================================================
[2026-02-26 17:07:42] Epoch 119/300
[2026-02-26 17:07:42] ================================================================================
[2026-02-26 17:12:50] 
Epoch 119 Summary:
[2026-02-26 17:12:50]   Training Loss: 0.189337
[2026-02-26 17:12:50]   Learning Rate: 6.644333e-05
[2026-02-26 17:12:50]   Epoch Time: 308.64s
[2026-02-26 17:12:50]   Total Time: 10.36h
[2026-02-26 17:12:50] 
================================================================================
[2026-02-26 17:12:50] Epoch 120/300
[2026-02-26 17:12:50] ================================================================================
[2026-02-26 17:17:59] 
Epoch 120 Summary:
[2026-02-26 17:17:59]   Training Loss: 0.175307
[2026-02-26 17:17:59]   Learning Rate: 6.594797e-05
[2026-02-26 17:17:59]   Epoch Time: 308.23s
[2026-02-26 17:17:59]   Total Time: 10.44h
[2026-02-26 17:19:20] 
────────────────────────────────────────────────────────────────────────────────
[2026-02-26 17:19:20] Validation Results:
[2026-02-26 17:19:20]   ET (Enhancing Tumor): 0.8669
[2026-02-26 17:19:20]   TC (Tumor Core):      0.8898
[2026-02-26 17:19:20]   WT (Whole Tumor):     0.9191
[2026-02-26 17:19:20]   Average Dice:         0.8919
[2026-02-26 17:19:20]   ✓ New best model! (↑ 0.0020)
[2026-02-26 17:19:20] ────────────────────────────────────────────────────────────────────────────────
[2026-02-26 17:19:20]   ✓ Saved best checkpoint (Epoch 120)
[2026-02-26 17:19:20] 
================================================================================
[2026-02-26 17:19:20] Epoch 121/300
[2026-02-26 17:19:20] ================================================================================
[2026-02-26 17:24:30] 
Epoch 121 Summary:
[2026-02-26 17:24:30]   Training Loss: 0.194828
[2026-02-26 17:24:30]   Learning Rate: 6.545085e-05
[2026-02-26 17:24:30]   Epoch Time: 309.74s
[2026-02-26 17:24:30]   Total Time: 10.55h
[2026-02-26 17:24:30] 
================================================================================
[2026-02-26 17:24:30] Epoch 122/300
[2026-02-26 17:24:30] ================================================================================
[2026-02-26 17:29:39] 
Epoch 122 Summary:
[2026-02-26 17:29:39]   Training Loss: 0.182777
[2026-02-26 17:29:39]   Learning Rate: 6.495204e-05
[2026-02-26 17:29:39]   Epoch Time: 309.06s
[2026-02-26 17:29:39]   Total Time: 10.64h
[2026-02-26 17:29:39] 
================================================================================
[2026-02-26 17:29:39] Epoch 123/300
[2026-02-26 17:29:39] ================================================================================
[2026-02-26 17:34:48] 
Epoch 123 Summary:
[2026-02-26 17:34:48]   Training Loss: 0.188927
[2026-02-26 17:34:48]   Learning Rate: 6.445159e-05
[2026-02-26 17:34:48]   Epoch Time: 309.50s
[2026-02-26 17:34:48]   Total Time: 10.72h
[2026-02-26 17:34:48] 
================================================================================
[2026-02-26 17:34:48] Epoch 124/300
[2026-02-26 17:34:48] ================================================================================
[2026-02-26 17:39:55] 
Epoch 124 Summary:
[2026-02-26 17:39:55]   Training Loss: 0.200418
[2026-02-26 17:39:55]   Learning Rate: 6.394956e-05
[2026-02-26 17:39:55]   Epoch Time: 306.68s
[2026-02-26 17:39:55]   Total Time: 10.81h
[2026-02-26 17:39:55] 
================================================================================
[2026-02-26 17:39:55] Epoch 125/300
[2026-02-26 17:39:55] ================================================================================
[2026-02-26 17:45:03] 
Epoch 125 Summary:
[2026-02-26 17:45:03]   Training Loss: 0.188658
[2026-02-26 17:45:03]   Learning Rate: 6.344599e-05
[2026-02-26 17:45:03]   Epoch Time: 308.09s
[2026-02-26 17:45:03]   Total Time: 10.90h
[2026-02-26 17:45:03] 
================================================================================
[2026-02-26 17:45:03] Epoch 126/300
[2026-02-26 17:45:03] ================================================================================
[2026-02-26 17:50:10] 
Epoch 126 Summary:
[2026-02-26 17:50:10]   Training Loss: 0.183422
[2026-02-26 17:50:10]   Learning Rate: 6.294095e-05
[2026-02-26 17:50:10]   Epoch Time: 307.01s
[2026-02-26 17:50:10]   Total Time: 10.98h
[2026-02-26 17:50:10] 
================================================================================
[2026-02-26 17:50:10] Epoch 127/300
[2026-02-26 17:50:10] ================================================================================
[2026-02-26 17:55:19] 
Epoch 127 Summary:
[2026-02-26 17:55:19]   Training Loss: 0.187721
[2026-02-26 17:55:19]   Learning Rate: 6.243449e-05
[2026-02-26 17:55:19]   Epoch Time: 309.17s
[2026-02-26 17:55:19]   Total Time: 11.07h
[2026-02-26 17:55:19] 
================================================================================
[2026-02-26 17:55:19] Epoch 128/300
[2026-02-26 17:55:19] ================================================================================
[2026-02-26 18:00:28] 
Epoch 128 Summary:
[2026-02-26 18:00:28]   Training Loss: 0.187749
[2026-02-26 18:00:28]   Learning Rate: 6.192667e-05
[2026-02-26 18:00:28]   Epoch Time: 309.17s
[2026-02-26 18:00:28]   Total Time: 11.15h
[2026-02-26 18:00:28] 
================================================================================
[2026-02-26 18:00:28] Epoch 129/300
[2026-02-26 18:00:28] ================================================================================
[2026-02-26 18:05:37] 
Epoch 129 Summary:
[2026-02-26 18:05:37]   Training Loss: 0.190612
[2026-02-26 18:05:37]   Learning Rate: 6.141754e-05
[2026-02-26 18:05:37]   Epoch Time: 308.90s
[2026-02-26 18:05:37]   Total Time: 11.24h
[2026-02-26 18:05:37] 
================================================================================
[2026-02-26 18:05:37] Epoch 130/300
[2026-02-26 18:05:37] ================================================================================
[2026-02-26 18:10:45] 
Epoch 130 Summary:
[2026-02-26 18:10:45]   Training Loss: 0.186028
[2026-02-26 18:10:45]   Learning Rate: 6.090716e-05
[2026-02-26 18:10:45]   Epoch Time: 307.39s
[2026-02-26 18:10:45]   Total Time: 11.32h
[2026-02-26 18:12:06] 
────────────────────────────────────────────────────────────────────────────────
[2026-02-26 18:12:06] Validation Results:
[2026-02-26 18:12:06]   ET (Enhancing Tumor): 0.8665
[2026-02-26 18:12:06]   TC (Tumor Core):      0.8890
[2026-02-26 18:12:06]   WT (Whole Tumor):     0.9194
[2026-02-26 18:12:06]   Average Dice:         0.8917
[2026-02-26 18:12:06]   Best remains: 0.8919
[2026-02-26 18:12:06] ────────────────────────────────────────────────────────────────────────────────
[2026-02-26 18:12:06] 
================================================================================
[2026-02-26 18:12:06] Epoch 131/300
[2026-02-26 18:12:06] ================================================================================
[2026-02-26 18:17:15] 
Epoch 131 Summary:
[2026-02-26 18:17:15]   Training Loss: 0.184635
[2026-02-26 18:17:15]   Learning Rate: 6.039558e-05
[2026-02-26 18:17:15]   Epoch Time: 308.55s
[2026-02-26 18:17:15]   Total Time: 11.43h
[2026-02-26 18:17:15] 
================================================================================
[2026-02-26 18:17:15] Epoch 132/300
[2026-02-26 18:17:15] ================================================================================
[2026-02-26 18:22:24] 
Epoch 132 Summary:
[2026-02-26 18:22:24]   Training Loss: 0.168051
[2026-02-26 18:22:24]   Learning Rate: 5.988287e-05
[2026-02-26 18:22:24]   Epoch Time: 308.89s
[2026-02-26 18:22:24]   Total Time: 11.52h
[2026-02-26 18:22:24] 
================================================================================
[2026-02-26 18:22:24] Epoch 133/300
[2026-02-26 18:22:24] ================================================================================
[2026-02-26 18:27:32] 
Epoch 133 Summary:
[2026-02-26 18:27:32]   Training Loss: 0.193468
[2026-02-26 18:27:32]   Learning Rate: 5.936907e-05
[2026-02-26 18:27:32]   Epoch Time: 308.36s
[2026-02-26 18:27:32]   Total Time: 11.60h
[2026-02-26 18:27:32] 
================================================================================
[2026-02-26 18:27:32] Epoch 134/300
[2026-02-26 18:27:32] ================================================================================
[2026-02-26 18:32:42] 
Epoch 134 Summary:
[2026-02-26 18:32:42]   Training Loss: 0.183190
[2026-02-26 18:32:42]   Learning Rate: 5.885424e-05
[2026-02-26 18:32:42]   Epoch Time: 309.60s
[2026-02-26 18:32:42]   Total Time: 11.69h
[2026-02-26 18:32:42] 
================================================================================
[2026-02-26 18:32:42] Epoch 135/300
[2026-02-26 18:32:42] ================================================================================
[2026-02-26 18:37:51] 
Epoch 135 Summary:
[2026-02-26 18:37:51]   Training Loss: 0.185262
[2026-02-26 18:37:51]   Learning Rate: 5.833844e-05
[2026-02-26 18:37:51]   Epoch Time: 309.72s
[2026-02-26 18:37:51]   Total Time: 11.78h
[2026-02-26 18:37:51] 
================================================================================
[2026-02-26 18:37:51] Epoch 136/300
[2026-02-26 18:37:51] ================================================================================
[2026-02-26 18:42:58] 
Epoch 136 Summary:
[2026-02-26 18:42:58]   Training Loss: 0.181687
[2026-02-26 18:42:58]   Learning Rate: 5.782172e-05
[2026-02-26 18:42:58]   Epoch Time: 306.90s
[2026-02-26 18:42:58]   Total Time: 11.86h
[2026-02-26 18:42:58] 
================================================================================
[2026-02-26 18:42:58] Epoch 137/300
[2026-02-26 18:42:58] ================================================================================
[2026-02-26 18:48:06] 
Epoch 137 Summary:
[2026-02-26 18:48:06]   Training Loss: 0.185287
[2026-02-26 18:48:06]   Learning Rate: 5.730415e-05
[2026-02-26 18:48:06]   Epoch Time: 307.45s
[2026-02-26 18:48:06]   Total Time: 11.95h
[2026-02-26 18:48:06] 
================================================================================
[2026-02-26 18:48:06] Epoch 138/300
[2026-02-26 18:48:06] ================================================================================
[2026-02-26 18:53:15] 
Epoch 138 Summary:
[2026-02-26 18:53:15]   Training Loss: 0.190259
[2026-02-26 18:53:15]   Learning Rate: 5.678578e-05
[2026-02-26 18:53:15]   Epoch Time: 309.27s
[2026-02-26 18:53:15]   Total Time: 12.03h
[2026-02-26 18:53:15] 
================================================================================
[2026-02-26 18:53:15] Epoch 139/300
[2026-02-26 18:53:15] ================================================================================
[2026-02-26 18:58:23] 
Epoch 139 Summary:
[2026-02-26 18:58:23]   Training Loss: 0.182365
[2026-02-26 18:58:23]   Learning Rate: 5.626666e-05
[2026-02-26 18:58:23]   Epoch Time: 307.99s
[2026-02-26 18:58:23]   Total Time: 12.12h
[2026-02-26 18:58:23] 
================================================================================
[2026-02-26 18:58:23] Epoch 140/300
[2026-02-26 18:58:23] ================================================================================
[2026-02-26 19:03:31] 
Epoch 140 Summary:
[2026-02-26 19:03:31]   Training Loss: 0.174053
[2026-02-26 19:03:31]   Learning Rate: 5.574686e-05
[2026-02-26 19:03:31]   Epoch Time: 308.34s
[2026-02-26 19:03:31]   Total Time: 12.20h
[2026-02-26 19:04:51] 
────────────────────────────────────────────────────────────────────────────────
[2026-02-26 19:04:51] Validation Results:
[2026-02-26 19:04:51]   ET (Enhancing Tumor): 0.8690
[2026-02-26 19:04:51]   TC (Tumor Core):      0.8935
[2026-02-26 19:04:51]   WT (Whole Tumor):     0.9221
[2026-02-26 19:04:51]   Average Dice:         0.8949
[2026-02-26 19:04:51]   ✓ New best model! (↑ 0.0030)
[2026-02-26 19:04:51] ────────────────────────────────────────────────────────────────────────────────
[2026-02-26 19:04:51]   ✓ Saved best checkpoint (Epoch 140)
[2026-02-26 19:04:51] 
================================================================================
[2026-02-26 19:04:51] Epoch 141/300
[2026-02-26 19:04:51] ================================================================================
[2026-02-26 19:09:59] 
Epoch 141 Summary:
[2026-02-26 19:09:59]   Training Loss: 0.181789
[2026-02-26 19:09:59]   Learning Rate: 5.522642e-05
[2026-02-26 19:09:59]   Epoch Time: 307.84s
[2026-02-26 19:09:59]   Total Time: 12.31h
[2026-02-26 19:09:59] 
================================================================================
[2026-02-26 19:09:59] Epoch 142/300
[2026-02-26 19:09:59] ================================================================================
[2026-02-26 19:15:07] 
Epoch 142 Summary:
[2026-02-26 19:15:07]   Training Loss: 0.181801
[2026-02-26 19:15:07]   Learning Rate: 5.470542e-05
[2026-02-26 19:15:07]   Epoch Time: 308.38s
[2026-02-26 19:15:07]   Total Time: 12.40h
[2026-02-26 19:15:07] 
================================================================================
[2026-02-26 19:15:07] Epoch 143/300
[2026-02-26 19:15:07] ================================================================================
[2026-02-26 19:20:16] 
Epoch 143 Summary:
[2026-02-26 19:20:16]   Training Loss: 0.202382
[2026-02-26 19:20:16]   Learning Rate: 5.418389e-05
[2026-02-26 19:20:16]   Epoch Time: 308.76s
[2026-02-26 19:20:16]   Total Time: 12.48h
[2026-02-26 19:20:16] 
================================================================================
[2026-02-26 19:20:16] Epoch 144/300
[2026-02-26 19:20:16] ================================================================================
[2026-02-26 19:25:25] 
Epoch 144 Summary:
[2026-02-26 19:25:25]   Training Loss: 0.190336
[2026-02-26 19:25:25]   Learning Rate: 5.366191e-05
[2026-02-26 19:25:25]   Epoch Time: 309.05s
[2026-02-26 19:25:25]   Total Time: 12.57h
[2026-02-26 19:25:25] 
================================================================================
[2026-02-26 19:25:25] Epoch 145/300
[2026-02-26 19:25:25] ================================================================================
[2026-02-26 19:30:33] 
Epoch 145 Summary:
[2026-02-26 19:30:33]   Training Loss: 0.194123
[2026-02-26 19:30:33]   Learning Rate: 5.313953e-05
[2026-02-26 19:30:33]   Epoch Time: 307.99s
[2026-02-26 19:30:33]   Total Time: 12.65h
[2026-02-26 19:30:33] 
================================================================================
[2026-02-26 19:30:33] Epoch 146/300
[2026-02-26 19:30:33] ================================================================================
[2026-02-26 19:35:41] 
Epoch 146 Summary:
[2026-02-26 19:35:41]   Training Loss: 0.172051
[2026-02-26 19:35:41]   Learning Rate: 5.261680e-05
[2026-02-26 19:35:41]   Epoch Time: 307.92s
[2026-02-26 19:35:41]   Total Time: 12.74h
[2026-02-26 19:35:41] 
================================================================================
[2026-02-26 19:35:41] Epoch 147/300
[2026-02-26 19:35:41] ================================================================================
[2026-02-26 19:40:51] 
Epoch 147 Summary:
[2026-02-26 19:40:51]   Training Loss: 0.173955
[2026-02-26 19:40:51]   Learning Rate: 5.209378e-05
[2026-02-26 19:40:51]   Epoch Time: 309.59s
[2026-02-26 19:40:51]   Total Time: 12.82h
[2026-02-26 19:40:51] 
================================================================================
[2026-02-26 19:40:51] Epoch 148/300
[2026-02-26 19:40:51] ================================================================================
[2026-02-26 19:46:00] 
Epoch 148 Summary:
[2026-02-26 19:46:00]   Training Loss: 0.193131
[2026-02-26 19:46:00]   Learning Rate: 5.157054e-05
[2026-02-26 19:46:00]   Epoch Time: 309.70s
[2026-02-26 19:46:00]   Total Time: 12.91h
[2026-02-26 19:46:00] 
================================================================================
[2026-02-26 19:46:00] Epoch 149/300
[2026-02-26 19:46:00] ================================================================================
[2026-02-26 19:51:09] 
Epoch 149 Summary:
[2026-02-26 19:51:09]   Training Loss: 0.179186
[2026-02-26 19:51:09]   Learning Rate: 5.104712e-05
[2026-02-26 19:51:09]   Epoch Time: 308.64s
[2026-02-26 19:51:09]   Total Time: 13.00h
[2026-02-26 19:51:09] 
================================================================================
[2026-02-26 19:51:09] Epoch 150/300
[2026-02-26 19:51:09] ================================================================================
[2026-02-26 19:56:17] 
Epoch 150 Summary:
[2026-02-26 19:56:17]   Training Loss: 0.166270
[2026-02-26 19:56:17]   Learning Rate: 5.052359e-05
[2026-02-26 19:56:17]   Epoch Time: 308.16s
[2026-02-26 19:56:17]   Total Time: 13.08h
[2026-02-26 19:57:37] 
────────────────────────────────────────────────────────────────────────────────
[2026-02-26 19:57:37] Validation Results:
[2026-02-26 19:57:37]   ET (Enhancing Tumor): 0.8615
[2026-02-26 19:57:37]   TC (Tumor Core):      0.8788
[2026-02-26 19:57:37]   WT (Whole Tumor):     0.9205
[2026-02-26 19:57:37]   Average Dice:         0.8869
[2026-02-26 19:57:37]   Best remains: 0.8949
[2026-02-26 19:57:37] ────────────────────────────────────────────────────────────────────────────────
[2026-02-26 19:57:37]   ✓ Saved epoch_150 checkpoint (Epoch 150)
[2026-02-26 19:57:37] 
================================================================================
[2026-02-26 19:57:37] Epoch 151/300
[2026-02-26 19:57:37] ================================================================================
[2026-02-26 20:02:45] 
Epoch 151 Summary:
[2026-02-26 20:02:45]   Training Loss: 0.187051
[2026-02-26 20:02:45]   Learning Rate: 5.000000e-05
[2026-02-26 20:02:45]   Epoch Time: 308.40s
[2026-02-26 20:02:45]   Total Time: 13.19h
[2026-02-26 20:02:45] 
================================================================================
[2026-02-26 20:02:45] Epoch 152/300
[2026-02-26 20:02:45] ================================================================================
[2026-02-26 20:07:54] 
Epoch 152 Summary:
[2026-02-26 20:07:54]   Training Loss: 0.169572
[2026-02-26 20:07:54]   Learning Rate: 4.947641e-05
[2026-02-26 20:07:54]   Epoch Time: 309.24s
[2026-02-26 20:07:54]   Total Time: 13.28h
[2026-02-26 20:07:54] 
================================================================================
[2026-02-26 20:07:54] Epoch 153/300
[2026-02-26 20:07:54] ================================================================================
[2026-02-26 20:13:04] 
Epoch 153 Summary:
[2026-02-26 20:13:04]   Training Loss: 0.168124
[2026-02-26 20:13:04]   Learning Rate: 4.895288e-05
[2026-02-26 20:13:04]   Epoch Time: 309.72s
[2026-02-26 20:13:04]   Total Time: 13.36h
[2026-02-26 20:13:04] 
================================================================================
[2026-02-26 20:13:04] Epoch 154/300
[2026-02-26 20:13:04] ================================================================================
[2026-02-26 20:18:12] 
Epoch 154 Summary:
[2026-02-26 20:18:12]   Training Loss: 0.177916
[2026-02-26 20:18:12]   Learning Rate: 4.842946e-05
[2026-02-26 20:18:12]   Epoch Time: 308.41s
[2026-02-26 20:18:12]   Total Time: 13.45h
[2026-02-26 20:18:12] 
================================================================================
[2026-02-26 20:18:12] Epoch 155/300
[2026-02-26 20:18:12] ================================================================================
[2026-02-26 20:23:20] 
Epoch 155 Summary:
[2026-02-26 20:23:20]   Training Loss: 0.187022
[2026-02-26 20:23:20]   Learning Rate: 4.790622e-05
[2026-02-26 20:23:20]   Epoch Time: 307.95s
[2026-02-26 20:23:20]   Total Time: 13.53h
[2026-02-26 20:23:20] 
================================================================================
[2026-02-26 20:23:20] Epoch 156/300
[2026-02-26 20:23:20] ================================================================================
[2026-02-26 20:28:29] 
Epoch 156 Summary:
[2026-02-26 20:28:29]   Training Loss: 0.180573
[2026-02-26 20:28:29]   Learning Rate: 4.738320e-05
[2026-02-26 20:28:29]   Epoch Time: 308.96s
[2026-02-26 20:28:29]   Total Time: 13.62h
[2026-02-26 20:28:29] 
================================================================================
[2026-02-26 20:28:29] Epoch 157/300
[2026-02-26 20:28:29] ================================================================================
[2026-02-26 20:33:39] 
Epoch 157 Summary:
[2026-02-26 20:33:39]   Training Loss: 0.182872
[2026-02-26 20:33:39]   Learning Rate: 4.686047e-05
[2026-02-26 20:33:39]   Epoch Time: 309.50s
[2026-02-26 20:33:39]   Total Time: 13.71h
[2026-02-26 20:33:39] 
================================================================================
[2026-02-26 20:33:39] Epoch 158/300
[2026-02-26 20:33:39] ================================================================================
[2026-02-26 20:38:48] 
Epoch 158 Summary:
[2026-02-26 20:38:48]   Training Loss: 0.180455
[2026-02-26 20:38:48]   Learning Rate: 4.633809e-05
[2026-02-26 20:38:48]   Epoch Time: 309.07s
[2026-02-26 20:38:48]   Total Time: 13.79h
[2026-02-26 20:38:48] 
================================================================================
[2026-02-26 20:38:48] Epoch 159/300
[2026-02-26 20:38:48] ================================================================================
[2026-02-26 20:43:56] 
Epoch 159 Summary:
[2026-02-26 20:43:56]   Training Loss: 0.175679
[2026-02-26 20:43:56]   Learning Rate: 4.581611e-05
[2026-02-26 20:43:56]   Epoch Time: 308.14s
[2026-02-26 20:43:56]   Total Time: 13.88h
[2026-02-26 20:43:56] 
================================================================================
[2026-02-26 20:43:56] Epoch 160/300
[2026-02-26 20:43:56] ================================================================================
[2026-02-26 20:49:04] 
Epoch 160 Summary:
[2026-02-26 20:49:04]   Training Loss: 0.176587
[2026-02-26 20:49:04]   Learning Rate: 4.529458e-05
[2026-02-26 20:49:04]   Epoch Time: 308.44s
[2026-02-26 20:49:04]   Total Time: 13.96h
[2026-02-26 20:50:24] 
────────────────────────────────────────────────────────────────────────────────
[2026-02-26 20:50:24] Validation Results:
[2026-02-26 20:50:24]   ET (Enhancing Tumor): 0.8696
[2026-02-26 20:50:24]   TC (Tumor Core):      0.8929
[2026-02-26 20:50:24]   WT (Whole Tumor):     0.9237
[2026-02-26 20:50:24]   Average Dice:         0.8954
[2026-02-26 20:50:24]   ✓ New best model! (↑ 0.0005)
[2026-02-26 20:50:24] ────────────────────────────────────────────────────────────────────────────────
[2026-02-26 20:50:24]   ✓ Saved best checkpoint (Epoch 160)
[2026-02-26 20:50:24] 
================================================================================
[2026-02-26 20:50:24] Epoch 161/300
[2026-02-26 20:50:24] ================================================================================
[2026-02-26 20:55:32] 
Epoch 161 Summary:
[2026-02-26 20:55:32]   Training Loss: 0.197718
[2026-02-26 20:55:32]   Learning Rate: 4.477358e-05
[2026-02-26 20:55:32]   Epoch Time: 308.20s
[2026-02-26 20:55:32]   Total Time: 14.07h
[2026-02-26 20:55:32] 
================================================================================
[2026-02-26 20:55:32] Epoch 162/300
[2026-02-26 20:55:32] ================================================================================
[2026-02-26 21:00:41] 
Epoch 162 Summary:
[2026-02-26 21:00:41]   Training Loss: 0.186925
[2026-02-26 21:00:41]   Learning Rate: 4.425314e-05
[2026-02-26 21:00:41]   Epoch Time: 308.87s
[2026-02-26 21:00:41]   Total Time: 14.16h
[2026-02-26 21:00:41] 
================================================================================
[2026-02-26 21:00:41] Epoch 163/300
[2026-02-26 21:00:41] ================================================================================
[2026-02-26 21:05:50] 
Epoch 163 Summary:
[2026-02-26 21:05:50]   Training Loss: 0.170567
[2026-02-26 21:05:50]   Learning Rate: 4.373334e-05
[2026-02-26 21:05:50]   Epoch Time: 308.99s
[2026-02-26 21:05:50]   Total Time: 14.24h
[2026-02-26 21:05:50] 
================================================================================
[2026-02-26 21:05:50] Epoch 164/300
[2026-02-26 21:05:50] ================================================================================
[2026-02-26 21:10:58] 
Epoch 164 Summary:
[2026-02-26 21:10:58]   Training Loss: 0.189905
[2026-02-26 21:10:58]   Learning Rate: 4.321422e-05
[2026-02-26 21:10:58]   Epoch Time: 307.78s
[2026-02-26 21:10:58]   Total Time: 14.33h
[2026-02-26 21:10:58] 
================================================================================
[2026-02-26 21:10:58] Epoch 165/300
[2026-02-26 21:10:58] ================================================================================
[2026-02-26 21:16:07] 
Epoch 165 Summary:
[2026-02-26 21:16:07]   Training Loss: 0.180046
[2026-02-26 21:16:07]   Learning Rate: 4.269585e-05
[2026-02-26 21:16:07]   Epoch Time: 309.41s
[2026-02-26 21:16:07]   Total Time: 14.41h
[2026-02-26 21:16:07] 
================================================================================
[2026-02-26 21:16:07] Epoch 166/300
[2026-02-26 21:16:07] ================================================================================
[2026-02-26 21:21:17] 
Epoch 166 Summary:
[2026-02-26 21:21:17]   Training Loss: 0.178594
[2026-02-26 21:21:17]   Learning Rate: 4.217828e-05
[2026-02-26 21:21:17]   Epoch Time: 309.14s
[2026-02-26 21:21:17]   Total Time: 14.50h
[2026-02-26 21:21:17] 
================================================================================
[2026-02-26 21:21:17] Epoch 167/300
[2026-02-26 21:21:17] ================================================================================
[2026-02-26 21:26:25] 
Epoch 167 Summary:
[2026-02-26 21:26:25]   Training Loss: 0.169657
[2026-02-26 21:26:25]   Learning Rate: 4.166156e-05
[2026-02-26 21:26:25]   Epoch Time: 308.48s
[2026-02-26 21:26:25]   Total Time: 14.58h
[2026-02-26 21:26:25] 
================================================================================
[2026-02-26 21:26:25] Epoch 168/300
[2026-02-26 21:26:25] ================================================================================
[2026-02-26 21:31:32] 
Epoch 168 Summary:
[2026-02-26 21:31:32]   Training Loss: 0.183177
[2026-02-26 21:31:33]   Learning Rate: 4.114576e-05
[2026-02-26 21:31:33]   Epoch Time: 307.48s
[2026-02-26 21:31:33]   Total Time: 14.67h
[2026-02-26 21:31:33] 
================================================================================
[2026-02-26 21:31:33] Epoch 169/300
[2026-02-26 21:31:33] ================================================================================
[2026-02-26 21:36:41] 
Epoch 169 Summary:
[2026-02-26 21:36:41]   Training Loss: 0.178821
[2026-02-26 21:36:41]   Learning Rate: 4.063093e-05
[2026-02-26 21:36:41]   Epoch Time: 308.78s
[2026-02-26 21:36:41]   Total Time: 14.76h
[2026-02-26 21:36:41] 
================================================================================
[2026-02-26 21:36:41] Epoch 170/300
[2026-02-26 21:36:41] ================================================================================
[2026-02-26 21:41:51] 
Epoch 170 Summary:
[2026-02-26 21:41:51]   Training Loss: 0.175412
[2026-02-26 21:41:51]   Learning Rate: 4.011713e-05
[2026-02-26 21:41:51]   Epoch Time: 309.43s
[2026-02-26 21:41:51]   Total Time: 14.84h
[2026-02-26 21:43:10] 
────────────────────────────────────────────────────────────────────────────────
[2026-02-26 21:43:10] Validation Results:
[2026-02-26 21:43:10]   ET (Enhancing Tumor): 0.8668
[2026-02-26 21:43:10]   TC (Tumor Core):      0.8910
[2026-02-26 21:43:10]   WT (Whole Tumor):     0.9243
[2026-02-26 21:43:10]   Average Dice:         0.8940
[2026-02-26 21:43:10]   Best remains: 0.8954
[2026-02-26 21:43:10] ────────────────────────────────────────────────────────────────────────────────
[2026-02-26 21:43:10] 
================================================================================
[2026-02-26 21:43:10] Epoch 171/300
[2026-02-26 21:43:10] ================================================================================
[2026-02-26 21:48:19] 
Epoch 171 Summary:
[2026-02-26 21:48:19]   Training Loss: 0.173847
[2026-02-26 21:48:19]   Learning Rate: 3.960442e-05
[2026-02-26 21:48:19]   Epoch Time: 308.51s
[2026-02-26 21:48:19]   Total Time: 14.95h
[2026-02-26 21:48:19] 
================================================================================
[2026-02-26 21:48:19] Epoch 172/300
[2026-02-26 21:48:19] ================================================================================
[2026-02-26 21:53:28] 
Epoch 172 Summary:
[2026-02-26 21:53:28]   Training Loss: 0.180637
[2026-02-26 21:53:28]   Learning Rate: 3.909284e-05
[2026-02-26 21:53:28]   Epoch Time: 309.18s
[2026-02-26 21:53:28]   Total Time: 15.04h
[2026-02-26 21:53:28] 
================================================================================
[2026-02-26 21:53:28] Epoch 173/300
[2026-02-26 21:53:28] ================================================================================
[2026-02-26 21:58:37] 
Epoch 173 Summary:
[2026-02-26 21:58:37]   Training Loss: 0.178140
[2026-02-26 21:58:37]   Learning Rate: 3.858246e-05
[2026-02-26 21:58:37]   Epoch Time: 309.36s
[2026-02-26 21:58:37]   Total Time: 15.12h
[2026-02-26 21:58:37] 
================================================================================
[2026-02-26 21:58:37] Epoch 174/300
[2026-02-26 21:58:37] ================================================================================
[2026-02-26 22:03:44] 
Epoch 174 Summary:
[2026-02-26 22:03:44]   Training Loss: 0.169547
[2026-02-26 22:03:44]   Learning Rate: 3.807333e-05
[2026-02-26 22:03:44]   Epoch Time: 307.10s
[2026-02-26 22:03:44]   Total Time: 15.21h
[2026-02-26 22:03:44] 
================================================================================
[2026-02-26 22:03:44] Epoch 175/300
[2026-02-26 22:03:44] ================================================================================
[2026-02-26 22:08:54] 
Epoch 175 Summary:
[2026-02-26 22:08:54]   Training Loss: 0.170015
[2026-02-26 22:08:54]   Learning Rate: 3.756551e-05
[2026-02-26 22:08:54]   Epoch Time: 309.72s
[2026-02-26 22:08:54]   Total Time: 15.29h
[2026-02-26 22:08:54] 
================================================================================
[2026-02-26 22:08:54] Epoch 176/300
[2026-02-26 22:08:54] ================================================================================
[2026-02-26 22:14:01] 
Epoch 176 Summary:
[2026-02-26 22:14:01]   Training Loss: 0.172224
[2026-02-26 22:14:01]   Learning Rate: 3.705905e-05
[2026-02-26 22:14:01]   Epoch Time: 307.32s
[2026-02-26 22:14:01]   Total Time: 15.38h
[2026-02-26 22:14:01] 
================================================================================
[2026-02-26 22:14:01] Epoch 177/300
[2026-02-26 22:14:01] ================================================================================
[2026-02-26 22:19:11] 
Epoch 177 Summary:
[2026-02-26 22:19:11]   Training Loss: 0.163879
[2026-02-26 22:19:11]   Learning Rate: 3.655401e-05
[2026-02-26 22:19:11]   Epoch Time: 309.27s
[2026-02-26 22:19:11]   Total Time: 15.46h
[2026-02-26 22:19:11] 
================================================================================
[2026-02-26 22:19:11] Epoch 178/300
[2026-02-26 22:19:11] ================================================================================
[2026-02-26 22:24:20] 
Epoch 178 Summary:
[2026-02-26 22:24:20]   Training Loss: 0.172665
[2026-02-26 22:24:20]   Learning Rate: 3.605044e-05
[2026-02-26 22:24:20]   Epoch Time: 309.14s
[2026-02-26 22:24:20]   Total Time: 15.55h
[2026-02-26 22:24:20] 
================================================================================
[2026-02-26 22:24:20] Epoch 179/300
[2026-02-26 22:24:20] ================================================================================
[2026-02-26 22:29:29] 
Epoch 179 Summary:
[2026-02-26 22:29:29]   Training Loss: 0.173592
[2026-02-26 22:29:29]   Learning Rate: 3.554841e-05
[2026-02-26 22:29:29]   Epoch Time: 309.39s
[2026-02-26 22:29:29]   Total Time: 15.64h
[2026-02-26 22:29:29] 
================================================================================
[2026-02-26 22:29:29] Epoch 180/300
[2026-02-26 22:29:29] ================================================================================
[2026-02-26 22:34:38] 
Epoch 180 Summary:
[2026-02-26 22:34:38]   Training Loss: 0.179544
[2026-02-26 22:34:38]   Learning Rate: 3.504796e-05
[2026-02-26 22:34:38]   Epoch Time: 308.62s
[2026-02-26 22:34:38]   Total Time: 15.72h
[2026-02-26 22:35:57] 
────────────────────────────────────────────────────────────────────────────────
[2026-02-26 22:35:57] Validation Results:
[2026-02-26 22:35:57]   ET (Enhancing Tumor): 0.8695
[2026-02-26 22:35:57]   TC (Tumor Core):      0.8922
[2026-02-26 22:35:57]   WT (Whole Tumor):     0.9211
[2026-02-26 22:35:57]   Average Dice:         0.8943
[2026-02-26 22:35:57]   Best remains: 0.8954
[2026-02-26 22:35:57] ────────────────────────────────────────────────────────────────────────────────
[2026-02-26 22:35:57] 
================================================================================
[2026-02-26 22:35:57] Epoch 181/300
[2026-02-26 22:35:57] ================================================================================
[2026-02-26 22:41:06] 
Epoch 181 Summary:
[2026-02-26 22:41:06]   Training Loss: 0.170038
[2026-02-26 22:41:06]   Learning Rate: 3.454915e-05
[2026-02-26 22:41:06]   Epoch Time: 308.70s
[2026-02-26 22:41:06]   Total Time: 15.83h
[2026-02-26 22:41:06] 
================================================================================
[2026-02-26 22:41:06] Epoch 182/300
[2026-02-26 22:41:06] ================================================================================
[2026-02-26 22:46:13] 
Epoch 182 Summary:
[2026-02-26 22:46:13]   Training Loss: 0.168385
[2026-02-26 22:46:13]   Learning Rate: 3.405203e-05
[2026-02-26 22:46:13]   Epoch Time: 307.08s
[2026-02-26 22:46:13]   Total Time: 15.91h
[2026-02-26 22:46:13] 
================================================================================
[2026-02-26 22:46:13] Epoch 183/300
[2026-02-26 22:46:13] ================================================================================
[2026-02-26 22:51:22] 
Epoch 183 Summary:
[2026-02-26 22:51:22]   Training Loss: 0.186197
[2026-02-26 22:51:22]   Learning Rate: 3.355667e-05
[2026-02-26 22:51:22]   Epoch Time: 308.99s
[2026-02-26 22:51:22]   Total Time: 16.00h
[2026-02-26 22:51:22] 
================================================================================
[2026-02-26 22:51:22] Epoch 184/300
[2026-02-26 22:51:22] ================================================================================
[2026-02-26 22:56:31] 
Epoch 184 Summary:
[2026-02-26 22:56:31]   Training Loss: 0.175228
[2026-02-26 22:56:31]   Learning Rate: 3.306310e-05
[2026-02-26 22:56:31]   Epoch Time: 309.45s
[2026-02-26 22:56:31]   Total Time: 16.09h
[2026-02-26 22:56:31] 
================================================================================
[2026-02-26 22:56:31] Epoch 185/300
[2026-02-26 22:56:31] ================================================================================
[2026-02-26 23:01:41] 
Epoch 185 Summary:
[2026-02-26 23:01:41]   Training Loss: 0.177312
[2026-02-26 23:01:41]   Learning Rate: 3.257140e-05
[2026-02-26 23:01:41]   Epoch Time: 309.91s
[2026-02-26 23:01:41]   Total Time: 16.17h
[2026-02-26 23:01:41] 
================================================================================
[2026-02-26 23:01:41] Epoch 186/300
[2026-02-26 23:01:41] ================================================================================
[2026-02-26 23:06:49] 
Epoch 186 Summary:
[2026-02-26 23:06:49]   Training Loss: 0.164189
[2026-02-26 23:06:49]   Learning Rate: 3.208160e-05
[2026-02-26 23:06:49]   Epoch Time: 308.07s
[2026-02-26 23:06:49]   Total Time: 16.26h
[2026-02-26 23:06:49] 
================================================================================
[2026-02-26 23:06:49] Epoch 187/300
[2026-02-26 23:06:49] ================================================================================
[2026-02-26 23:11:57] 
Epoch 187 Summary:
[2026-02-26 23:11:57]   Training Loss: 0.176076
[2026-02-26 23:11:57]   Learning Rate: 3.159377e-05
[2026-02-26 23:11:57]   Epoch Time: 307.32s
[2026-02-26 23:11:57]   Total Time: 16.34h
[2026-02-26 23:11:57] 
================================================================================
[2026-02-26 23:11:57] Epoch 188/300
[2026-02-26 23:11:57] ================================================================================
[2026-02-26 23:17:04] 
Epoch 188 Summary:
[2026-02-26 23:17:04]   Training Loss: 0.185862
[2026-02-26 23:17:04]   Learning Rate: 3.110796e-05
[2026-02-26 23:17:04]   Epoch Time: 306.87s
[2026-02-26 23:17:04]   Total Time: 16.43h
[2026-02-26 23:17:04] 
================================================================================
[2026-02-26 23:17:04] Epoch 189/300
[2026-02-26 23:17:04] ================================================================================
[2026-02-26 23:22:12] 
Epoch 189 Summary:
[2026-02-26 23:22:12]   Training Loss: 0.182347
[2026-02-26 23:22:12]   Learning Rate: 3.062422e-05
[2026-02-26 23:22:12]   Epoch Time: 308.10s
[2026-02-26 23:22:12]   Total Time: 16.51h
[2026-02-26 23:22:12] 
================================================================================
[2026-02-26 23:22:12] Epoch 190/300
[2026-02-26 23:22:12] ================================================================================
[2026-02-26 23:27:20] 
Epoch 190 Summary:
[2026-02-26 23:27:20]   Training Loss: 0.180849
[2026-02-26 23:27:20]   Learning Rate: 3.014261e-05
[2026-02-26 23:27:20]   Epoch Time: 308.00s
[2026-02-26 23:27:20]   Total Time: 16.60h
[2026-02-26 23:28:39] 
────────────────────────────────────────────────────────────────────────────────
[2026-02-26 23:28:39] Validation Results:
[2026-02-26 23:28:39]   ET (Enhancing Tumor): 0.8719
[2026-02-26 23:28:39]   TC (Tumor Core):      0.8936
[2026-02-26 23:28:39]   WT (Whole Tumor):     0.9206
[2026-02-26 23:28:39]   Average Dice:         0.8954
[2026-02-26 23:28:39]   Best remains: 0.8954
[2026-02-26 23:28:39] ────────────────────────────────────────────────────────────────────────────────
[2026-02-26 23:28:39] 
================================================================================
[2026-02-26 23:28:39] Epoch 191/300
[2026-02-26 23:28:39] ================================================================================
[2026-02-26 23:33:48] 
Epoch 191 Summary:
[2026-02-26 23:33:48]   Training Loss: 0.179228
[2026-02-26 23:33:48]   Learning Rate: 2.966317e-05
[2026-02-26 23:33:48]   Epoch Time: 308.40s
[2026-02-26 23:33:48]   Total Time: 16.71h
[2026-02-26 23:33:48] 
================================================================================
[2026-02-26 23:33:48] Epoch 192/300
[2026-02-26 23:33:48] ================================================================================
[2026-02-26 23:38:55] 
Epoch 192 Summary:
[2026-02-26 23:38:55]   Training Loss: 0.185494
[2026-02-26 23:38:55]   Learning Rate: 2.918596e-05
[2026-02-26 23:38:55]   Epoch Time: 307.57s
[2026-02-26 23:38:55]   Total Time: 16.79h
[2026-02-26 23:38:55] 
================================================================================
[2026-02-26 23:38:55] Epoch 193/300
[2026-02-26 23:38:55] ================================================================================
[2026-02-26 23:44:03] 
Epoch 193 Summary:
[2026-02-26 23:44:03]   Training Loss: 0.170084
[2026-02-26 23:44:03]   Learning Rate: 2.871104e-05
[2026-02-26 23:44:03]   Epoch Time: 307.74s
[2026-02-26 23:44:03]   Total Time: 16.88h
[2026-02-26 23:44:03] 
================================================================================
[2026-02-26 23:44:03] Epoch 194/300
[2026-02-26 23:44:03] ================================================================================
[2026-02-26 23:49:11] 
Epoch 194 Summary:
[2026-02-26 23:49:11]   Training Loss: 0.185489
[2026-02-26 23:49:11]   Learning Rate: 2.823845e-05
[2026-02-26 23:49:11]   Epoch Time: 308.33s
[2026-02-26 23:49:11]   Total Time: 16.96h
[2026-02-26 23:49:11] 
================================================================================
[2026-02-26 23:49:11] Epoch 195/300
[2026-02-26 23:49:11] ================================================================================
[2026-02-26 23:54:19] 
Epoch 195 Summary:
[2026-02-26 23:54:19]   Training Loss: 0.172744
[2026-02-26 23:54:19]   Learning Rate: 2.776824e-05
[2026-02-26 23:54:19]   Epoch Time: 308.01s
[2026-02-26 23:54:19]   Total Time: 17.05h
[2026-02-26 23:54:19] 
================================================================================
[2026-02-26 23:54:19] Epoch 196/300
[2026-02-26 23:54:19] ================================================================================
[2026-02-26 23:59:28] 
Epoch 196 Summary:
[2026-02-26 23:59:28]   Training Loss: 0.174406
[2026-02-26 23:59:28]   Learning Rate: 2.730048e-05
[2026-02-26 23:59:28]   Epoch Time: 308.56s
[2026-02-26 23:59:28]   Total Time: 17.14h
[2026-02-26 23:59:28] 
================================================================================
[2026-02-26 23:59:28] Epoch 197/300
[2026-02-26 23:59:28] ================================================================================
[2026-02-27 00:04:37] 
Epoch 197 Summary:
[2026-02-27 00:04:37]   Training Loss: 0.171592
[2026-02-27 00:04:37]   Learning Rate: 2.683520e-05
[2026-02-27 00:04:37]   Epoch Time: 309.07s
[2026-02-27 00:04:37]   Total Time: 17.22h
[2026-02-27 00:04:37] 
================================================================================
[2026-02-27 00:04:37] Epoch 198/300
[2026-02-27 00:04:37] ================================================================================
[2026-02-27 00:09:45] 
Epoch 198 Summary:
[2026-02-27 00:09:45]   Training Loss: 0.170813
[2026-02-27 00:09:45]   Learning Rate: 2.637246e-05
[2026-02-27 00:09:45]   Epoch Time: 308.54s
[2026-02-27 00:09:45]   Total Time: 17.31h
[2026-02-27 00:09:45] 
================================================================================
[2026-02-27 00:09:45] Epoch 199/300
[2026-02-27 00:09:45] ================================================================================
[2026-02-27 00:14:53] 
Epoch 199 Summary:
[2026-02-27 00:14:53]   Training Loss: 0.166200
[2026-02-27 00:14:53]   Learning Rate: 2.591232e-05
[2026-02-27 00:14:53]   Epoch Time: 307.81s
[2026-02-27 00:14:53]   Total Time: 17.39h
[2026-02-27 00:14:53] 
================================================================================
[2026-02-27 00:14:53] Epoch 200/300
[2026-02-27 00:14:53] ================================================================================
[2026-02-27 00:20:03] 
Epoch 200 Summary:
[2026-02-27 00:20:03]   Training Loss: 0.178212
[2026-02-27 00:20:03]   Learning Rate: 2.545481e-05
[2026-02-27 00:20:03]   Epoch Time: 309.64s
[2026-02-27 00:20:03]   Total Time: 17.48h
[2026-02-27 00:21:22] 
────────────────────────────────────────────────────────────────────────────────
[2026-02-27 00:21:22] Validation Results:
[2026-02-27 00:21:22]   ET (Enhancing Tumor): 0.8735
[2026-02-27 00:21:22]   TC (Tumor Core):      0.8948
[2026-02-27 00:21:22]   WT (Whole Tumor):     0.9259
[2026-02-27 00:21:22]   Average Dice:         0.8981
[2026-02-27 00:21:22]   ✓ New best model! (↑ 0.0027)
[2026-02-27 00:21:22] ────────────────────────────────────────────────────────────────────────────────
[2026-02-27 00:21:22]   ✓ Saved best checkpoint (Epoch 200)
[2026-02-27 00:21:22]   ✓ Saved epoch_200 checkpoint (Epoch 200)
[2026-02-27 00:21:22] 
================================================================================
[2026-02-27 00:21:22] Epoch 201/300
[2026-02-27 00:21:22] ================================================================================
[2026-02-27 00:26:32] 
Epoch 201 Summary:
[2026-02-27 00:26:32]   Training Loss: 0.184568
[2026-02-27 00:26:32]   Learning Rate: 2.500000e-05
[2026-02-27 00:26:32]   Epoch Time: 309.71s
[2026-02-27 00:26:32]   Total Time: 17.59h
[2026-02-27 00:26:32] 
================================================================================
[2026-02-27 00:26:32] Epoch 202/300
[2026-02-27 00:26:32] ================================================================================
[2026-02-27 00:31:40] 
Epoch 202 Summary:
[2026-02-27 00:31:40]   Training Loss: 0.174120
[2026-02-27 00:31:41]   Learning Rate: 2.454793e-05
[2026-02-27 00:31:41]   Epoch Time: 308.61s
[2026-02-27 00:31:41]   Total Time: 17.67h
[2026-02-27 00:31:41] 
================================================================================
[2026-02-27 00:31:41] Epoch 203/300
[2026-02-27 00:31:41] ================================================================================
[2026-02-27 00:36:50] 
Epoch 203 Summary:
[2026-02-27 00:36:50]   Training Loss: 0.159988
[2026-02-27 00:36:50]   Learning Rate: 2.409865e-05
[2026-02-27 00:36:50]   Epoch Time: 309.13s
[2026-02-27 00:36:50]   Total Time: 17.76h
[2026-02-27 00:36:50] 
================================================================================
[2026-02-27 00:36:50] Epoch 204/300
[2026-02-27 00:36:50] ================================================================================
[2026-02-27 00:41:59] 
Epoch 204 Summary:
[2026-02-27 00:41:59]   Training Loss: 0.174264
[2026-02-27 00:41:59]   Learning Rate: 2.365221e-05
[2026-02-27 00:41:59]   Epoch Time: 308.94s
[2026-02-27 00:41:59]   Total Time: 17.84h
[2026-02-27 00:41:59] 
================================================================================
[2026-02-27 00:41:59] Epoch 205/300
[2026-02-27 00:41:59] ================================================================================
[2026-02-27 00:47:09] 
Epoch 205 Summary:
[2026-02-27 00:47:09]   Training Loss: 0.169404
[2026-02-27 00:47:09]   Learning Rate: 2.320866e-05
[2026-02-27 00:47:09]   Epoch Time: 310.03s
[2026-02-27 00:47:09]   Total Time: 17.93h
[2026-02-27 00:47:09] 
================================================================================
[2026-02-27 00:47:09] Epoch 206/300
[2026-02-27 00:47:09] ================================================================================
[2026-02-27 00:52:16] 
Epoch 206 Summary:
[2026-02-27 00:52:16]   Training Loss: 0.181132
[2026-02-27 00:52:16]   Learning Rate: 2.276805e-05
[2026-02-27 00:52:16]   Epoch Time: 307.22s
[2026-02-27 00:52:16]   Total Time: 18.02h
[2026-02-27 00:52:16] 
================================================================================
[2026-02-27 00:52:16] Epoch 207/300
[2026-02-27 00:52:16] ================================================================================
[2026-02-27 00:57:24] 
Epoch 207 Summary:
[2026-02-27 00:57:24]   Training Loss: 0.174002
[2026-02-27 00:57:24]   Learning Rate: 2.233042e-05
[2026-02-27 00:57:24]   Epoch Time: 308.52s
[2026-02-27 00:57:24]   Total Time: 18.10h
[2026-02-27 00:57:24] 
================================================================================
[2026-02-27 00:57:24] Epoch 208/300
[2026-02-27 00:57:24] ================================================================================
[2026-02-27 01:02:33] 
Epoch 208 Summary:
[2026-02-27 01:02:33]   Training Loss: 0.181384
[2026-02-27 01:02:33]   Learning Rate: 2.189583e-05
[2026-02-27 01:02:33]   Epoch Time: 308.28s
[2026-02-27 01:02:33]   Total Time: 18.19h
[2026-02-27 01:02:33] 
================================================================================
[2026-02-27 01:02:33] Epoch 209/300
[2026-02-27 01:02:33] ================================================================================
[2026-02-27 01:07:42] 
Epoch 209 Summary:
[2026-02-27 01:07:42]   Training Loss: 0.185134
[2026-02-27 01:07:42]   Learning Rate: 2.146432e-05
[2026-02-27 01:07:42]   Epoch Time: 309.13s
[2026-02-27 01:07:42]   Total Time: 18.27h
[2026-02-27 01:07:42] 
================================================================================
[2026-02-27 01:07:42] Epoch 210/300
[2026-02-27 01:07:42] ================================================================================
[2026-02-27 01:12:50] 
Epoch 210 Summary:
[2026-02-27 01:12:50]   Training Loss: 0.175016
[2026-02-27 01:12:50]   Learning Rate: 2.103594e-05
[2026-02-27 01:12:50]   Epoch Time: 308.37s
[2026-02-27 01:12:50]   Total Time: 18.36h
[2026-02-27 01:14:10] 
────────────────────────────────────────────────────────────────────────────────
[2026-02-27 01:14:10] Validation Results:
[2026-02-27 01:14:10]   ET (Enhancing Tumor): 0.8714
[2026-02-27 01:14:10]   TC (Tumor Core):      0.8949
[2026-02-27 01:14:10]   WT (Whole Tumor):     0.9271
[2026-02-27 01:14:10]   Average Dice:         0.8978
[2026-02-27 01:14:10]   Best remains: 0.8981
[2026-02-27 01:14:10] ────────────────────────────────────────────────────────────────────────────────
[2026-02-27 01:14:10] 
================================================================================
[2026-02-27 01:14:10] Epoch 211/300
[2026-02-27 01:14:10] ================================================================================
[2026-02-27 01:19:19] 
Epoch 211 Summary:
[2026-02-27 01:19:19]   Training Loss: 0.181502
[2026-02-27 01:19:19]   Learning Rate: 2.061074e-05
[2026-02-27 01:19:19]   Epoch Time: 309.23s
[2026-02-27 01:19:19]   Total Time: 18.47h
[2026-02-27 01:19:19] 
================================================================================
[2026-02-27 01:19:19] Epoch 212/300
[2026-02-27 01:19:19] ================================================================================
[2026-02-27 01:24:26] 
Epoch 212 Summary:
[2026-02-27 01:24:26]   Training Loss: 0.178336
[2026-02-27 01:24:26]   Learning Rate: 2.018876e-05
[2026-02-27 01:24:26]   Epoch Time: 307.16s
[2026-02-27 01:24:26]   Total Time: 18.55h
[2026-02-27 01:24:26] 
================================================================================
[2026-02-27 01:24:26] Epoch 213/300
[2026-02-27 01:24:26] ================================================================================
[2026-02-27 01:29:34] 
Epoch 213 Summary:
[2026-02-27 01:29:34]   Training Loss: 0.178267
[2026-02-27 01:29:34]   Learning Rate: 1.977004e-05
[2026-02-27 01:29:34]   Epoch Time: 308.48s
[2026-02-27 01:29:34]   Total Time: 18.64h
[2026-02-27 01:29:34] 
================================================================================
[2026-02-27 01:29:34] Epoch 214/300
[2026-02-27 01:29:34] ================================================================================
[2026-02-27 01:34:43] 
Epoch 214 Summary:
[2026-02-27 01:34:43]   Training Loss: 0.169081
[2026-02-27 01:34:43]   Learning Rate: 1.935465e-05
[2026-02-27 01:34:43]   Epoch Time: 308.79s
[2026-02-27 01:34:43]   Total Time: 18.72h
[2026-02-27 01:34:43] 
================================================================================
[2026-02-27 01:34:43] Epoch 215/300
[2026-02-27 01:34:43] ================================================================================
[2026-02-27 01:39:51] 
Epoch 215 Summary:
[2026-02-27 01:39:51]   Training Loss: 0.166607
[2026-02-27 01:39:51]   Learning Rate: 1.894261e-05
[2026-02-27 01:39:51]   Epoch Time: 308.16s
[2026-02-27 01:39:51]   Total Time: 18.81h
[2026-02-27 01:39:51] 
================================================================================
[2026-02-27 01:39:51] Epoch 216/300
[2026-02-27 01:39:51] ================================================================================
[2026-02-27 01:44:59] 
Epoch 216 Summary:
[2026-02-27 01:44:59]   Training Loss: 0.178489
[2026-02-27 01:44:59]   Learning Rate: 1.853398e-05
[2026-02-27 01:44:59]   Epoch Time: 307.75s
[2026-02-27 01:44:59]   Total Time: 18.89h
[2026-02-27 01:44:59] 
================================================================================
[2026-02-27 01:44:59] Epoch 217/300
[2026-02-27 01:44:59] ================================================================================
[2026-02-27 01:50:08] 
Epoch 217 Summary:
[2026-02-27 01:50:08]   Training Loss: 0.172684
[2026-02-27 01:50:08]   Learning Rate: 1.812880e-05
[2026-02-27 01:50:08]   Epoch Time: 308.56s
[2026-02-27 01:50:08]   Total Time: 18.98h
[2026-02-27 01:50:08] 
================================================================================
[2026-02-27 01:50:08] Epoch 218/300
[2026-02-27 01:50:08] ================================================================================
[2026-02-27 01:55:15] 
Epoch 218 Summary:
[2026-02-27 01:55:15]   Training Loss: 0.178451
[2026-02-27 01:55:15]   Learning Rate: 1.772712e-05
[2026-02-27 01:55:15]   Epoch Time: 307.55s
[2026-02-27 01:55:15]   Total Time: 19.07h
[2026-02-27 01:55:15] 
================================================================================
[2026-02-27 01:55:15] Epoch 219/300
[2026-02-27 01:55:15] ================================================================================
[2026-02-27 02:00:23] 
Epoch 219 Summary:
[2026-02-27 02:00:23]   Training Loss: 0.182741
[2026-02-27 02:00:23]   Learning Rate: 1.732897e-05
[2026-02-27 02:00:23]   Epoch Time: 307.98s
[2026-02-27 02:00:23]   Total Time: 19.15h
[2026-02-27 02:00:23] 
================================================================================
[2026-02-27 02:00:23] Epoch 220/300
[2026-02-27 02:00:23] ================================================================================
[2026-02-27 02:05:32] 
Epoch 220 Summary:
[2026-02-27 02:05:32]   Training Loss: 0.179206
[2026-02-27 02:05:32]   Learning Rate: 1.693441e-05
[2026-02-27 02:05:32]   Epoch Time: 309.06s
[2026-02-27 02:05:32]   Total Time: 19.24h
[2026-02-27 02:06:52] 
────────────────────────────────────────────────────────────────────────────────
[2026-02-27 02:06:52] Validation Results:
[2026-02-27 02:06:52]   ET (Enhancing Tumor): 0.8697
[2026-02-27 02:06:52]   TC (Tumor Core):      0.8915
[2026-02-27 02:06:52]   WT (Whole Tumor):     0.9247
[2026-02-27 02:06:52]   Average Dice:         0.8953
[2026-02-27 02:06:52]   Best remains: 0.8981
[2026-02-27 02:06:52] ────────────────────────────────────────────────────────────────────────────────
[2026-02-27 02:06:52] 
================================================================================
[2026-02-27 02:06:52] Epoch 221/300
[2026-02-27 02:06:52] ================================================================================
[2026-02-27 02:12:00] 
Epoch 221 Summary:
[2026-02-27 02:12:00]   Training Loss: 0.165375
[2026-02-27 02:12:00]   Learning Rate: 1.654347e-05
[2026-02-27 02:12:00]   Epoch Time: 308.21s
[2026-02-27 02:12:00]   Total Time: 19.34h
[2026-02-27 02:12:00] 
================================================================================
[2026-02-27 02:12:00] Epoch 222/300
[2026-02-27 02:12:00] ================================================================================
[2026-02-27 02:17:09] 
Epoch 222 Summary:
[2026-02-27 02:17:09]   Training Loss: 0.190121
[2026-02-27 02:17:09]   Learning Rate: 1.615620e-05
[2026-02-27 02:17:09]   Epoch Time: 308.77s
[2026-02-27 02:17:09]   Total Time: 19.43h
[2026-02-27 02:17:09] 
================================================================================
[2026-02-27 02:17:09] Epoch 223/300
[2026-02-27 02:17:09] ================================================================================
[2026-02-27 02:22:17] 
Epoch 223 Summary:
[2026-02-27 02:22:17]   Training Loss: 0.177134
[2026-02-27 02:22:17]   Learning Rate: 1.577264e-05
[2026-02-27 02:22:17]   Epoch Time: 308.71s
[2026-02-27 02:22:17]   Total Time: 19.52h
[2026-02-27 02:22:17] 
================================================================================
[2026-02-27 02:22:17] Epoch 224/300
[2026-02-27 02:22:17] ================================================================================
[2026-02-27 02:27:27] 
Epoch 224 Summary:
[2026-02-27 02:27:27]   Training Loss: 0.161059
[2026-02-27 02:27:27]   Learning Rate: 1.539284e-05
[2026-02-27 02:27:27]   Epoch Time: 309.29s
[2026-02-27 02:27:27]   Total Time: 19.60h
[2026-02-27 02:27:27] 
================================================================================
[2026-02-27 02:27:27] Epoch 225/300
[2026-02-27 02:27:27] ================================================================================
[2026-02-27 02:32:35] 
Epoch 225 Summary:
[2026-02-27 02:32:35]   Training Loss: 0.166432
[2026-02-27 02:32:35]   Learning Rate: 1.501683e-05
[2026-02-27 02:32:35]   Epoch Time: 308.37s
[2026-02-27 02:32:35]   Total Time: 19.69h
[2026-02-27 02:32:35] 
================================================================================
[2026-02-27 02:32:35] Epoch 226/300
[2026-02-27 02:32:35] ================================================================================
[2026-02-27 02:37:44] 
Epoch 226 Summary:
[2026-02-27 02:37:44]   Training Loss: 0.179862
[2026-02-27 02:37:44]   Learning Rate: 1.464466e-05
[2026-02-27 02:37:44]   Epoch Time: 308.79s
[2026-02-27 02:37:44]   Total Time: 19.77h
[2026-02-27 02:37:44] 
================================================================================
[2026-02-27 02:37:44] Epoch 227/300
[2026-02-27 02:37:44] ================================================================================
[2026-02-27 02:42:53] 
Epoch 227 Summary:
[2026-02-27 02:42:53]   Training Loss: 0.172664
[2026-02-27 02:42:53]   Learning Rate: 1.427637e-05
[2026-02-27 02:42:53]   Epoch Time: 309.18s
[2026-02-27 02:42:53]   Total Time: 19.86h
[2026-02-27 02:42:53] 
================================================================================
[2026-02-27 02:42:53] Epoch 228/300
[2026-02-27 02:42:53] ================================================================================
[2026-02-27 02:48:02] 
Epoch 228 Summary:
[2026-02-27 02:48:02]   Training Loss: 0.175141
[2026-02-27 02:48:02]   Learning Rate: 1.391199e-05
[2026-02-27 02:48:02]   Epoch Time: 308.84s
[2026-02-27 02:48:02]   Total Time: 19.94h
[2026-02-27 02:48:02] 
================================================================================
[2026-02-27 02:48:02] Epoch 229/300
[2026-02-27 02:48:02] ================================================================================
[2026-02-27 02:53:11] 
Epoch 229 Summary:
[2026-02-27 02:53:11]   Training Loss: 0.183416
[2026-02-27 02:53:11]   Learning Rate: 1.355157e-05
[2026-02-27 02:53:11]   Epoch Time: 308.59s
[2026-02-27 02:53:11]   Total Time: 20.03h
[2026-02-27 02:53:11] 
================================================================================
[2026-02-27 02:53:11] Epoch 230/300
[2026-02-27 02:53:11] ================================================================================
[2026-02-27 02:58:20] 
Epoch 230 Summary:
[2026-02-27 02:58:20]   Training Loss: 0.168886
[2026-02-27 02:58:20]   Learning Rate: 1.319515e-05
[2026-02-27 02:58:20]   Epoch Time: 309.01s
[2026-02-27 02:58:20]   Total Time: 20.12h
[2026-02-27 02:59:39] 
────────────────────────────────────────────────────────────────────────────────
[2026-02-27 02:59:39] Validation Results:
[2026-02-27 02:59:39]   ET (Enhancing Tumor): 0.8740
[2026-02-27 02:59:39]   TC (Tumor Core):      0.8973
[2026-02-27 02:59:39]   WT (Whole Tumor):     0.9274
[2026-02-27 02:59:39]   Average Dice:         0.8996
[2026-02-27 02:59:39]   ✓ New best model! (↑ 0.0015)
[2026-02-27 02:59:39] ────────────────────────────────────────────────────────────────────────────────
[2026-02-27 02:59:39]   ✓ Saved best checkpoint (Epoch 230)
[2026-02-27 02:59:39] 
================================================================================
[2026-02-27 02:59:39] Epoch 231/300
[2026-02-27 02:59:39] ================================================================================
[2026-02-27 03:04:46] 
Epoch 231 Summary:
[2026-02-27 03:04:46]   Training Loss: 0.159632
[2026-02-27 03:04:46]   Learning Rate: 1.284276e-05
[2026-02-27 03:04:46]   Epoch Time: 306.82s
[2026-02-27 03:04:46]   Total Time: 20.22h
[2026-02-27 03:04:46] 
================================================================================
[2026-02-27 03:04:46] Epoch 232/300
[2026-02-27 03:04:46] ================================================================================
[2026-02-27 03:09:55] 
Epoch 232 Summary:
[2026-02-27 03:09:55]   Training Loss: 0.170527
[2026-02-27 03:09:55]   Learning Rate: 1.249445e-05
[2026-02-27 03:09:55]   Epoch Time: 308.78s
[2026-02-27 03:09:55]   Total Time: 20.31h
[2026-02-27 03:09:55] 
================================================================================
[2026-02-27 03:09:55] Epoch 233/300
[2026-02-27 03:09:55] ================================================================================
[2026-02-27 03:15:02] 
Epoch 233 Summary:
[2026-02-27 03:15:02]   Training Loss: 0.179511
[2026-02-27 03:15:02]   Learning Rate: 1.215025e-05
[2026-02-27 03:15:02]   Epoch Time: 307.59s
[2026-02-27 03:15:02]   Total Time: 20.39h
[2026-02-27 03:15:02] 
================================================================================
[2026-02-27 03:15:02] Epoch 234/300
[2026-02-27 03:15:02] ================================================================================
[2026-02-27 03:20:11] 
Epoch 234 Summary:
[2026-02-27 03:20:11]   Training Loss: 0.162091
[2026-02-27 03:20:11]   Learning Rate: 1.181020e-05
[2026-02-27 03:20:11]   Epoch Time: 309.04s
[2026-02-27 03:20:11]   Total Time: 20.48h
[2026-02-27 03:20:11] 
================================================================================
[2026-02-27 03:20:11] Epoch 235/300
[2026-02-27 03:20:11] ================================================================================
[2026-02-27 03:25:20] 
Epoch 235 Summary:
[2026-02-27 03:25:20]   Training Loss: 0.184358
[2026-02-27 03:25:20]   Learning Rate: 1.147434e-05
[2026-02-27 03:25:20]   Epoch Time: 308.18s
[2026-02-27 03:25:20]   Total Time: 20.57h
[2026-02-27 03:25:20] 
================================================================================
[2026-02-27 03:25:20] Epoch 236/300
[2026-02-27 03:25:20] ================================================================================
[2026-02-27 03:30:29] 
Epoch 236 Summary:
[2026-02-27 03:30:29]   Training Loss: 0.176739
[2026-02-27 03:30:29]   Learning Rate: 1.114270e-05
[2026-02-27 03:30:29]   Epoch Time: 309.54s
[2026-02-27 03:30:29]   Total Time: 20.65h
[2026-02-27 03:30:29] 
================================================================================
[2026-02-27 03:30:29] Epoch 237/300
[2026-02-27 03:30:29] ================================================================================
[2026-02-27 03:35:37] 
Epoch 237 Summary:
[2026-02-27 03:35:37]   Training Loss: 0.174221
[2026-02-27 03:35:37]   Learning Rate: 1.081533e-05
[2026-02-27 03:35:37]   Epoch Time: 308.00s
[2026-02-27 03:35:37]   Total Time: 20.74h
[2026-02-27 03:35:37] 
================================================================================
[2026-02-27 03:35:37] Epoch 238/300
[2026-02-27 03:35:37] ================================================================================
[2026-02-27 03:40:47] 
Epoch 238 Summary:
[2026-02-27 03:40:47]   Training Loss: 0.174392
[2026-02-27 03:40:47]   Learning Rate: 1.049225e-05
[2026-02-27 03:40:47]   Epoch Time: 309.67s
[2026-02-27 03:40:47]   Total Time: 20.82h
[2026-02-27 03:40:47] 
================================================================================
[2026-02-27 03:40:47] Epoch 239/300
[2026-02-27 03:40:47] ================================================================================
[2026-02-27 03:45:56] 
Epoch 239 Summary:
[2026-02-27 03:45:56]   Training Loss: 0.162536
[2026-02-27 03:45:56]   Learning Rate: 1.017350e-05
[2026-02-27 03:45:56]   Epoch Time: 309.43s
[2026-02-27 03:45:56]   Total Time: 20.91h
[2026-02-27 03:45:56] 
================================================================================
[2026-02-27 03:45:56] Epoch 240/300
[2026-02-27 03:45:56] ================================================================================
[2026-02-27 03:51:04] 
Epoch 240 Summary:
[2026-02-27 03:51:04]   Training Loss: 0.168729
[2026-02-27 03:51:04]   Learning Rate: 9.859126e-06
[2026-02-27 03:51:04]   Epoch Time: 307.94s
[2026-02-27 03:51:04]   Total Time: 21.00h
[2026-02-27 03:52:24] 
────────────────────────────────────────────────────────────────────────────────
[2026-02-27 03:52:24] Validation Results:
[2026-02-27 03:52:24]   ET (Enhancing Tumor): 0.8756
[2026-02-27 03:52:24]   TC (Tumor Core):      0.8975
[2026-02-27 03:52:24]   WT (Whole Tumor):     0.9275
[2026-02-27 03:52:24]   Average Dice:         0.9002
[2026-02-27 03:52:24]   ✓ New best model! (↑ 0.0006)
[2026-02-27 03:52:24] ────────────────────────────────────────────────────────────────────────────────
[2026-02-27 03:52:24]   ✓ Saved best checkpoint (Epoch 240)
[2026-02-27 03:52:24] 
================================================================================
[2026-02-27 03:52:24] Epoch 241/300
[2026-02-27 03:52:24] ================================================================================
[2026-02-27 03:57:33] 
Epoch 241 Summary:
[2026-02-27 03:57:33]   Training Loss: 0.168070
[2026-02-27 03:57:33]   Learning Rate: 9.549150e-06
[2026-02-27 03:57:33]   Epoch Time: 308.93s
[2026-02-27 03:57:33]   Total Time: 21.10h
[2026-02-27 03:57:33] 
================================================================================
[2026-02-27 03:57:33] Epoch 242/300
[2026-02-27 03:57:33] ================================================================================
[2026-02-27 04:02:42] 
Epoch 242 Summary:
[2026-02-27 04:02:42]   Training Loss: 0.172458
[2026-02-27 04:02:42]   Learning Rate: 9.243610e-06
[2026-02-27 04:02:42]   Epoch Time: 309.00s
[2026-02-27 04:02:42]   Total Time: 21.19h
[2026-02-27 04:02:42] 
================================================================================
[2026-02-27 04:02:42] Epoch 243/300
[2026-02-27 04:02:42] ================================================================================
[2026-02-27 04:07:50] 
Epoch 243 Summary:
[2026-02-27 04:07:50]   Training Loss: 0.167455
[2026-02-27 04:07:50]   Learning Rate: 8.942540e-06
[2026-02-27 04:07:50]   Epoch Time: 308.50s
[2026-02-27 04:07:50]   Total Time: 21.27h
[2026-02-27 04:07:50] 
================================================================================
[2026-02-27 04:07:50] Epoch 244/300
[2026-02-27 04:07:50] ================================================================================
[2026-02-27 04:12:59] 
Epoch 244 Summary:
[2026-02-27 04:12:59]   Training Loss: 0.159147
[2026-02-27 04:12:59]   Learning Rate: 8.645971e-06
[2026-02-27 04:12:59]   Epoch Time: 308.75s
[2026-02-27 04:12:59]   Total Time: 21.36h
[2026-02-27 04:12:59] 
================================================================================
[2026-02-27 04:12:59] Epoch 245/300
[2026-02-27 04:12:59] ================================================================================
[2026-02-27 04:18:09] 
Epoch 245 Summary:
[2026-02-27 04:18:09]   Training Loss: 0.173524
[2026-02-27 04:18:09]   Learning Rate: 8.353938e-06
[2026-02-27 04:18:09]   Epoch Time: 309.67s
[2026-02-27 04:18:09]   Total Time: 21.45h
[2026-02-27 04:18:09] 
================================================================================
[2026-02-27 04:18:09] Epoch 246/300
[2026-02-27 04:18:09] ================================================================================
[2026-02-27 04:23:18] 
Epoch 246 Summary:
[2026-02-27 04:23:18]   Training Loss: 0.164768
[2026-02-27 04:23:18]   Learning Rate: 8.066472e-06
[2026-02-27 04:23:18]   Epoch Time: 308.97s
[2026-02-27 04:23:18]   Total Time: 21.53h
[2026-02-27 04:23:18] 
================================================================================
[2026-02-27 04:23:18] Epoch 247/300
[2026-02-27 04:23:18] ================================================================================
[2026-02-27 04:28:26] 
Epoch 247 Summary:
[2026-02-27 04:28:26]   Training Loss: 0.168087
[2026-02-27 04:28:26]   Learning Rate: 7.783604e-06
[2026-02-27 04:28:26]   Epoch Time: 307.89s
[2026-02-27 04:28:26]   Total Time: 21.62h
[2026-02-27 04:28:26] 
================================================================================
[2026-02-27 04:28:26] Epoch 248/300
[2026-02-27 04:28:26] ================================================================================
[2026-02-27 04:33:35] 
Epoch 248 Summary:
[2026-02-27 04:33:35]   Training Loss: 0.170123
[2026-02-27 04:33:35]   Learning Rate: 7.505365e-06
[2026-02-27 04:33:35]   Epoch Time: 309.84s
[2026-02-27 04:33:35]   Total Time: 21.70h
[2026-02-27 04:33:35] 
================================================================================
[2026-02-27 04:33:35] Epoch 249/300
[2026-02-27 04:33:35] ================================================================================
[2026-02-27 04:38:44] 
Epoch 249 Summary:
[2026-02-27 04:38:44]   Training Loss: 0.179920
[2026-02-27 04:38:44]   Learning Rate: 7.231787e-06
[2026-02-27 04:38:44]   Epoch Time: 308.70s
[2026-02-27 04:38:44]   Total Time: 21.79h
[2026-02-27 04:38:44] 
================================================================================
[2026-02-27 04:38:44] Epoch 250/300
[2026-02-27 04:38:44] ================================================================================
[2026-02-27 04:43:52] 
Epoch 250 Summary:
[2026-02-27 04:43:52]   Training Loss: 0.166617
[2026-02-27 04:43:52]   Learning Rate: 6.962899e-06
[2026-02-27 04:43:52]   Epoch Time: 308.35s
[2026-02-27 04:43:52]   Total Time: 21.88h
[2026-02-27 04:45:12] 
────────────────────────────────────────────────────────────────────────────────
[2026-02-27 04:45:12] Validation Results:
[2026-02-27 04:45:12]   ET (Enhancing Tumor): 0.8759
[2026-02-27 04:45:12]   TC (Tumor Core):      0.8967
[2026-02-27 04:45:12]   WT (Whole Tumor):     0.9270
[2026-02-27 04:45:12]   Average Dice:         0.8999
[2026-02-27 04:45:12]   Best remains: 0.9002
[2026-02-27 04:45:12] ────────────────────────────────────────────────────────────────────────────────
[2026-02-27 04:45:12]   ✓ Saved epoch_250 checkpoint (Epoch 250)
[2026-02-27 04:45:12] 
================================================================================
[2026-02-27 04:45:12] Epoch 251/300
[2026-02-27 04:45:12] ================================================================================
[2026-02-27 04:50:21] 
Epoch 251 Summary:
[2026-02-27 04:50:21]   Training Loss: 0.165110
[2026-02-27 04:50:21]   Learning Rate: 6.698730e-06
[2026-02-27 04:50:21]   Epoch Time: 308.50s
[2026-02-27 04:50:21]   Total Time: 21.98h
[2026-02-27 04:50:21] 
================================================================================
[2026-02-27 04:50:21] Epoch 252/300
[2026-02-27 04:50:21] ================================================================================
[2026-02-27 04:55:30] 
Epoch 252 Summary:
[2026-02-27 04:55:30]   Training Loss: 0.164240
[2026-02-27 04:55:30]   Learning Rate: 6.439309e-06
[2026-02-27 04:55:30]   Epoch Time: 309.38s
[2026-02-27 04:55:30]   Total Time: 22.07h
[2026-02-27 04:55:30] 
================================================================================
[2026-02-27 04:55:30] Epoch 253/300
[2026-02-27 04:55:30] ================================================================================
[2026-02-27 05:00:37] 
Epoch 253 Summary:
[2026-02-27 05:00:37]   Training Loss: 0.160311
[2026-02-27 05:00:37]   Learning Rate: 6.184666e-06
[2026-02-27 05:00:37]   Epoch Time: 306.98s
[2026-02-27 05:00:37]   Total Time: 22.15h
[2026-02-27 05:00:37] 
================================================================================
[2026-02-27 05:00:37] Epoch 254/300
[2026-02-27 05:00:37] ================================================================================
[2026-02-27 05:05:45] 
Epoch 254 Summary:
[2026-02-27 05:05:45]   Training Loss: 0.167250
[2026-02-27 05:05:45]   Learning Rate: 5.934827e-06
[2026-02-27 05:05:45]   Epoch Time: 308.06s
[2026-02-27 05:05:45]   Total Time: 22.24h
[2026-02-27 05:05:45] 
================================================================================
[2026-02-27 05:05:45] Epoch 255/300
[2026-02-27 05:05:45] ================================================================================
[2026-02-27 05:10:55] 
Epoch 255 Summary:
[2026-02-27 05:10:55]   Training Loss: 0.175664
[2026-02-27 05:10:55]   Learning Rate: 5.689821e-06
[2026-02-27 05:10:55]   Epoch Time: 310.41s
[2026-02-27 05:10:55]   Total Time: 22.33h
[2026-02-27 05:10:55] 
================================================================================
[2026-02-27 05:10:55] Epoch 256/300
[2026-02-27 05:10:55] ================================================================================
[2026-02-27 05:16:03] 
Epoch 256 Summary:
[2026-02-27 05:16:03]   Training Loss: 0.164651
[2026-02-27 05:16:03]   Learning Rate: 5.449674e-06
[2026-02-27 05:16:03]   Epoch Time: 307.78s
[2026-02-27 05:16:03]   Total Time: 22.41h
[2026-02-27 05:16:03] 
================================================================================
[2026-02-27 05:16:03] Epoch 257/300
[2026-02-27 05:16:03] ================================================================================
[2026-02-27 05:21:12] 
Epoch 257 Summary:
[2026-02-27 05:21:12]   Training Loss: 0.181609
[2026-02-27 05:21:12]   Learning Rate: 5.214412e-06
[2026-02-27 05:21:12]   Epoch Time: 308.96s
[2026-02-27 05:21:12]   Total Time: 22.50h
[2026-02-27 05:21:12] 
================================================================================
[2026-02-27 05:21:12] Epoch 258/300
[2026-02-27 05:21:12] ================================================================================
[2026-02-27 05:26:21] 
Epoch 258 Summary:
[2026-02-27 05:26:21]   Training Loss: 0.176854
[2026-02-27 05:26:21]   Learning Rate: 4.984061e-06
[2026-02-27 05:26:21]   Epoch Time: 309.24s
[2026-02-27 05:26:21]   Total Time: 22.58h
[2026-02-27 05:26:21] 
================================================================================
[2026-02-27 05:26:21] Epoch 259/300
[2026-02-27 05:26:21] ================================================================================
[2026-02-27 05:31:31] 
Epoch 259 Summary:
[2026-02-27 05:31:31]   Training Loss: 0.174344
[2026-02-27 05:31:31]   Learning Rate: 4.758647e-06
[2026-02-27 05:31:31]   Epoch Time: 309.10s
[2026-02-27 05:31:31]   Total Time: 22.67h
[2026-02-27 05:31:31] 
================================================================================
[2026-02-27 05:31:31] Epoch 260/300
[2026-02-27 05:31:31] ================================================================================
[2026-02-27 05:36:40] 
Epoch 260 Summary:
[2026-02-27 05:36:40]   Training Loss: 0.162987
[2026-02-27 05:36:40]   Learning Rate: 4.538195e-06
[2026-02-27 05:36:40]   Epoch Time: 309.22s
[2026-02-27 05:36:40]   Total Time: 22.76h
[2026-02-27 05:38:00] 
────────────────────────────────────────────────────────────────────────────────
[2026-02-27 05:38:00] Validation Results:
[2026-02-27 05:38:00]   ET (Enhancing Tumor): 0.8756
[2026-02-27 05:38:00]   TC (Tumor Core):      0.8973
[2026-02-27 05:38:00]   WT (Whole Tumor):     0.9282
[2026-02-27 05:38:00]   Average Dice:         0.9004
[2026-02-27 05:38:00]   ✓ New best model! (↑ 0.0002)
[2026-02-27 05:38:00] ────────────────────────────────────────────────────────────────────────────────
[2026-02-27 05:38:00]   ✓ Saved best checkpoint (Epoch 260)
[2026-02-27 05:38:00] 
================================================================================
[2026-02-27 05:38:00] Epoch 261/300
[2026-02-27 05:38:00] ================================================================================
[2026-02-27 05:43:09] 
Epoch 261 Summary:
[2026-02-27 05:43:09]   Training Loss: 0.185921
[2026-02-27 05:43:09]   Learning Rate: 4.322727e-06
[2026-02-27 05:43:09]   Epoch Time: 309.26s
[2026-02-27 05:43:09]   Total Time: 22.86h
[2026-02-27 05:43:09] 
================================================================================
[2026-02-27 05:43:09] Epoch 262/300
[2026-02-27 05:43:09] ================================================================================
[2026-02-27 05:48:18] 
Epoch 262 Summary:
[2026-02-27 05:48:18]   Training Loss: 0.162014
[2026-02-27 05:48:18]   Learning Rate: 4.112269e-06
[2026-02-27 05:48:18]   Epoch Time: 308.87s
[2026-02-27 05:48:18]   Total Time: 22.95h
[2026-02-27 05:48:18] 
================================================================================
[2026-02-27 05:48:18] Epoch 263/300
[2026-02-27 05:48:18] ================================================================================
[2026-02-27 05:53:28] 
Epoch 263 Summary:
[2026-02-27 05:53:28]   Training Loss: 0.177266
[2026-02-27 05:53:28]   Learning Rate: 3.906842e-06
[2026-02-27 05:53:28]   Epoch Time: 309.79s
[2026-02-27 05:53:28]   Total Time: 23.04h
[2026-02-27 05:53:28] 
================================================================================
[2026-02-27 05:53:28] Epoch 264/300
[2026-02-27 05:53:28] ================================================================================
[2026-02-27 05:58:38] 
Epoch 264 Summary:
[2026-02-27 05:58:38]   Training Loss: 0.166696
[2026-02-27 05:58:38]   Learning Rate: 3.706471e-06
[2026-02-27 05:58:38]   Epoch Time: 310.70s
[2026-02-27 05:58:38]   Total Time: 23.12h
[2026-02-27 05:58:38] 
================================================================================
[2026-02-27 05:58:38] Epoch 265/300
[2026-02-27 05:58:38] ================================================================================
[2026-02-27 06:03:47] 
Epoch 265 Summary:
[2026-02-27 06:03:47]   Training Loss: 0.161693
[2026-02-27 06:03:47]   Learning Rate: 3.511176e-06
[2026-02-27 06:03:47]   Epoch Time: 308.37s
[2026-02-27 06:03:47]   Total Time: 23.21h
[2026-02-27 06:03:47] 
================================================================================
[2026-02-27 06:03:47] Epoch 266/300
[2026-02-27 06:03:47] ================================================================================
[2026-02-27 06:08:57] 
Epoch 266 Summary:
[2026-02-27 06:08:57]   Training Loss: 0.170590
[2026-02-27 06:08:57]   Learning Rate: 3.320979e-06
[2026-02-27 06:08:57]   Epoch Time: 309.83s
[2026-02-27 06:08:57]   Total Time: 23.29h
[2026-02-27 06:08:57] 
================================================================================
[2026-02-27 06:08:57] Epoch 267/300
[2026-02-27 06:08:57] ================================================================================
[2026-02-27 06:14:06] 
Epoch 267 Summary:
[2026-02-27 06:14:06]   Training Loss: 0.160933
[2026-02-27 06:14:06]   Learning Rate: 3.135901e-06
[2026-02-27 06:14:06]   Epoch Time: 309.15s
[2026-02-27 06:14:06]   Total Time: 23.38h
[2026-02-27 06:14:06] 
================================================================================
[2026-02-27 06:14:06] Epoch 268/300
[2026-02-27 06:14:06] ================================================================================
[2026-02-27 06:19:16] 
Epoch 268 Summary:
[2026-02-27 06:19:16]   Training Loss: 0.171175
[2026-02-27 06:19:16]   Learning Rate: 2.955962e-06
[2026-02-27 06:19:16]   Epoch Time: 309.86s
[2026-02-27 06:19:16]   Total Time: 23.47h
[2026-02-27 06:19:16] 
================================================================================
[2026-02-27 06:19:16] Epoch 269/300
[2026-02-27 06:19:16] ================================================================================
[2026-02-27 06:24:25] 
Epoch 269 Summary:
[2026-02-27 06:24:25]   Training Loss: 0.180271
[2026-02-27 06:24:25]   Learning Rate: 2.781181e-06
[2026-02-27 06:24:25]   Epoch Time: 309.42s
[2026-02-27 06:24:25]   Total Time: 23.55h
[2026-02-27 06:24:25] 
================================================================================
[2026-02-27 06:24:25] Epoch 270/300
[2026-02-27 06:24:25] ================================================================================
[2026-02-27 06:29:34] 
Epoch 270 Summary:
[2026-02-27 06:29:34]   Training Loss: 0.165437
[2026-02-27 06:29:34]   Learning Rate: 2.611579e-06
[2026-02-27 06:29:34]   Epoch Time: 309.20s
[2026-02-27 06:29:34]   Total Time: 23.64h
[2026-02-27 06:30:56] 
────────────────────────────────────────────────────────────────────────────────
[2026-02-27 06:30:56] Validation Results:
[2026-02-27 06:30:56]   ET (Enhancing Tumor): 0.8758
[2026-02-27 06:30:56]   TC (Tumor Core):      0.8987
[2026-02-27 06:30:56]   WT (Whole Tumor):     0.9275
[2026-02-27 06:30:56]   Average Dice:         0.9007
[2026-02-27 06:30:56]   ✓ New best model! (↑ 0.0003)
[2026-02-27 06:30:56] ────────────────────────────────────────────────────────────────────────────────
[2026-02-27 06:30:56]   ✓ Saved best checkpoint (Epoch 270)
[2026-02-27 06:30:56] 
================================================================================
[2026-02-27 06:30:56] Epoch 271/300
[2026-02-27 06:30:56] ================================================================================
[2026-02-27 06:36:06] 
Epoch 271 Summary:
[2026-02-27 06:36:06]   Training Loss: 0.165558
[2026-02-27 06:36:06]   Learning Rate: 2.447174e-06
[2026-02-27 06:36:06]   Epoch Time: 309.69s
[2026-02-27 06:36:06]   Total Time: 23.75h
[2026-02-27 06:36:06] 
================================================================================
[2026-02-27 06:36:06] Epoch 272/300
[2026-02-27 06:36:06] ================================================================================
[2026-02-27 06:41:16] 
Epoch 272 Summary:
[2026-02-27 06:41:16]   Training Loss: 0.162952
[2026-02-27 06:41:16]   Learning Rate: 2.287984e-06
[2026-02-27 06:41:16]   Epoch Time: 310.13s
[2026-02-27 06:41:16]   Total Time: 23.83h
[2026-02-27 06:41:16] 
================================================================================
[2026-02-27 06:41:16] Epoch 273/300
[2026-02-27 06:41:16] ================================================================================
[2026-02-27 06:46:25] 
Epoch 273 Summary:
[2026-02-27 06:46:25]   Training Loss: 0.170273
[2026-02-27 06:46:25]   Learning Rate: 2.134025e-06
[2026-02-27 06:46:25]   Epoch Time: 309.03s
[2026-02-27 06:46:25]   Total Time: 23.92h
[2026-02-27 06:46:25] 
================================================================================
[2026-02-27 06:46:25] Epoch 274/300
[2026-02-27 06:46:25] ================================================================================
[2026-02-27 06:51:34] 
Epoch 274 Summary:
[2026-02-27 06:51:34]   Training Loss: 0.166778
[2026-02-27 06:51:34]   Learning Rate: 1.985316e-06
[2026-02-27 06:51:34]   Epoch Time: 309.31s
[2026-02-27 06:51:34]   Total Time: 24.00h
[2026-02-27 06:51:34] 
================================================================================
[2026-02-27 06:51:34] Epoch 275/300
[2026-02-27 06:51:34] ================================================================================
[2026-02-27 06:56:42] 
Epoch 275 Summary:
[2026-02-27 06:56:42]   Training Loss: 0.178773
[2026-02-27 06:56:42]   Learning Rate: 1.841872e-06
[2026-02-27 06:56:42]   Epoch Time: 307.78s
[2026-02-27 06:56:42]   Total Time: 24.09h
[2026-02-27 06:56:42] 
================================================================================
[2026-02-27 06:56:42] Epoch 276/300
[2026-02-27 06:56:42] ================================================================================
[2026-02-27 07:01:51] 
Epoch 276 Summary:
[2026-02-27 07:01:51]   Training Loss: 0.153388
[2026-02-27 07:01:51]   Learning Rate: 1.703709e-06
[2026-02-27 07:01:51]   Epoch Time: 309.05s
[2026-02-27 07:01:51]   Total Time: 24.18h
[2026-02-27 07:01:51] 
================================================================================
[2026-02-27 07:01:51] Epoch 277/300
[2026-02-27 07:01:51] ================================================================================
[2026-02-27 07:07:01] 
Epoch 277 Summary:
[2026-02-27 07:07:01]   Training Loss: 0.167374
[2026-02-27 07:07:01]   Learning Rate: 1.570842e-06
[2026-02-27 07:07:01]   Epoch Time: 310.36s
[2026-02-27 07:07:01]   Total Time: 24.26h
[2026-02-27 07:07:01] 
================================================================================
[2026-02-27 07:07:01] Epoch 278/300
[2026-02-27 07:07:01] ================================================================================
[2026-02-27 07:12:10] 
Epoch 278 Summary:
[2026-02-27 07:12:10]   Training Loss: 0.174698
[2026-02-27 07:12:10]   Learning Rate: 1.443286e-06
[2026-02-27 07:12:10]   Epoch Time: 308.78s
[2026-02-27 07:12:10]   Total Time: 24.35h
[2026-02-27 07:12:10] 
================================================================================
[2026-02-27 07:12:10] Epoch 279/300
[2026-02-27 07:12:10] ================================================================================
[2026-02-27 07:17:19] 
Epoch 279 Summary:
[2026-02-27 07:17:19]   Training Loss: 0.167236
[2026-02-27 07:17:19]   Learning Rate: 1.321055e-06
[2026-02-27 07:17:19]   Epoch Time: 308.69s
[2026-02-27 07:17:19]   Total Time: 24.43h
[2026-02-27 07:17:19] 
================================================================================
[2026-02-27 07:17:19] Epoch 280/300
[2026-02-27 07:17:19] ================================================================================
[2026-02-27 07:22:27] 
Epoch 280 Summary:
[2026-02-27 07:22:27]   Training Loss: 0.172188
[2026-02-27 07:22:27]   Learning Rate: 1.204162e-06
[2026-02-27 07:22:27]   Epoch Time: 308.23s
[2026-02-27 07:22:27]   Total Time: 24.52h
[2026-02-27 07:23:49] 
────────────────────────────────────────────────────────────────────────────────
[2026-02-27 07:23:49] Validation Results:
[2026-02-27 07:23:49]   ET (Enhancing Tumor): 0.8761
[2026-02-27 07:23:49]   TC (Tumor Core):      0.8980
[2026-02-27 07:23:49]   WT (Whole Tumor):     0.9277
[2026-02-27 07:23:49]   Average Dice:         0.9006
[2026-02-27 07:23:49]   Best remains: 0.9007
[2026-02-27 07:23:49] ────────────────────────────────────────────────────────────────────────────────
[2026-02-27 07:23:49] 
================================================================================
[2026-02-27 07:23:49] Epoch 281/300
[2026-02-27 07:23:49] ================================================================================
[2026-02-27 07:28:55] 
Epoch 281 Summary:
[2026-02-27 07:28:55]   Training Loss: 0.173121
[2026-02-27 07:28:55]   Learning Rate: 1.092620e-06
[2026-02-27 07:28:55]   Epoch Time: 306.65s
[2026-02-27 07:28:55]   Total Time: 24.63h
[2026-02-27 07:28:55] 
================================================================================
[2026-02-27 07:28:55] Epoch 282/300
[2026-02-27 07:28:55] ================================================================================
[2026-02-27 07:34:05] 
Epoch 282 Summary:
[2026-02-27 07:34:05]   Training Loss: 0.179118
[2026-02-27 07:34:05]   Learning Rate: 9.864413e-07
[2026-02-27 07:34:05]   Epoch Time: 310.24s
[2026-02-27 07:34:05]   Total Time: 24.71h
[2026-02-27 07:34:05] 
================================================================================
[2026-02-27 07:34:05] Epoch 283/300
[2026-02-27 07:34:05] ================================================================================
[2026-02-27 07:39:14] 
Epoch 283 Summary:
[2026-02-27 07:39:14]   Training Loss: 0.177905
[2026-02-27 07:39:14]   Learning Rate: 8.856375e-07
[2026-02-27 07:39:14]   Epoch Time: 308.56s
[2026-02-27 07:39:14]   Total Time: 24.80h
[2026-02-27 07:39:14] 
================================================================================
[2026-02-27 07:39:14] Epoch 284/300
[2026-02-27 07:39:14] ================================================================================
[2026-02-27 07:44:25] 
Epoch 284 Summary:
[2026-02-27 07:44:25]   Training Loss: 0.181274
[2026-02-27 07:44:25]   Learning Rate: 7.902196e-07
[2026-02-27 07:44:25]   Epoch Time: 310.70s
[2026-02-27 07:44:25]   Total Time: 24.88h
[2026-02-27 07:44:25] 
================================================================================
[2026-02-27 07:44:25] Epoch 285/300
[2026-02-27 07:44:25] ================================================================================
[2026-02-27 07:49:34] 
Epoch 285 Summary:
[2026-02-27 07:49:34]   Training Loss: 0.168693
[2026-02-27 07:49:34]   Learning Rate: 7.001981e-07
[2026-02-27 07:49:34]   Epoch Time: 308.75s
[2026-02-27 07:49:34]   Total Time: 24.97h
[2026-02-27 07:49:34] 
================================================================================
[2026-02-27 07:49:34] Epoch 286/300
[2026-02-27 07:49:34] ================================================================================
[2026-02-27 07:54:41] 
Epoch 286 Summary:
[2026-02-27 07:54:41]   Training Loss: 0.166121
[2026-02-27 07:54:41]   Learning Rate: 6.155830e-07
[2026-02-27 07:54:41]   Epoch Time: 307.91s
[2026-02-27 07:54:41]   Total Time: 25.06h
[2026-02-27 07:54:41] 
================================================================================
[2026-02-27 07:54:41] Epoch 287/300
[2026-02-27 07:54:41] ================================================================================
[2026-02-27 07:59:51] 
Epoch 287 Summary:
[2026-02-27 07:59:51]   Training Loss: 0.159162
[2026-02-27 07:59:51]   Learning Rate: 5.363834e-07
[2026-02-27 07:59:51]   Epoch Time: 309.51s
[2026-02-27 07:59:51]   Total Time: 25.14h
[2026-02-27 07:59:51] 
================================================================================
[2026-02-27 07:59:51] Epoch 288/300
[2026-02-27 07:59:51] ================================================================================
[2026-02-27 08:05:00] 
Epoch 288 Summary:
[2026-02-27 08:05:00]   Training Loss: 0.167018
[2026-02-27 08:05:00]   Learning Rate: 4.626080e-07
[2026-02-27 08:05:00]   Epoch Time: 309.12s
[2026-02-27 08:05:00]   Total Time: 25.23h
[2026-02-27 08:05:00] 
================================================================================
[2026-02-27 08:05:00] Epoch 289/300
[2026-02-27 08:05:00] ================================================================================
[2026-02-27 08:10:09] 
Epoch 289 Summary:
[2026-02-27 08:10:09]   Training Loss: 0.168176
[2026-02-27 08:10:09]   Learning Rate: 3.942649e-07
[2026-02-27 08:10:09]   Epoch Time: 309.23s
[2026-02-27 08:10:09]   Total Time: 25.31h
[2026-02-27 08:10:09] 
================================================================================
[2026-02-27 08:10:09] Epoch 290/300
[2026-02-27 08:10:09] ================================================================================
[2026-02-27 08:15:18] 
Epoch 290 Summary:
[2026-02-27 08:15:18]   Training Loss: 0.173159
[2026-02-27 08:15:18]   Learning Rate: 3.313617e-07
[2026-02-27 08:15:18]   Epoch Time: 308.75s
[2026-02-27 08:15:18]   Total Time: 25.40h
[2026-02-27 08:16:39] 
────────────────────────────────────────────────────────────────────────────────
[2026-02-27 08:16:39] Validation Results:
[2026-02-27 08:16:39]   ET (Enhancing Tumor): 0.8758
[2026-02-27 08:16:39]   TC (Tumor Core):      0.8975
[2026-02-27 08:16:39]   WT (Whole Tumor):     0.9279
[2026-02-27 08:16:39]   Average Dice:         0.9004
[2026-02-27 08:16:39]   Best remains: 0.9007
[2026-02-27 08:16:39] ────────────────────────────────────────────────────────────────────────────────
[2026-02-27 08:16:39] 
================================================================================
[2026-02-27 08:16:39] Epoch 291/300
[2026-02-27 08:16:39] ================================================================================
[2026-02-27 08:21:46] 
Epoch 291 Summary:
[2026-02-27 08:21:46]   Training Loss: 0.166495
[2026-02-27 08:21:46]   Learning Rate: 2.739052e-07
[2026-02-27 08:21:46]   Epoch Time: 307.00s
[2026-02-27 08:21:46]   Total Time: 25.51h
[2026-02-27 08:21:46] 
================================================================================
[2026-02-27 08:21:46] Epoch 292/300
[2026-02-27 08:21:46] ================================================================================
[2026-02-27 08:26:56] 
Epoch 292 Summary:
[2026-02-27 08:26:56]   Training Loss: 0.196473
[2026-02-27 08:26:56]   Learning Rate: 2.219018e-07
[2026-02-27 08:26:56]   Epoch Time: 309.03s
[2026-02-27 08:26:56]   Total Time: 25.59h
[2026-02-27 08:26:56] 
================================================================================
[2026-02-27 08:26:56] Epoch 293/300
[2026-02-27 08:26:56] ================================================================================
[2026-02-27 08:32:05] 
Epoch 293 Summary:
[2026-02-27 08:32:05]   Training Loss: 0.166643
[2026-02-27 08:32:05]   Learning Rate: 1.753570e-07
[2026-02-27 08:32:05]   Epoch Time: 309.35s
[2026-02-27 08:32:05]   Total Time: 25.68h
[2026-02-27 08:32:05] 
================================================================================
[2026-02-27 08:32:05] Epoch 294/300
[2026-02-27 08:32:05] ================================================================================
[2026-02-27 08:37:15] 
Epoch 294 Summary:
[2026-02-27 08:37:15]   Training Loss: 0.164034
[2026-02-27 08:37:15]   Learning Rate: 1.342761e-07
[2026-02-27 08:37:15]   Epoch Time: 309.86s
[2026-02-27 08:37:15]   Total Time: 25.77h
[2026-02-27 08:37:15] 
================================================================================
[2026-02-27 08:37:15] Epoch 295/300
[2026-02-27 08:37:15] ================================================================================
[2026-02-27 08:42:24] 
Epoch 295 Summary:
[2026-02-27 08:42:24]   Training Loss: 0.165362
[2026-02-27 08:42:24]   Learning Rate: 9.866358e-08
[2026-02-27 08:42:24]   Epoch Time: 308.80s
[2026-02-27 08:42:24]   Total Time: 25.85h
[2026-02-27 08:42:24] 
================================================================================
[2026-02-27 08:42:24] Epoch 296/300
[2026-02-27 08:42:24] ================================================================================
[2026-02-27 08:47:34] 
Epoch 296 Summary:
[2026-02-27 08:47:34]   Training Loss: 0.159647
[2026-02-27 08:47:34]   Learning Rate: 6.852326e-08
[2026-02-27 08:47:34]   Epoch Time: 310.75s
[2026-02-27 08:47:34]   Total Time: 25.94h
[2026-02-27 08:47:34] 
================================================================================
[2026-02-27 08:47:34] Epoch 297/300
[2026-02-27 08:47:34] ================================================================================
[2026-02-27 08:52:44] 
Epoch 297 Summary:
[2026-02-27 08:52:44]   Training Loss: 0.158944
[2026-02-27 08:52:44]   Learning Rate: 4.385850e-08
[2026-02-27 08:52:44]   Epoch Time: 309.67s
[2026-02-27 08:52:44]   Total Time: 26.02h
[2026-02-27 08:52:44] 
================================================================================
[2026-02-27 08:52:44] Epoch 298/300
[2026-02-27 08:52:44] ================================================================================
[2026-02-27 08:57:54] 
Epoch 298 Summary:
[2026-02-27 08:57:54]   Training Loss: 0.174882
[2026-02-27 08:57:54]   Learning Rate: 2.467198e-08
[2026-02-27 08:57:54]   Epoch Time: 309.89s
[2026-02-27 08:57:54]   Total Time: 26.11h
[2026-02-27 08:57:54] 
================================================================================
[2026-02-27 08:57:54] Epoch 299/300
[2026-02-27 08:57:54] ================================================================================
[2026-02-27 09:03:03] 
Epoch 299 Summary:
[2026-02-27 09:03:03]   Training Loss: 0.161378
[2026-02-27 09:03:03]   Learning Rate: 1.096583e-08
[2026-02-27 09:03:03]   Epoch Time: 309.06s
[2026-02-27 09:03:03]   Total Time: 26.20h
[2026-02-27 09:03:03] 
================================================================================
[2026-02-27 09:03:03] Epoch 300/300
[2026-02-27 09:03:03] ================================================================================
[2026-02-27 09:08:12] 
Epoch 300 Summary:
[2026-02-27 09:08:12]   Training Loss: 0.172652
[2026-02-27 09:08:12]   Learning Rate: 2.741532e-09
[2026-02-27 09:08:12]   Epoch Time: 308.55s
[2026-02-27 09:08:12]   Total Time: 26.28h
[2026-02-27 09:09:33] 
────────────────────────────────────────────────────────────────────────────────
[2026-02-27 09:09:33] Validation Results:
[2026-02-27 09:09:33]   ET (Enhancing Tumor): 0.8758
[2026-02-27 09:09:33]   TC (Tumor Core):      0.8975
[2026-02-27 09:09:33]   WT (Whole Tumor):     0.9279
[2026-02-27 09:09:33]   Average Dice:         0.9004
[2026-02-27 09:09:33]   Best remains: 0.9007
[2026-02-27 09:09:33] ────────────────────────────────────────────────────────────────────────────────
[2026-02-27 09:09:33]   ✓ Saved epoch_300 checkpoint (Epoch 300)
[2026-02-27 09:09:33] 
================================================================================
[2026-02-27 09:09:33] Training Complete!
[2026-02-27 09:09:33] ================================================================================
[2026-02-27 09:09:33] Total Training Time: 26.30 hours
[2026-02-27 09:09:33] Best Average Dice: 0.9007
[2026-02-27 09:09:33] Total Epochs: 300
[2026-02-27 09:09:33] Best Model: ./checkpoints_unet/best_model.pth
[2026-02-27 09:09:33] Logs: ./logs_unet/training_20260226_065121.log
[2026-02-27 09:09:33] TensorBoard: ./logs_unet/tensorboard
[2026-02-27 09:09:33] ================================================================================
[2026-02-27 09:09:33] Training summary saved: ./logs_unet/training_summary.json
